{"ref": {"min": 126.1637954711914, "max": 301.64459228515625, "mean": 240.25741727417773}, "ref_regrid": {"min": 126.1637954711914, "max": 301.64459228515625, "mean": 240.25741727417773, "std": 29.76058719445097}, "test": {"min": 121.16664123535156, "max": 292.5031433105469, "mean": 235.8434236002741}, "test_regrid": {"min": 121.16664123535156, "max": 292.5031433105469, "mean": 235.8434236002741, "std": 30.325921054317387}, "diff": {"min": -30.993576049804688, "max": 39.393157958984375, "mean": -4.413993673903621}, "misc": {"rmse": 8.802690853704357, "corr": 0.968042479964843}, "unit": "W/m2"}