{"ref": {"min": -176.85096740722656, "max": 42.153968811035156, "mean": -49.667040449068345}, "ref_regrid": {"min": -176.85096740722656, "max": 42.153968811035156, "mean": -49.667040449068345, "std": 37.36896785750595}, "test": {"min": -175.36671447753906, "max": 4.006317976745777e-05, "mean": -53.17594321319783}, "test_regrid": {"min": -175.36671447753906, "max": 4.006317976745777e-05, "mean": -53.17594321319783, "std": 37.79371767017541}, "diff": {"min": -126.59276580810547, "max": 100.4552001953125, "mean": -3.5089027641954775}, "misc": {"rmse": 15.224184497750102, "corr": 0.922367383933878}, "unit": "W/m2"}