{"ref": {"min": 99.73822021484375, "max": 335.9039001464844, "mean": 243.9147205782018}, "ref_regrid": {"min": 99.73822021484375, "max": 335.9039001464844, "mean": 243.9147205782018, "std": 35.424701517045335}, "test": {"min": 98.4404067993164, "max": 322.0716552734375, "mean": 238.0521115317323}, "test_regrid": {"min": 98.4404067993164, "max": 322.0716552734375, "mean": 238.0521115317323, "std": 35.6706723129915}, "diff": {"min": -52.92762756347656, "max": 53.32112121582031, "mean": -5.862609046469552}, "misc": {"rmse": 11.775999233246859, "corr": 0.9587521442936071}, "unit": "W/m2"}