{"ref": {"min": 0.0, "max": 486.39013671875, "mean": 350.51360461614206}, "ref_regrid": {"min": 0.0, "max": 486.39013671875, "mean": 350.51360461614206, "std": 146.72956354270457}, "test": {"min": 0.0, "max": 486.05078125, "mean": 350.634981698546}, "test_regrid": {"min": 0.0, "max": 486.05078125, "mean": 350.634981698546, "std": 146.41212314681786}, "diff": {"min": -2.15191650390625, "max": 2.1924285888671875, "mean": 0.12137708240398298}, "misc": {"rmse": 0.7274038738561929, "corr": 0.9999903741667846}, "unit": "W/m2"}