{"ref": {"min": 126.93910217285156, "max": 332.1239013671875, "mean": 268.24889220832557}, "ref_regrid": {"min": 126.93910217285156, "max": 332.1239013671875, "mean": 268.24889220832557, "std": 31.26283444515209}, "test": {"min": 120.53658294677734, "max": 300.0919494628906, "mean": 260.7291324448094}, "test_regrid": {"min": 120.53658294677734, "max": 300.0919494628906, "mean": 260.7291324448094, "std": 29.654986860372425}, "diff": {"min": -44.97198486328125, "max": 12.704879760742188, "mean": -7.519759763516177}, "misc": {"rmse": 8.96871887322305, "corr": 0.9885093397869967}, "unit": "W/m2"}