{"ref": {"min": -132.922119140625, "max": 59.798248291015625, "mean": -21.78430684638192}, "ref_regrid": {"min": -132.922119140625, "max": 59.798248291015625, "mean": -21.78430684638192, "std": 33.23723553082546}, "test": {"min": -140.00616455078125, "max": 44.62135314941406, "mean": -29.11280852075765}, "test_regrid": {"min": -140.00616455078125, "max": 44.62135314941406, "mean": -29.11280852075765, "std": 32.83799181170689}, "diff": {"min": -124.39474487304688, "max": 89.16252136230469, "mean": -7.328501676316317}, "misc": {"rmse": 15.47555262625659, "corr": 0.9149629380243202}, "unit": "W/m2"}