{"ref": {"min": -0.15230987966060638, "max": 409.183349609375, "mean": 236.31210871140001}, "ref_regrid": {"min": -0.15230987966060638, "max": 409.183349609375, "mean": 236.31210871140001, "std": 107.84242642760584}, "test": {"min": 0.0, "max": 408.6015930175781, "mean": 232.01654354587612}, "test_regrid": {"min": 0.0, "max": 408.6015930175781, "mean": 232.01654354587612, "std": 109.39961115652835}, "diff": {"min": -94.41307067871094, "max": 106.94880676269531, "mean": -4.295565165524337}, "misc": {"rmse": 18.41823372897356, "corr": 0.9865080175391269}, "unit": "W/m2"}