{"ref": {"min": -193.10244750976562, "max": 146.47219848632812, "mean": 7.884912966126173}, "ref_regrid": {"min": -193.10244750976562, "max": 146.47219848632812, "mean": 7.884912966126173, "std": 95.89425584596984}, "test": {"min": -189.75064086914062, "max": 155.88302612304688, "mean": 8.8758119150413}, "test_regrid": {"min": -189.75064086914062, "max": 155.88302612304688, "mean": 8.8758119150413, "std": 98.19293136577879}, "diff": {"min": -74.42854309082031, "max": 123.75383758544922, "mean": 0.990898948577418}, "misc": {"rmse": 13.30811032614491, "corr": 0.9909283397948456}, "unit": "W/m2"}