{"ref": {"min": 145.77117919921875, "max": 304.510009765625, "mean": 237.39541083722}, "ref_regrid": {"min": 145.77117919921875, "max": 304.510009765625, "mean": 237.39541083722, "std": 32.83669883140607}, "test": {"min": 149.7428741455078, "max": 303.1637268066406, "mean": 234.50157223778137}, "test_regrid": {"min": 149.7428741455078, "max": 303.1637268066406, "mean": 234.50157223778137, "std": 32.89911352319036}, "diff": {"min": -46.08473205566406, "max": 47.80107116699219, "mean": -2.8938385994385833}, "misc": {"rmse": 10.607801937808023, "corr": 0.9517969869117899}, "unit": "W/m2"}