{"ref": {"min": -76.3602294921875, "max": 59.115272521972656, "mean": -17.814285284531756}, "ref_regrid": {"min": -76.3602294921875, "max": 59.115272521972656, "mean": -17.814285284531756, "std": 15.115475529687322}, "test": {"min": -73.72124481201172, "max": 12.853448867797852, "mean": -25.665871195582913}, "test_regrid": {"min": -73.72124481201172, "max": 12.853448867797852, "mean": -25.665871195582913, "std": 15.661985516827299}, "diff": {"min": -65.35485076904297, "max": 76.01365661621094, "mean": -7.851585910642925}, "misc": {"rmse": 13.542382376806453, "corr": 0.7434930981397774}, "unit": "W/m2"}