{"ref": {"min": 98.65792083740234, "max": 344.20245361328125, "mean": 271.74744662745377}, "ref_regrid": {"min": 98.65792083740234, "max": 344.20245361328125, "mean": 271.74744662745377, "std": 33.21357855381375}, "test": {"min": 97.43236541748047, "max": 326.75775146484375, "mean": 263.4576434086133}, "test_regrid": {"min": 97.43236541748047, "max": 326.75775146484375, "mean": 263.4576434086133, "std": 31.81632538546472}, "diff": {"min": -41.9521484375, "max": 19.38959503173828, "mean": -8.289803218840415}, "misc": {"rmse": 9.694377594814817, "corr": 0.9889717735530303}, "unit": "W/m2"}