{"ref": {"min": -124.27088165283203, "max": 34.19392013549805, "mean": -45.80564174447135}, "ref_regrid": {"min": -124.27088165283203, "max": 34.19392013549805, "mean": -45.80564174447135, "std": 20.575748637162082}, "test": {"min": -115.10005187988281, "max": -0.3007325232028961, "mean": -50.551580020913676}, "test_regrid": {"min": -115.10005187988281, "max": -0.3007325232028961, "mean": -50.551580020913676, "std": 21.73177099526134}, "diff": {"min": -63.01350402832031, "max": 81.03394317626953, "mean": -4.745938277220771}, "misc": {"rmse": 13.230909982314852, "corr": 0.8309319905388429}, "unit": "W/m2"}