{"ref": {"min": 0.08294191211462021, "max": 8.338491439819336, "mean": 0.2121260363830575}, "ref_regrid": {"min": 0.08294191211462021, "max": 8.338491439819336, "mean": 0.2121260363830575, "std": 0.27812916632614465}, "test": {"min": 0.08449625223875046, "max": 0.7143515944480896, "mean": 0.19166648572160183}, "test_regrid": {"min": 0.08449625223875046, "max": 0.7143515944480896, "mean": 0.19166648572160183, "std": 0.1486494915681479}, "diff": {"min": -7.811451435089111, "max": 0.4323287606239319, "mean": -0.02067100244097334}, "misc": {"rmse": 0.21148456222118475, "corr": 0.6672095258338845}, "unit": "dimensionless"}