{"ref": {"min": 49.05219268798828, "max": 362.5442810058594, "mean": 241.1168934820503}, "ref_regrid": {"min": 49.05219268798828, "max": 362.5442810058594, "mean": 241.1168934820503, "std": 80.14568766836074}, "test": {"min": 47.7203483581543, "max": 363.4049072265625, "mean": 237.70454594757652}, "test_regrid": {"min": 47.7203483581543, "max": 363.4049072265625, "mean": 237.70454594757652, "std": 79.93771773563161}, "diff": {"min": -72.91427612304688, "max": 79.7840576171875, "mean": -3.4123475344737844}, "misc": {"rmse": 12.319262021059133, "corr": 0.9890678780792261}, "unit": "W/m2"}