{"ref": {"min": -6.715750694274902, "max": 93.50761413574219, "mean": 27.83262639349167}, "ref_regrid": {"min": -6.715750694274902, "max": 93.50761413574219, "mean": 27.83262639349167, "std": 15.549879350947544}, "test": {"min": -2.1013755798339844, "max": 101.15950775146484, "mean": 25.40553192876821}, "test_regrid": {"min": -2.1013755798339844, "max": 101.15950775146484, "mean": 25.40553192876821, "std": 15.608956141458805}, "diff": {"min": -52.598365783691406, "max": 41.25398635864258, "mean": -2.4270944649662747}, "misc": {"rmse": 8.268268237747515, "corr": 0.8713112743704796}, "unit": "W/m2"}