{"ref": {"min": -1.9038842916488647, "max": 79.1130142211914, "mean": 27.991356462676787}, "ref_regrid": {"min": -1.9038842916488647, "max": 79.1130142211914, "mean": 27.991356462676787, "std": 12.282209498135868}, "test": {"min": -0.85126131772995, "max": 77.87348175048828, "mean": 24.885708821211317}, "test_regrid": {"min": -0.85126131772995, "max": 77.87348175048828, "mean": 24.885708821211317, "std": 10.740274048134289}, "diff": {"min": -43.75883865356445, "max": 23.024620056152344, "mean": -3.1056476408242975}, "misc": {"rmse": 6.987808882033409, "corr": 0.860489493298161}, "unit": "W/m2"}