{"ref": {"min": -4.347637176513672, "max": 415.4308166503906, "mean": 280.2427287579887}, "ref_regrid": {"min": -4.347637176513672, "max": 415.4308166503906, "mean": 280.2427287579887, "std": 122.50587701288715}, "test": {"min": 0.0, "max": 417.67059326171875, "mean": 281.97740086230414}, "test_regrid": {"min": 0.0, "max": 417.67059326171875, "mean": 281.97740086230414, "std": 123.81456329006501}, "diff": {"min": -100.25350952148438, "max": 164.35275268554688, "mean": 1.734672104297881}, "misc": {"rmse": 8.904620193323387, "corr": 0.9975418488765023}, "unit": "W/m2"}