{"ref": {"min": 0.12755800783634186, "max": 0.7224417328834534, "mean": 0.31406019694727944}, "ref_regrid": {"min": 0.12755800783634186, "max": 0.7224417328834534, "mean": 0.31406019694727944, "std": 0.12039986244692649}, "test": {"min": 0.12044936418533325, "max": 0.7245157361030579, "mean": 0.32470536225162094}, "test_regrid": {"min": 0.12044936418533325, "max": 0.7245157361030579, "mean": 0.32470536225162094, "std": 0.11934819578694017}, "diff": {"min": -0.21102389693260193, "max": 0.20659545063972473, "mean": 0.010645165304505856}, "misc": {"rmse": 0.035997284164658395, "corr": 0.9588928497895894}, "unit": "dimensionless"}