{"ref": {"min": -0.15107586979866028, "max": 415.185302734375, "mean": 245.28030732386742}, "ref_regrid": {"min": -0.15107586979866028, "max": 415.185302734375, "mean": 245.28030732386742, "std": 117.22864848839924}, "test": {"min": 0.0, "max": 434.5711975097656, "mean": 243.2434465030744}, "test_regrid": {"min": 0.0, "max": 434.5711975097656, "mean": 243.2434465030744, "std": 118.89101770627305}, "diff": {"min": -100.72681427001953, "max": 121.83596801757812, "mean": -2.036860820792696}, "misc": {"rmse": 15.402125904393312, "corr": 0.9917376033650279}, "unit": "W/m2"}