{"ref": {"min": -4.309494972229004, "max": 93.4766616821289, "mean": 27.882733609040987}, "ref_regrid": {"min": -4.309494972229004, "max": 93.4766616821289, "mean": 27.882733609040987, "std": 16.045494644526254}, "test": {"min": -0.3815683424472809, "max": 105.00249481201172, "mean": 24.063134691303738}, "test_regrid": {"min": -0.3815683424472809, "max": 105.00249481201172, "mean": 24.063134691303738, "std": 14.203703201985089}, "diff": {"min": -53.80097579956055, "max": 38.933135986328125, "mean": -3.819598917792362}, "misc": {"rmse": 9.247443221281921, "corr": 0.8518383919140586}, "unit": "W/m2"}