{"ref": {"min": -127.19343566894531, "max": 100.08474731445312, "mean": 0.8594630195629299}, "ref_regrid": {"min": -127.19343566894531, "max": 100.08474731445312, "mean": 0.8594630195629299, "std": 56.02403924743504}, "test": {"min": -127.27694702148438, "max": 93.17353820800781, "mean": 1.9962371888536512}, "test_regrid": {"min": -127.27694702148438, "max": 93.17353820800781, "mean": 1.9962371888536512, "std": 54.171905722940046}, "diff": {"min": -49.79533004760742, "max": 75.2148208618164, "mean": 1.1367741688047848}, "misc": {"rmse": 10.202760808239756, "corr": 0.9836283364249039}, "unit": "W/m2"}