{"ref": {"min": 0.0, "max": 459.2165832519531, "mean": 330.3997880189802}, "ref_regrid": {"min": 0.0, "max": 459.2165832519531, "mean": 330.3997880189802, "std": 139.07810251594924}, "test": {"min": 0.0, "max": 460.18658447265625, "mean": 330.5314226201745}, "test_regrid": {"min": 0.0, "max": 460.18658447265625, "mean": 330.5314226201745, "std": 139.84367359055804}, "diff": {"min": -2.3612442016601562, "max": 3.900390625, "mean": 0.13163460119426956}, "misc": {"rmse": 1.1893416209627912, "corr": 0.9999791484261241}, "unit": "W/m2"}