{"ref": {"min": 142.25051879882812, "max": 336.6499328613281, "mean": 265.2781875684668}, "ref_regrid": {"min": 142.25051879882812, "max": 336.6499328613281, "mean": 265.2781875684668, "std": 34.7190598572546}, "test": {"min": 150.98532104492188, "max": 307.76068115234375, "mean": 258.56470689554203}, "test_regrid": {"min": 150.98532104492188, "max": 307.76068115234375, "mean": 258.56470689554203, "std": 31.705108123081796}, "diff": {"min": -42.89540100097656, "max": 21.756988525390625, "mean": -6.7134806729248035}, "misc": {"rmse": 9.53438322172759, "corr": 0.9833072831428121}, "unit": "W/m2"}