{"ref": {"min": 172.24713134765625, "max": 415.56085205078125, "mean": 340.27551793531586}, "ref_regrid": {"min": 172.24713134765625, "max": 415.56085205078125, "mean": 340.27551793531586, "std": 72.72895937792221}, "test": {"min": 171.412353515625, "max": 415.8894958496094, "mean": 340.4784045663767}, "test_regrid": {"min": 171.412353515625, "max": 415.8894958496094, "mean": 340.4784045663767, "std": 72.84704814838197}, "diff": {"min": -1.949554443359375, "max": 1.9785308837890625, "mean": 0.20288663106077495}, "misc": {"rmse": 0.6426303076533948, "corr": 0.999966226658701}, "unit": "W/m2"}