{"ref": {"min": 51.76494598388672, "max": 378.8291320800781, "mean": 286.92256316562}, "ref_regrid": {"min": 51.76494598388672, "max": 378.8291320800781, "mean": 286.92256316562, "std": 82.94531416909376}, "test": {"min": 49.036102294921875, "max": 379.3840026855469, "mean": 288.25612602874884}, "test_regrid": {"min": 49.036102294921875, "max": 379.3840026855469, "mean": 288.25612602874884, "std": 82.52977901562149}, "diff": {"min": -108.53482055664062, "max": 65.85989379882812, "mean": 1.3335628631288394}, "misc": {"rmse": 7.283878526082475, "corr": 0.9962673187412326}, "unit": "W/m2"}