{"ref": {"min": 0.08837821334600449, "max": 0.6994727849960327, "mean": 0.17471027018940963}, "ref_regrid": {"min": 0.08837821334600449, "max": 0.6994727849960327, "mean": 0.17471027018940963, "std": 0.12279853307304289}, "test": {"min": 0.08756359666585922, "max": 0.7211228609085083, "mean": 0.1703155429403375}, "test_regrid": {"min": 0.08756359666585922, "max": 0.7211228609085083, "mean": 0.1703155429403375, "std": 0.11843441171642351}, "diff": {"min": -0.29016605019569397, "max": 0.3075287342071533, "mean": -0.004394727249370352}, "misc": {"rmse": 0.02796923063303364, "corr": 0.9744244856546477}, "unit": "dimensionless"}