{"ref": {"min": -120.05610656738281, "max": 80.21943664550781, "mean": -16.097968836393775}, "ref_regrid": {"min": -120.05610656738281, "max": 80.21943664550781, "mean": -16.097968836393775, "std": 26.80241971292048}, "test": {"min": -142.93898010253906, "max": 29.33934783935547, "mean": -24.555325340043197}, "test_regrid": {"min": -142.93898010253906, "max": 29.33934783935547, "mean": -24.555325340043197, "std": 30.15311851245516}, "diff": {"min": -146.076171875, "max": 93.30351257324219, "mean": -8.457356504550987}, "misc": {"rmse": 18.624174321548043, "corr": 0.8366038894534512}, "unit": "W/m2"}