{"ref": {"min": 0.003507174551486969, "max": 10.328566551208496, "mean": 0.2067794816515513}, "ref_regrid": {"min": 0.003507174551486969, "max": 10.328566551208496, "mean": 0.2067794816515513, "std": 0.3358306551587693}, "test": {"min": 0.08483648300170898, "max": 0.7137988209724426, "mean": 0.17883689085692187}, "test_regrid": {"min": 0.08483648300170898, "max": 0.7137988209724426, "mean": 0.17883689085692187, "std": 0.12736382662226312}, "diff": {"min": -9.702677726745605, "max": 0.6434045433998108, "mean": -0.02834715171067265}, "misc": {"rmse": 0.27144870818718825, "corr": 0.657382261516587}, "unit": "dimensionless"}