{"ref": {"min": -152.08224487304688, "max": 73.49495697021484, "mean": -43.930595230782345}, "ref_regrid": {"min": -152.08224487304688, "max": 73.49495697021484, "mean": -43.930595230782345, "std": 30.60247802679035}, "test": {"min": -169.77163696289062, "max": 5.931894406785432e-07, "mean": -49.9608572703702}, "test_regrid": {"min": -169.77163696289062, "max": 5.931894406785432e-07, "mean": -49.9608572703702, "std": 34.70071752563647}, "diff": {"min": -147.802001953125, "max": 103.95246887207031, "mean": -6.030262036945333}, "misc": {"rmse": 20.125547543373468, "corr": 0.8343211363083387}, "unit": "W/m2"}