{"ref": {"min": 0.10851918905973434, "max": 7.247519493103027, "mean": 0.32909137191365895}, "ref_regrid": {"min": 0.10851918905973434, "max": 7.247519493103027, "mean": 0.32909137191365895, "std": 0.23560703685767148}, "test": {"min": 0.1118970587849617, "max": 0.7282820343971252, "mean": 0.3346599776181759}, "test_regrid": {"min": 0.1118970587849617, "max": 0.7282820343971252, "mean": 0.3346599776181759, "std": 0.13329990541261083}, "diff": {"min": -6.639545917510986, "max": 0.26748716831207275, "mean": 0.005299296306353929}, "misc": {"rmse": 0.18560728156196402, "corr": 0.6187117692249112}, "unit": "dimensionless"}