{"ref": {"min": 0.11141232401132584, "max": 19.96424674987793, "mean": 0.3507748129842057}, "ref_regrid": {"min": 0.11141232401132584, "max": 19.96424674987793, "mean": 0.3507748129842057, "std": 0.4376144444721176}, "test": {"min": 0.10257860273122787, "max": 0.7175245881080627, "mean": 0.3433085266792322}, "test_regrid": {"min": 0.10257860273122787, "max": 0.7175245881080627, "mean": 0.3433085266792322, "std": 0.1400867216645659}, "diff": {"min": -19.44316291809082, "max": 0.3875178098678589, "mean": -0.007589176320814128}, "misc": {"rmse": 0.40847662477344016, "corr": 0.3616164057028509}, "unit": "dimensionless"}