{"ref": {"min": -180.31398010253906, "max": 133.68927001953125, "mean": -7.60265331368889}, "ref_regrid": {"min": -180.31398010253906, "max": 133.68927001953125, "mean": -7.60265331368889, "std": 86.71220219747805}, "test": {"min": -178.81585693359375, "max": 137.15472412109375, "mean": -5.908487257189809}, "test_regrid": {"min": -178.81585693359375, "max": 137.15472412109375, "mean": -5.908487257189809, "std": 87.87739258256825}, "diff": {"min": -79.66126251220703, "max": 100.49569702148438, "mean": 1.6941660556825917}, "misc": {"rmse": 15.010123071964447, "corr": 0.9854937860711228}, "unit": "W/m2"}