{"ref": {"min": -1.7665326595306396, "max": 442.4640808105469, "mean": 294.9473966094185}, "ref_regrid": {"min": -1.7665326595306396, "max": 442.4640808105469, "mean": 294.9473966094185, "std": 138.4451440956076}, "test": {"min": 0.0, "max": 442.0833740234375, "mean": 296.4193896793453}, "test_regrid": {"min": 0.0, "max": 442.0833740234375, "mean": 296.4193896793453, "std": 139.1458028163606}, "diff": {"min": -164.33493041992188, "max": 171.1368408203125, "mean": 1.4719930699210386}, "misc": {"rmse": 10.806689019226296, "corr": 0.9970378303644674}, "unit": "W/m2"}