{"ref": {"min": 0.7606920599937439, "max": 62.277034759521484, "mean": 18.088439121880047}, "ref_regrid": {"min": 0.7606920599937439, "max": 62.277034759521484, "mean": 18.088439121880047, "std": 9.677515430922757}, "test": {"min": 0.0, "max": 66.18122863769531, "mean": 14.672235513508337}, "test_regrid": {"min": 0.011834821663796902, "max": 64.87493133544922, "mean": 14.672931279590056, "std": 11.927450726630328}, "diff": {"min": -41.064029693603516, "max": 17.70998764038086, "mean": -3.5622137387807236}, "misc": {"rmse": 6.894292019981945, "corr": 0.8693701139335831}, "unit": "%"}