{"ref": {"min": 0.4039084017276764, "max": 74.4675064086914, "mean": 18.12065938956045}, "ref_regrid": {"min": 0.4039084017276764, "max": 74.4675064086914, "mean": 18.12065938956045, "std": 10.554710541046333}, "test": {"min": 0.0, "max": 78.3291015625, "mean": 13.67540841109439}, "test_regrid": {"min": 0.0, "max": 76.4983901977539, "mean": 13.676013439269758, "std": 12.243995535687642}, "diff": {"min": -52.904842376708984, "max": 27.748350143432617, "mean": -4.593561997163402}, "misc": {"rmse": 9.854310593468279, "corr": 0.7140031812392083}, "unit": "%"}