{"ref": {"min": 9.50092601776123, "max": 99.5058822631836, "mean": 67.21743513204451}, "ref_regrid": {"min": 9.50092601776123, "max": 99.5058822631836, "mean": 67.21743513204451, "std": 17.901178882238067}, "test": {"min": 2.753437042236328, "max": 99.92268371582031, "mean": 60.69186200016799}, "test_regrid": {"min": 3.3128488063812256, "max": 99.82698059082031, "mean": 60.692457540294164, "std": 22.687653656161743}, "diff": {"min": -84.58706665039062, "max": 30.07805633544922, "mean": -6.544827080973235}, "misc": {"rmse": 15.45185746104038, "corr": 0.7838338760794736}, "unit": "%"}