{"ref": {"min": 0.7590427398681641, "max": 94.5951156616211, "mean": 31.57858010364293}, "ref_regrid": {"min": 0.7590427398681641, "max": 94.5951156616211, "mean": 31.57858010364293, "std": 17.890555649953974}, "test": {"min": 0.5401109457015991, "max": 91.15679931640625, "mean": 30.897660042467848}, "test_regrid": {"min": 0.9777157306671143, "max": 90.8340835571289, "mean": 30.897577464645487, "std": 17.083082659277398}, "diff": {"min": -46.931556701660156, "max": 38.35121154785156, "mean": -0.5613977369296163}, "misc": {"rmse": 9.943247940168273, "corr": 0.8399193623963506}, "unit": "%"}