{"ref": {"min": 0.0, "max": 91.3805923461914, "mean": 38.15207578534184}, "ref_regrid": {"min": 0.0, "max": 91.3805923461914, "mean": 38.15207578534184, "std": 17.496270437538595}, "test": {"min": 0.0, "max": 84.36077117919922, "mean": 37.452117648721945}, "test_regrid": {"min": 0.0, "max": 83.7969970703125, "mean": 37.35784271461474, "std": 23.178262752150193}, "diff": {"min": -75.67095184326172, "max": 60.238319396972656, "mean": -1.0355395532803273}, "misc": {"rmse": 14.42470273586935, "corr": 0.7851023197002168}, "unit": "%"}