{"ref": {"min": 2.997166633605957, "max": 91.46819305419922, "mean": 32.71498426949805}, "ref_regrid": {"min": 2.997166633605957, "max": 91.46819305419922, "mean": 32.71498426949805, "std": 16.543153935428048}, "test": {"min": 0.5338470935821533, "max": 92.5363540649414, "mean": 28.398367345157403}, "test_regrid": {"min": 0.9754252433776855, "max": 91.03237915039062, "mean": 28.398104362839486, "std": 15.250139515667424}, "diff": {"min": -50.65462875366211, "max": 38.890869140625, "mean": -4.132529282326107}, "misc": {"rmse": 10.601011095593465, "corr": 0.8141282615103366}, "unit": "%"}