{"ref": {"min": 0.0, "max": 89.34088897705078, "mean": 37.94844978776953}, "ref_regrid": {"min": 0.0, "max": 89.34088897705078, "mean": 37.94844978776953, "std": 17.514914062601047}, "test": {"min": 0.0, "max": 82.70674133300781, "mean": 35.73923439520971}, "test_regrid": {"min": 5.88268108003831e-07, "max": 80.51410675048828, "mean": 35.649272893196944, "std": 21.984282091344994}, "diff": {"min": -69.17411041259766, "max": 47.72468566894531, "mean": -2.6440893780462935}, "misc": {"rmse": 12.090614755965632, "corr": 0.8446504491014505}, "unit": "%"}