{"ref": {"min": 4.977240085601807, "max": 82.24580383300781, "mean": 32.04133322567348}, "ref_regrid": {"min": 4.977240085601807, "max": 82.24580383300781, "mean": 32.04133322567348, "std": 13.126526830120174}, "test": {"min": 2.2972910404205322, "max": 79.29237365722656, "mean": 30.04992024251685}, "test_regrid": {"min": 2.802825450897217, "max": 77.75323486328125, "mean": 30.049759644205277, "std": 11.830895554510281}, "diff": {"min": -35.95693588256836, "max": 25.868106842041016, "mean": -1.8413765471045433}, "misc": {"rmse": 7.2924526601742565, "corr": 0.8448744701981756}, "unit": "%"}