{"ref": {"min": 19.536767959594727, "max": 98.62328338623047, "mean": 67.25060342410295}, "ref_regrid": {"min": 19.536767959594727, "max": 98.62328338623047, "mean": 67.25060342410295, "std": 14.646955400274212}, "test": {"min": 9.020197868347168, "max": 97.22151184082031, "mean": 61.6206591948708}, "test_regrid": {"min": 10.825489044189453, "max": 96.95413970947266, "mean": 61.62136794990518, "std": 19.221263755095393}, "diff": {"min": -65.06172180175781, "max": 37.38877487182617, "mean": -5.62117292915624}, "misc": {"rmse": 12.26721513752288, "corr": 0.8239063683944954}, "unit": "%"}