{"ref": {"min": 0.7061707377433777, "max": 63.67396545410156, "mean": 18.53078796621558}, "ref_regrid": {"min": 0.7061707377433777, "max": 63.67396545410156, "mean": 18.53078796621558, "std": 11.13264630349303}, "test": {"min": 0.0, "max": 71.70410919189453, "mean": 15.5862067544372}, "test_regrid": {"min": 0.0, "max": 66.92500305175781, "mean": 15.586939803344656, "std": 13.611669793061028}, "diff": {"min": -40.911216735839844, "max": 38.543495178222656, "mean": -3.095724823736649}, "misc": {"rmse": 8.844501583124126, "corr": 0.7920394803470935}, "unit": "%"}