{"ref": {"min": 0.0, "max": 95.9413070678711, "mean": 38.02246090497926}, "ref_regrid": {"min": 0.0, "max": 95.9413070678711, "mean": 38.02246090497926, "std": 19.395662488988304}, "test": {"min": 0.0, "max": 91.415771484375, "mean": 34.43363304543848}, "test_regrid": {"min": 0.0, "max": 89.99092864990234, "mean": 34.346854975835804, "std": 24.39409417983359}, "diff": {"min": -91.7266616821289, "max": 49.40322494506836, "mean": -4.087441158372715}, "misc": {"rmse": 14.81544088965169, "corr": 0.8099646833751935}, "unit": "%"}