{"ref": {"min": 20.136079788208008, "max": 99.13190460205078, "mean": 67.77682239821283}, "ref_regrid": {"min": 20.136079788208008, "max": 99.13190460205078, "mean": 67.77682239821283, "std": 16.17080153858671}, "test": {"min": 6.165428638458252, "max": 99.14066314697266, "mean": 62.456200900943976}, "test_regrid": {"min": 6.936945915222168, "max": 98.91714477539062, "mean": 62.45693483312433, "std": 20.654908716437383}, "diff": {"min": -67.69110107421875, "max": 50.5475959777832, "mean": -5.262855699796384}, "misc": {"rmse": 14.996818342222323, "corr": 0.735588527384953}, "unit": "%"}