{"ref": {"min": 15.454936981201172, "max": 187.80224609375, "mean": 95.63586477930649}, "ref_regrid": {"min": 15.454936981201172, "max": 187.80224609375, "mean": 95.63586477930649, "std": 24.473406709369318}, "test": {"min": 2.4916300773620605, "max": 132.45623779296875, "mean": 58.25894706405536}, "test_regrid": {"min": 0.01562405377626419, "max": 120.35323333740234, "mean": 53.07966572279207, "std": 26.668746046173425}, "diff": {"min": -133.81150817871094, "max": 22.348098754882812, "mean": -38.308646483943}, "misc": {"rmse": 41.97213373396089, "corr": 0.7536791739762171}, "unit": "g/m^2"}