{"ref": {"min": 10.463250160217285, "max": 202.42324829101562, "mean": 93.98835085904429}, "ref_regrid": {"min": 10.463250160217285, "max": 202.42324829101562, "mean": 93.98835085904429, "std": 28.235073136078903}, "test": {"min": 0.10492433607578278, "max": 196.98484802246094, "mean": 59.17534611120573}, "test_regrid": {"min": 0.010927999392151833, "max": 160.29635620117188, "mean": 54.08996853366856, "std": 29.5605136940085}, "diff": {"min": -104.98234558105469, "max": 70.43997955322266, "mean": -35.74111077556207}, "misc": {"rmse": 40.67714592136675, "corr": 0.7588610033698349}, "unit": "g/m^2"}