{"ref": {"min": 7.203475475311279, "max": 254.33416748046875, "mean": 97.42933985566671}, "ref_regrid": {"min": 7.203475475311279, "max": 254.33416748046875, "mean": 97.42933985566671, "std": 30.568789807411516}, "test": {"min": 0.05379125475883484, "max": 181.0584716796875, "mean": 59.58437756933655}, "test_regrid": {"min": 0.0021317186765372753, "max": 164.05615234375, "mean": 53.84396462559211, "std": 31.144961541142347}, "diff": {"min": -170.0079345703125, "max": 74.32077026367188, "mean": -38.82374008251609}, "misc": {"rmse": 45.056210358634665, "corr": 0.70553421567055}, "unit": "g/m^2"}