{"ref": {"min": 0.10488537698984146, "max": 0.7307886481285095, "mean": 0.3071871882018322}, "ref_regrid": {"min": 0.10488537698984146, "max": 0.7307886481285095, "mean": 0.3071871882018322, "std": 0.12574215247188467}, "test": {"min": 0.10666684806346893, "max": 0.7386041283607483, "mean": 0.3088099453860793}, "test_regrid": {"min": 0.10666684806346893, "max": 0.7386041283607483, "mean": 0.3088099453860793, "std": 0.12626328080247196}, "diff": {"min": -0.07733809947967529, "max": 0.07803621888160706, "mean": 0.0016227571842470881}, "misc": {"rmse": 0.013249392891767168, "corr": 0.9945630261288525}, "unit": "dimensionless"}