{"ref": {"min": 0.08581330627202988, "max": 0.7271941900253296, "mean": 0.16782943541453807}, "ref_regrid": {"min": 0.08581330627202988, "max": 0.7271941900253296, "mean": 0.16782943541453807, "std": 0.11882217202549647}, "test": {"min": 0.08616458624601364, "max": 0.736291229724884, "mean": 0.16768247484426677}, "test_regrid": {"min": 0.08616458624601364, "max": 0.736291229724884, "mean": 0.16768247484426677, "std": 0.11898671035274494}, "diff": {"min": -0.06523913145065308, "max": 0.057448387145996094, "mean": -0.00014696057027126285}, "misc": {"rmse": 0.006649124914040244, "corr": 0.9984382026543644}, "unit": "dimensionless"}