{"ref": {"min": 0.04424762725830078, "max": 0.8556696176528931, "mean": 0.1441408895190689}, "ref_regrid": {"min": 0.04424762725830078, "max": 0.8556696176528931, "mean": 0.1441408895190689, "std": 0.1740245260720852}, "test": {"min": 0.04425095021724701, "max": 0.8646697402000427, "mean": 0.14390842146220584}, "test_regrid": {"min": 0.04425095021724701, "max": 0.8646697402000427, "mean": 0.14390842146220584, "std": 0.1727489841785107}, "diff": {"min": -0.12151831388473511, "max": 0.11489635705947876, "mean": -0.00023246805686305116}, "misc": {"rmse": 0.011178322655855987, "corr": 0.997949711408996}, "unit": "dimensionless"}