{"ref": {"min": 0.08317993581295013, "max": 0.7279602885246277, "mean": 0.18795987226830685}, "ref_regrid": {"min": 0.08317993581295013, "max": 0.7279602885246277, "mean": 0.18795987226830685, "std": 0.145414290467813}, "test": {"min": 0.08334196358919144, "max": 0.7324917912483215, "mean": 0.18837835449177}, "test_regrid": {"min": 0.08334196358919144, "max": 0.7324917912483215, "mean": 0.18837835449177, "std": 0.14668483757825115}, "diff": {"min": -0.13809138536453247, "max": 0.1040908694267273, "mean": 0.00041848222346313994}, "misc": {"rmse": 0.00878633403558093, "corr": 0.9982323016365615}, "unit": "dimensionless"}