{"ref": {"min": 0.09502243995666504, "max": 0.7339452505111694, "mean": 0.31035577944130677}, "ref_regrid": {"min": 0.09502243995666504, "max": 0.7339452505111694, "mean": 0.31035577944130677, "std": 0.13437479900739185}, "test": {"min": 0.09356114268302917, "max": 0.7410160899162292, "mean": 0.3116911398390102}, "test_regrid": {"min": 0.09356114268302917, "max": 0.7410160899162292, "mean": 0.3116911398390102, "std": 0.13560026782345588}, "diff": {"min": -0.07198062539100647, "max": 0.07003965973854065, "mean": 0.0013353603977033677}, "misc": {"rmse": 0.014889797619531778, "corr": 0.9940064209791704}, "unit": "dimensionless"}