{"ref": {"min": 0.00452651409432292, "max": 0.8719672560691833, "mean": 0.1665488865123055}, "ref_regrid": {"min": 0.00452651409432292, "max": 0.8719672560691833, "mean": 0.1665488865123055, "std": 0.21084667698806164}, "test": {"min": 0.004526575095951557, "max": 0.8656385540962219, "mean": 0.1663122888126466}, "test_regrid": {"min": 0.004526575095951557, "max": 0.8656385540962219, "mean": 0.1663122888126466, "std": 0.21082763754396847}, "diff": {"min": -0.14036455750465393, "max": 0.16039365530014038, "mean": -0.0002365976996589473}, "misc": {"rmse": 0.011569076796030024, "corr": 0.998495160168803}, "unit": "dimensionless"}