{"ref": {"min": 0.04431574419140816, "max": 0.8474588990211487, "mean": 0.14415504768334952}, "ref_regrid": {"min": 0.04431574419140816, "max": 0.8474588990211487, "mean": 0.14415504768334952, "std": 0.1731109477018051}, "test": {"min": 0.044227778911590576, "max": 0.8507003784179688, "mean": 0.14285857689719966}, "test_regrid": {"min": 0.044227778911590576, "max": 0.8507003784179688, "mean": 0.14285857689719966, "std": 0.1701486298645072}, "diff": {"min": -0.10217195749282837, "max": 0.07195237278938293, "mean": -0.0012964707861498849}, "misc": {"rmse": 0.009230186186541967, "corr": 0.9987312643521234}, "unit": "dimensionless"}