{"ref": {"min": 0.09150935709476471, "max": 0.7318828105926514, "mean": 0.323932157654185}, "ref_regrid": {"min": 0.09150935709476471, "max": 0.7318828105926514, "mean": 0.323932157654185, "std": 0.14515634858985063}, "test": {"min": 0.09534762799739838, "max": 0.7351742386817932, "mean": 0.32549889827739875}, "test_regrid": {"min": 0.09534762799739838, "max": 0.7351742386817932, "mean": 0.32549889827739875, "std": 0.14577782560135774}, "diff": {"min": -0.12175530195236206, "max": 0.14146623015403748, "mean": 0.001566740623213691}, "misc": {"rmse": 0.024136865962276557, "corr": 0.9863012384291715}, "unit": "dimensionless"}