{"ref": {"min": 0.004526497330516577, "max": 0.8728594183921814, "mean": 0.1662849219965381}, "ref_regrid": {"min": 0.004526497330516577, "max": 0.8728594183921814, "mean": 0.1662849219965381, "std": 0.21149079911001262}, "test": {"min": 0.004526536911725998, "max": 0.8824386596679688, "mean": 0.16690554134673527}, "test_regrid": {"min": 0.004526536911725998, "max": 0.8824386596679688, "mean": 0.16690554134673527, "std": 0.21240217255784438}, "diff": {"min": -0.22425523400306702, "max": 0.20105323195457458, "mean": 0.0006206193501971574}, "misc": {"rmse": 0.01514349175640962, "corr": 0.997460997225166}, "unit": "dimensionless"}