{"ref": {"min": 0.08446961641311646, "max": 0.7171105742454529, "mean": 0.1779752837498271}, "ref_regrid": {"min": 0.08446961641311646, "max": 0.7171105742454529, "mean": 0.1779752837498271, "std": 0.13754762178980637}, "test": {"min": 0.08439923822879791, "max": 0.7183006405830383, "mean": 0.17727929740035545}, "test_regrid": {"min": 0.08439923822879791, "max": 0.7183006405830383, "mean": 0.17727929740035545, "std": 0.1363091440639074}, "diff": {"min": -0.10045641660690308, "max": 0.08168545365333557, "mean": -0.0006959863494716662}, "misc": {"rmse": 0.00674524413704398, "corr": 0.9988404687912562}, "unit": "dimensionless"}