{"ref": {"min": 0.04326901584863663, "max": 0.859676718711853, "mean": 0.14150377639464345}, "ref_regrid": {"min": 0.04326901584863663, "max": 0.859676718711853, "mean": 0.14150377639464345, "std": 0.1795882983922984}, "test": {"min": 0.043479807674884796, "max": 0.8631966710090637, "mean": 0.14092053106933822}, "test_regrid": {"min": 0.043479807674884796, "max": 0.8631966710090637, "mean": 0.14092053106933822, "std": 0.17890179105486448}, "diff": {"min": -0.3866681158542633, "max": 0.2310253381729126, "mean": -0.0005832453253052274}, "misc": {"rmse": 0.013659977508941778, "corr": 0.9971087578598989}, "unit": "dimensionless"}