{"ref": {"min": 0.1073809340596199, "max": 0.7255076169967651, "mean": 0.30742080885354084}, "ref_regrid": {"min": 0.1073809340596199, "max": 0.7255076169967651, "mean": 0.30742080885354084, "std": 0.12446206445591476}, "test": {"min": 0.10759229958057404, "max": 0.7302292585372925, "mean": 0.3078358476962894}, "test_regrid": {"min": 0.10759229958057404, "max": 0.7302292585372925, "mean": 0.3078358476962894, "std": 0.1240166593791299}, "diff": {"min": -0.05326226353645325, "max": 0.038363516330718994, "mean": 0.00041503884274855037}, "misc": {"rmse": 0.008287966770890255, "corr": 0.997786909218364}, "unit": "dimensionless"}