{"ref": {"min": 0.08395370095968246, "max": 0.692740261554718, "mean": 0.17534049513514088}, "ref_regrid": {"min": 0.08395370095968246, "max": 0.692740261554718, "mean": 0.17534049513514088, "std": 0.11994207200047327}, "test": {"min": 0.0835544690489769, "max": 0.6990101933479309, "mean": 0.1745579099027463}, "test_regrid": {"min": 0.0835544690489769, "max": 0.6990101933479309, "mean": 0.1745579099027463, "std": 0.11984485830960516}, "diff": {"min": -0.07842397689819336, "max": 0.03194315731525421, "mean": -0.0007825852323946243}, "misc": {"rmse": 0.005665146866545057, "corr": 0.9989052791983416}, "unit": "dimensionless"}