{"ref": {"min": 0.10020431876182556, "max": 0.7030465006828308, "mean": 0.3173907928093892}, "ref_regrid": {"min": 0.10020431876182556, "max": 0.7030465006828308, "mean": 0.3173907928093892, "std": 0.13229003670183342}, "test": {"min": 0.09735599905252457, "max": 0.713330090045929, "mean": 0.31912219745364145}, "test_regrid": {"min": 0.09735599905252457, "max": 0.713330090045929, "mean": 0.31912219745364145, "std": 0.1337340351381618}, "diff": {"min": -0.1304127275943756, "max": 0.11994104087352753, "mean": 0.0017314046442521846}, "misc": {"rmse": 0.023642149477212042, "corr": 0.9843466440902344}, "unit": "dimensionless"}