{"ref": {"min": 0.10375577211380005, "max": 0.704097330570221, "mean": 0.31742735549186035}, "ref_regrid": {"min": 0.10375577211380005, "max": 0.704097330570221, "mean": 0.31742735549186035, "std": 0.13227080118189272}, "test": {"min": 0.10403797775506973, "max": 0.7120031714439392, "mean": 0.31779959043263645}, "test_regrid": {"min": 0.10403797775506973, "max": 0.7120031714439392, "mean": 0.31779959043263645, "std": 0.13195819747662066}, "diff": {"min": -0.08020180463790894, "max": 0.05707600712776184, "mean": 0.0003722349407760903}, "misc": {"rmse": 0.013766650230774155, "corr": 0.9945776890822811}, "unit": "dimensionless"}