{"ref": {"min": 0.04448710381984711, "max": 0.9570525884628296, "mean": 0.14307175691711022}, "ref_regrid": {"min": 0.04448710381984711, "max": 0.9570525884628296, "mean": 0.14307175691711022, "std": 0.18037273341194554}, "test": {"min": 0.04446135833859444, "max": 0.9615998864173889, "mean": 0.14141191782709833}, "test_regrid": {"min": 0.04446135833859444, "max": 0.9615998864173889, "mean": 0.14141191782709833, "std": 0.17813472209893216}, "diff": {"min": -0.164728045463562, "max": 0.049164772033691406, "mean": -0.0016598390900119052}, "misc": {"rmse": 0.01123143740451594, "corr": 0.9981578115281448}, "unit": "dimensionless"}