{"ref": {"min": 0.09654990583658218, "max": 0.7237935662269592, "mean": 0.32584806984967574}, "ref_regrid": {"min": 0.09654990583658218, "max": 0.7237935662269592, "mean": 0.32584806984967574, "std": 0.14428125323321084}, "test": {"min": 0.09917964041233063, "max": 0.7263450026512146, "mean": 0.32603989541660905}, "test_regrid": {"min": 0.09917964041233063, "max": 0.7263450026512146, "mean": 0.32603989541660905, "std": 0.14395512344060374}, "diff": {"min": -0.07192353904247284, "max": 0.07415005564689636, "mean": 0.00019182556693332628}, "misc": {"rmse": 0.014406361866035214, "corr": 0.9950072255161448}, "unit": "dimensionless"}