{"ref": {"min": 0.08592730015516281, "max": 0.7228788137435913, "mean": 0.16769842290331113}, "ref_regrid": {"min": 0.08592730015516281, "max": 0.7228788137435913, "mean": 0.16769842290331113, "std": 0.11755495841143963}, "test": {"min": 0.08615468442440033, "max": 0.7271744012832642, "mean": 0.16685431937864062}, "test_regrid": {"min": 0.08615468442440033, "max": 0.7271744012832642, "mean": 0.16685431937864062, "std": 0.11633824387699052}, "diff": {"min": -0.05639231204986572, "max": 0.03167480230331421, "mean": -0.0008441035246704838}, "misc": {"rmse": 0.005238465749420008, "corr": 0.9990769100469228}, "unit": "dimensionless"}