{"ref": {"min": 0.04430142417550087, "max": 0.9546356797218323, "mean": 0.14302582151235682}, "ref_regrid": {"min": 0.04430142417550087, "max": 0.9546356797218323, "mean": 0.14302582151235682, "std": 0.18015479681462884}, "test": {"min": 0.044322364032268524, "max": 0.9601715207099915, "mean": 0.14177683690970155}, "test_regrid": {"min": 0.044322364032268524, "max": 0.9601715207099915, "mean": 0.14177683690970155, "std": 0.17863992436487222}, "diff": {"min": -0.1666870415210724, "max": 0.11472314596176147, "mean": -0.001248984602655248}, "misc": {"rmse": 0.010946163606039195, "corr": 0.9981983616167079}, "unit": "dimensionless"}