{"ref": {"min": 0.08346449583768845, "max": 0.7208436727523804, "mean": 0.18800480726828475}, "ref_regrid": {"min": 0.08346449583768845, "max": 0.7208436727523804, "mean": 0.18800480726828475, "std": 0.14515632280615545}, "test": {"min": 0.08334515988826752, "max": 0.7237018942832947, "mean": 0.18774465814471653}, "test_regrid": {"min": 0.08334515988826752, "max": 0.7237018942832947, "mean": 0.18774465814471653, "std": 0.1450061190258558}, "diff": {"min": -0.09052091836929321, "max": 0.08625540137290955, "mean": -0.00026014912356825794}, "misc": {"rmse": 0.006518862429327094, "corr": 0.9989926781241266}, "unit": "dimensionless"}