{"ref": {"min": 0.10294914245605469, "max": 0.7220730781555176, "mean": 0.3143302102255859}, "ref_regrid": {"min": 0.10294914245605469, "max": 0.7220730781555176, "mean": 0.3143302102255859, "std": 0.14137156979974394}, "test": {"min": 0.10599236190319061, "max": 0.7229961156845093, "mean": 0.31444044690802725}, "test_regrid": {"min": 0.10599236190319061, "max": 0.7229961156845093, "mean": 0.31444044690802725, "std": 0.14093803388397708}, "diff": {"min": -0.0792543888092041, "max": 0.07428807020187378, "mean": 0.00011023668244145794}, "misc": {"rmse": 0.015604418466040253, "corr": 0.9938945475130881}, "unit": "dimensionless"}