{"ref": {"min": 0.08381778001785278, "max": 0.6910799145698547, "mean": 0.17506799693827435}, "ref_regrid": {"min": 0.08381778001785278, "max": 0.6910799145698547, "mean": 0.17506799693827435, "std": 0.11919006030632551}, "test": {"min": 0.0837186872959137, "max": 0.70207279920578, "mean": 0.174913000650424}, "test_regrid": {"min": 0.0837186872959137, "max": 0.70207279920578, "mean": 0.174913000650424, "std": 0.12081932254577273}, "diff": {"min": -0.07779476046562195, "max": 0.08562880754470825, "mean": -0.00015499628785036178}, "misc": {"rmse": 0.00663124898340052, "corr": 0.9985661929499147}, "unit": "dimensionless"}