{"ref": {"min": 0.08471045643091202, "max": 0.731172502040863, "mean": 0.17130957018258577}, "ref_regrid": {"min": 0.08471045643091202, "max": 0.731172502040863, "mean": 0.17130957018258577, "std": 0.12993305179093298}, "test": {"min": 0.08503227680921555, "max": 0.7380577921867371, "mean": 0.17099336873373697}, "test_regrid": {"min": 0.08503227680921555, "max": 0.7380577921867371, "mean": 0.17099336873373697, "std": 0.13026568450870127}, "diff": {"min": -0.13054361939430237, "max": 0.07650196552276611, "mean": -0.0003162014488487912}, "misc": {"rmse": 0.0065101395612653665, "corr": 0.9987542317724554}, "unit": "dimensionless"}