{"ref": {"min": 0.044196244329214096, "max": 0.8663405179977417, "mean": 0.15327816846862963}, "ref_regrid": {"min": 0.044196244329214096, "max": 0.8663405179977417, "mean": 0.15327816846862963, "std": 0.20010542162322628}, "test": {"min": 0.04383983090519905, "max": 0.8651367425918579, "mean": 0.1525920019798583}, "test_regrid": {"min": 0.04383983090519905, "max": 0.8651367425918579, "mean": 0.1525920019798583, "std": 0.1983667290916554}, "diff": {"min": -0.1575946807861328, "max": 0.11899572610855103, "mean": -0.0006861664887713249}, "misc": {"rmse": 0.009753004347295282, "corr": 0.998845837820758}, "unit": "dimensionless"}