{"ref": {"min": 0.0062511879950761795, "max": 2.227522611618042, "mean": 0.1842878430602444}, "ref_regrid": {"min": 0.0062511879950761795, "max": 2.227522611618042, "mean": 0.1842878430602444, "std": 0.1699886704941999}, "test": {"min": 0.006430256180465221, "max": 2.4157955646514893, "mean": 0.17972614476881102}, "test_regrid": {"min": 0.006430256180465221, "max": 2.4157955646514893, "mean": 0.17972614476881102, "std": 0.15944659751246867}, "diff": {"min": -0.3762037754058838, "max": 0.2568378448486328, "mean": -0.004561698291433369}, "misc": {"rmse": 0.029644910510891787, "corr": 0.9862220870634849}, "unit": "dimensionless"}