{"ref": {"min": 0.008598845452070236, "max": 1.8629019260406494, "mean": 0.18823829880924267}, "ref_regrid": {"min": 0.008598845452070236, "max": 1.8629019260406494, "mean": 0.18823829880924267, "std": 0.153542918112773}, "test": {"min": 0.008551751263439655, "max": 1.7092585563659668, "mean": 0.18429780503342308}, "test_regrid": {"min": 0.008551751263439655, "max": 1.7092585563659668, "mean": 0.18429780503342308, "std": 0.14140760185432844}, "diff": {"min": -0.3164384365081787, "max": 0.21979987621307373, "mean": -0.0039404937758196}, "misc": {"rmse": 0.026391910229674912, "corr": 0.9877087269290918}, "unit": "dimensionless"}