{"ref": {"min": 5.822554385304102e-07, "max": 2.1916885375976562, "mean": 0.22003582511059383}, "ref_regrid": {"min": 5.822554385304102e-07, "max": 2.1916885375976562, "mean": 0.22003582511059383, "std": 0.20166893533867206}, "test": {"min": 7.503158485633321e-07, "max": 2.278648853302002, "mean": 0.21916516030432986}, "test_regrid": {"min": 7.503158485633321e-07, "max": 2.278648853302002, "mean": 0.21916516030432986, "std": 0.2050270379997293}, "diff": {"min": -0.20615267753601074, "max": 0.44741904735565186, "mean": -0.0008706648062639221}, "misc": {"rmse": 0.024927303373323634, "corr": 0.9926315481975965}, "unit": "dimensionless"}