{"ref": {"min": 0.01106944214552641, "max": 1.7615212202072144, "mean": 0.18751025126514853}, "ref_regrid": {"min": 0.01106944214552641, "max": 1.7615212202072144, "mean": 0.18751025126514853, "std": 0.14772143631489484}, "test": {"min": 0.010944196954369545, "max": 1.63693368434906, "mean": 0.1847994235868212}, "test_regrid": {"min": 0.010944196954369545, "max": 1.63693368434906, "mean": 0.1847994235868212, "std": 0.14254880996211491}, "diff": {"min": -0.18713223934173584, "max": 0.19254732131958008, "mean": -0.0027108276783273893}, "misc": {"rmse": 0.014209124087721497, "corr": 0.9960158026291424}, "unit": "dimensionless"}