{"ref": {"min": 0.012645329348742962, "max": 1.7361246347427368, "mean": 0.18022309242688087}, "ref_regrid": {"min": 0.012645329348742962, "max": 1.7361246347427368, "mean": 0.18022309242688087, "std": 0.12716525591131161}, "test": {"min": 0.013021819293498993, "max": 1.3628637790679932, "mean": 0.17472747795385082}, "test_regrid": {"min": 0.013021819293498993, "max": 1.3628637790679932, "mean": 0.17472747795385082, "std": 0.1114118398639239}, "diff": {"min": -0.4471544027328491, "max": 0.20612502098083496, "mean": -0.005495614473030042}, "misc": {"rmse": 0.03081305194408648, "corr": 0.9763168507163874}, "unit": "dimensionless"}