{"ref": {"min": 0.00020619391580112278, "max": 1.669776201248169, "mean": 0.16644211025561628}, "ref_regrid": {"min": 0.00020619391580112278, "max": 1.669776201248169, "mean": 0.16644211025561628, "std": 0.1471896662675029}, "test": {"min": 0.00018058277782984078, "max": 1.8529891967773438, "mean": 0.16645339284706195}, "test_regrid": {"min": 0.00018058277782984078, "max": 1.8529891967773438, "mean": 0.16645339284706195, "std": 0.15336816443030662}, "diff": {"min": -0.2992016077041626, "max": 0.1832129955291748, "mean": 1.1282591454223505e-05}, "misc": {"rmse": 0.019792788085105924, "corr": 0.9921684844798716}, "unit": "dimensionless"}