{"ref": {"min": 0.0001998674269998446, "max": 2.063020706176758, "mean": 0.16874037004475329}, "ref_regrid": {"min": 0.0001998674269998446, "max": 2.063020706176758, "mean": 0.16874037004475329, "std": 0.15964298668997248}, "test": {"min": 0.00019171732128597796, "max": 2.0453431606292725, "mean": 0.1668390657520785}, "test_regrid": {"min": 0.00019171732128597796, "max": 2.0453431606292725, "mean": 0.1668390657520785, "std": 0.15909654396821904}, "diff": {"min": -0.3494657874107361, "max": 0.27569490671157837, "mean": -0.0019013042930754803}, "misc": {"rmse": 0.030086824546789938, "corr": 0.982256862217599}, "unit": "dimensionless"}