{"ref": {"min": 6.616581345042505e-07, "max": 2.388284683227539, "mean": 0.2221085594953381}, "ref_regrid": {"min": 6.616581345042505e-07, "max": 2.388284683227539, "mean": 0.2221085594953381, "std": 0.21173156878534222}, "test": {"min": 1.0628598374751164e-06, "max": 2.029376983642578, "mean": 0.21833028382963268}, "test_regrid": {"min": 1.0628598374751164e-06, "max": 2.029376983642578, "mean": 0.21833028382963268, "std": 0.19793914924688358}, "diff": {"min": -0.77387535572052, "max": 0.2177141308784485, "mean": -0.0037782756657053843}, "misc": {"rmse": 0.046467263064684336, "corr": 0.9766797693440632}, "unit": "dimensionless"}