{"ref": {"min": 93.3757095336914, "max": 428.84844970703125, "mean": 339.9565350119016}, "ref_regrid": {"min": 93.3757095336914, "max": 428.84844970703125, "mean": 339.9565350119016, "std": 69.8873134877779}, "test": {"min": 87.55620574951172, "max": 431.5853271484375, "mean": 340.4716854210555}, "test_regrid": {"min": 87.55620574951172, "max": 431.5853271484375, "mean": 340.4716854210555, "std": 70.76952337734633}, "diff": {"min": -36.50947570800781, "max": 43.32124328613281, "mean": 0.5151504091538962}, "misc": {"rmse": 6.516565825681472, "corr": 0.9958124887924663}, "unit": "W/m2"}