{"ref": {"min": 57.17668151855469, "max": 444.85113525390625, "mean": 329.4569559824913}, "ref_regrid": {"min": 57.17668151855469, "max": 444.85113525390625, "mean": 329.4569559824913, "std": 75.22713165018209}, "test": {"min": 58.34305953979492, "max": 469.62322998046875, "mean": 333.0873935153604}, "test_regrid": {"min": 58.34305953979492, "max": 469.62322998046875, "mean": 333.0873935153604, "std": 75.23871824317926}, "diff": {"min": -7.808837890625, "max": 34.1405029296875, "mean": 3.6304375328690757}, "misc": {"rmse": 4.917945942803489, "corr": 0.9990277388951149}, "unit": "W/m2"}