{"ref": {"min": 65.76789855957031, "max": 418.071533203125, "mean": 319.21357344914304}, "ref_regrid": {"min": 65.76789855957031, "max": 418.071533203125, "mean": 319.21357344914304, "std": 76.22963295959251}, "test": {"min": 66.68366241455078, "max": 421.80157470703125, "mean": 322.69851537461153}, "test_regrid": {"min": 66.68366241455078, "max": 421.80157470703125, "mean": 322.69851537461153, "std": 76.23401318801427}, "diff": {"min": -4.1524810791015625, "max": 27.25689697265625, "mean": 3.4849419254686267}, "misc": {"rmse": 4.227786610436832, "corr": 0.999507051313184}, "unit": "W/m2"}