{"ref": {"min": 83.8531723022461, "max": 419.6014404296875, "mean": 312.2996877864541}, "ref_regrid": {"min": 83.8531723022461, "max": 419.6014404296875, "mean": 312.2996877864541, "std": 82.48952859555968}, "test": {"min": 82.85541534423828, "max": 423.87689208984375, "mean": 315.1805825578491}, "test_regrid": {"min": 82.85541534423828, "max": 423.87689208984375, "mean": 315.1805825578491, "std": 82.95537028235549}, "diff": {"min": -25.014572143554688, "max": 37.662445068359375, "mean": 2.8808947713950146}, "misc": {"rmse": 5.757867890959001, "corr": 0.9981998640689947}, "unit": "W/m2"}