{"ref": {"min": 73.1162338256836, "max": 427.8729553222656, "mean": 346.66052683025265}, "ref_regrid": {"min": 73.1162338256836, "max": 427.8729553222656, "mean": 346.66052683025265, "std": 63.12389035784049}, "test": {"min": 73.19863891601562, "max": 429.20135498046875, "mean": 347.7141118901246}, "test_regrid": {"min": 73.19863891601562, "max": 429.20135498046875, "mean": 347.7141118901246, "std": 63.249178654681344}, "diff": {"min": -7.07843017578125, "max": 11.46826171875, "mean": 1.0535850598719838}, "misc": {"rmse": 2.0665618854823875, "corr": 0.9996061474233526}, "unit": "W/m2"}