{"ref": {"min": 60.45005416870117, "max": 451.0865783691406, "mean": 355.21701152358315}, "ref_regrid": {"min": 60.45005416870117, "max": 451.0865783691406, "mean": 355.21701152358315, "std": 63.85724654448327}, "test": {"min": 61.14445495605469, "max": 462.25750732421875, "mean": 356.42520239821596}, "test_regrid": {"min": 61.14445495605469, "max": 462.25750732421875, "mean": 356.42520239821596, "std": 64.01752501518088}, "diff": {"min": -13.508316040039062, "max": 19.230453491210938, "mean": 1.2081908746327652}, "misc": {"rmse": 3.284933382479037, "corr": 0.9988618624949377}, "unit": "W/m2"}