{"ref": {"min": 72.76215362548828, "max": 428.78204345703125, "mean": 346.8165709670282}, "ref_regrid": {"min": 72.76215362548828, "max": 428.78204345703125, "mean": 346.8165709670282, "std": 63.30705110804483}, "test": {"min": 69.39967346191406, "max": 429.94683837890625, "mean": 347.82588684470363}, "test_regrid": {"min": 69.39967346191406, "max": 429.94683837890625, "mean": 347.82588684470363, "std": 63.79112596940815}, "diff": {"min": -21.37860107421875, "max": 18.6812744140625, "mean": 1.0093158776754332}, "misc": {"rmse": 3.3004501805381796, "corr": 0.9988064754657873}, "unit": "W/m2"}