{"ref": {"min": 62.938140869140625, "max": 422.3645324707031, "mean": 318.7473655962449}, "ref_regrid": {"min": 62.938140869140625, "max": 422.3645324707031, "mean": 318.7473655962449, "std": 79.85565933244173}, "test": {"min": 63.410621643066406, "max": 423.1814270019531, "mean": 322.2379053915184}, "test_regrid": {"min": 63.410621643066406, "max": 423.1814270019531, "mean": 322.2379053915184, "std": 79.69686885789639}, "diff": {"min": -11.53436279296875, "max": 32.05426025390625, "mean": 3.4905397952736252}, "misc": {"rmse": 5.0646249804881425, "corr": 0.9989439957045113}, "unit": "W/m2"}