{"ref": {"min": 96.88984680175781, "max": 430.1026306152344, "mean": 339.59941448120543}, "ref_regrid": {"min": 96.88984680175781, "max": 430.1026306152344, "mean": 339.59941448120543, "std": 70.28253063873795}, "test": {"min": 95.70295715332031, "max": 430.66851806640625, "mean": 340.3668048845705}, "test_regrid": {"min": 95.70295715332031, "max": 430.66851806640625, "mean": 340.3668048845705, "std": 70.70650856970644}, "diff": {"min": -20.453536987304688, "max": 17.465972900390625, "mean": 0.7673904033650668}, "misc": {"rmse": 3.546392607328595, "corr": 0.9988119109888595}, "unit": "W/m2"}