{"ref": {"min": 57.13589096069336, "max": 449.9812316894531, "mean": 329.59985258910336}, "ref_regrid": {"min": 57.13589096069336, "max": 449.9812316894531, "mean": 329.59985258910336, "std": 75.33394166206355}, "test": {"min": 58.809139251708984, "max": 467.0609130859375, "mean": 333.5194957745785}, "test_regrid": {"min": 58.809139251708984, "max": 467.0609130859375, "mean": 333.5194957745785, "std": 75.4384888797097}, "diff": {"min": -19.238037109375, "max": 37.78265380859375, "mean": 3.9196431854751785}, "misc": {"rmse": 6.5645460300979055, "corr": 0.9975612928099548}, "unit": "W/m2"}