{"ref": {"min": 64.97666931152344, "max": 418.10235595703125, "mean": 319.45376587456974}, "ref_regrid": {"min": 64.97666931152344, "max": 418.10235595703125, "mean": 319.45376587456974, "std": 76.28422754157818}, "test": {"min": 64.330810546875, "max": 421.5875244140625, "mean": 322.79481444083905}, "test_regrid": {"min": 64.330810546875, "max": 421.5875244140625, "mean": 322.79481444083905, "std": 76.5759617669393}, "diff": {"min": -9.643722534179688, "max": 28.158599853515625, "mean": 3.341048566269404}, "misc": {"rmse": 4.599937655728791, "corr": 0.9991516179820689}, "unit": "W/m2"}