{"ref": {"min": 66.17649841308594, "max": 431.9614562988281, "mean": 345.4457012585057}, "ref_regrid": {"min": 66.17649841308594, "max": 431.9614562988281, "mean": 345.4457012585057, "std": 66.74027930140228}, "test": {"min": 65.60128784179688, "max": 432.43084716796875, "mean": 346.44434739279586}, "test_regrid": {"min": 65.60128784179688, "max": 432.43084716796875, "mean": 346.44434739279586, "std": 66.683923915654}, "diff": {"min": -18.041900634765625, "max": 19.627883911132812, "mean": 0.9986461342900875}, "misc": {"rmse": 3.690826062354815, "corr": 0.9985819889961793}, "unit": "W/m2"}