{"ref": {"min": 64.581298828125, "max": 418.2138977050781, "mean": 319.1112419351002}, "ref_regrid": {"min": 64.581298828125, "max": 418.2138977050781, "mean": 319.1112419351002, "std": 76.91249709873962}, "test": {"min": 65.06709289550781, "max": 421.8995666503906, "mean": 322.70314762176776}, "test_regrid": {"min": 65.06709289550781, "max": 421.8995666503906, "mean": 322.70314762176776, "std": 77.1133478836779}, "diff": {"min": -11.178054809570312, "max": 25.816375732421875, "mean": 3.5919056866675656}, "misc": {"rmse": 4.985763423335383, "corr": 0.9989954688474993}, "unit": "W/m2"}