{"ref": {"min": 87.56851196289062, "max": 422.3729248046875, "mean": 311.75322458837206}, "ref_regrid": {"min": 87.56851196289062, "max": 422.3729248046875, "mean": 311.75322458837206, "std": 82.95108957261841}, "test": {"min": 88.6919174194336, "max": 424.9659423828125, "mean": 315.003426934021}, "test_regrid": {"min": 88.6919174194336, "max": 424.9659423828125, "mean": 315.003426934021, "std": 83.03063949278601}, "diff": {"min": -10.34246826171875, "max": 32.29840087890625, "mean": 3.250202345648932}, "misc": {"rmse": 4.4701195584141855, "corr": 0.9993167442216596}, "unit": "W/m2"}