{"ref": {"min": 68.75517272949219, "max": 431.6021423339844, "mean": 346.37997988463934}, "ref_regrid": {"min": 68.75517272949219, "max": 431.6021423339844, "mean": 346.37997988463934, "std": 63.810725550362946}, "test": {"min": 70.11321258544922, "max": 433.1379699707031, "mean": 347.6200933079139}, "test_regrid": {"min": 70.11321258544922, "max": 433.1379699707031, "mean": 347.6200933079139, "std": 64.04235876692596}, "diff": {"min": -23.4676513671875, "max": 20.929733276367188, "mean": 1.2401134232745437}, "misc": {"rmse": 4.034944413602934, "corr": 0.9982027501997228}, "unit": "W/m2"}