{"ref": {"min": 60.2622184753418, "max": 452.6352233886719, "mean": 355.3313420948186}, "ref_regrid": {"min": 60.2622184753418, "max": 452.6352233886719, "mean": 355.3313420948186, "std": 64.02973543619116}, "test": {"min": 62.01375961303711, "max": 458.5663757324219, "mean": 356.9866532804367}, "test_regrid": {"min": 62.01375961303711, "max": 458.5663757324219, "mean": 356.9866532804367, "std": 64.23573684730664}, "diff": {"min": -30.773086547851562, "max": 31.045501708984375, "mean": 1.6553111856181113}, "misc": {"rmse": 5.672481036003227, "corr": 0.9964266269489945}, "unit": "W/m2"}