{"ref": {"min": 30.850719451904297, "max": 154.83987426757812, "mean": 77.47640216577415}, "ref_regrid": {"min": 30.850719451904297, "max": 154.83987426757812, "mean": 77.47640216577415, "std": 18.933878244830698}, "test": {"min": 31.31950569152832, "max": 146.5413818359375, "mean": 75.77550620034344}, "test_regrid": {"min": 31.31950569152832, "max": 146.5413818359375, "mean": 75.77550620034344, "std": 18.509386969988228}, "diff": {"min": -20.992889404296875, "max": 15.145469665527344, "mean": -1.7008959654307034}, "misc": {"rmse": 2.955159583190065, "corr": 0.991925159373518}, "unit": "W/m2"}