{"ref": {"min": 42.67343521118164, "max": 171.49771118164062, "mean": 80.09174572540908}, "ref_regrid": {"min": 42.67343521118164, "max": 171.49771118164062, "mean": 80.09174572540908, "std": 15.767857539758936}, "test": {"min": 40.93740463256836, "max": 169.1750030517578, "mean": 78.30556468934124}, "test_regrid": {"min": 40.93740463256836, "max": 169.1750030517578, "mean": 78.30556468934124, "std": 15.408577048181186}, "diff": {"min": -16.001998901367188, "max": 8.882217407226562, "mean": -1.786181036067854}, "misc": {"rmse": 2.954701291698777, "corr": 0.9888649800148079}, "unit": "W/m2"}