{"ref": {"min": 44.623966217041016, "max": 166.960693359375, "mean": 79.32539054620283}, "ref_regrid": {"min": 44.623966217041016, "max": 166.960693359375, "mean": 79.32539054620283, "std": 15.969928073249877}, "test": {"min": 43.32381057739258, "max": 161.90480041503906, "mean": 77.70737425929819}, "test_regrid": {"min": 43.32381057739258, "max": 161.90480041503906, "mean": 77.70737425929819, "std": 15.54293265591678}, "diff": {"min": -17.82379150390625, "max": 12.685035705566406, "mean": -1.618016286904609}, "misc": {"rmse": 2.706149152227892, "corr": 0.9908892309081597}, "unit": "W/m2"}