{"ref": {"min": 2.8190183639526367, "max": 150.3705291748047, "mean": 52.20131562758868}, "ref_regrid": {"min": 2.8190183639526367, "max": 150.3705291748047, "mean": 52.20131562758868, "std": 22.847311798577728}, "test": {"min": 1.0857046842575073, "max": 142.7729949951172, "mean": 50.866223497186446}, "test_regrid": {"min": 1.0857046842575073, "max": 142.7729949951172, "mean": 50.866223497186446, "std": 22.447019625295354}, "diff": {"min": -36.50310516357422, "max": 25.11081314086914, "mean": -1.3350921304231889}, "misc": {"rmse": 5.301929571673346, "corr": 0.9744881101143841}, "unit": "W/m2"}