{"ref": {"min": 10.290616989135742, "max": 142.6869354248047, "mean": 52.96032630261642}, "ref_regrid": {"min": 10.290616989135742, "max": 142.6869354248047, "mean": 52.96032630261642, "std": 19.418193341082294}, "test": {"min": 13.194384574890137, "max": 138.86798095703125, "mean": 52.0564665990871}, "test_regrid": {"min": 13.194384574890137, "max": 138.86798095703125, "mean": 52.0564665990871, "std": 18.7973678442809}, "diff": {"min": -21.708541870117188, "max": 11.615242004394531, "mean": -0.9038597035293148}, "misc": {"rmse": 3.309732003976991, "corr": 0.9866415789925594}, "unit": "W/m2"}