{"ref": {"min": 12.890966415405273, "max": 169.83412170410156, "mean": 53.39197116017596}, "ref_regrid": {"min": 12.890966415405273, "max": 169.83412170410156, "mean": 53.39197116017596, "std": 20.022948552469952}, "test": {"min": 11.00577449798584, "max": 168.13563537597656, "mean": 52.18631122227663}, "test_regrid": {"min": 11.00577449798584, "max": 168.13563537597656, "mean": 52.18631122227663, "std": 19.52064601856419}, "diff": {"min": -18.03858184814453, "max": 17.911216735839844, "mean": -1.205659937899325}, "misc": {"rmse": 3.509588559548415, "corr": 0.986425748416349}, "unit": "W/m2"}