{"ref": {"min": 30.014617919921875, "max": 154.494140625, "mean": 77.52126000484694}, "ref_regrid": {"min": 30.014617919921875, "max": 154.494140625, "mean": 77.52126000484694, "std": 19.15670833423903}, "test": {"min": 26.48833656311035, "max": 146.05593872070312, "mean": 75.63168173380305}, "test_regrid": {"min": 26.48833656311035, "max": 146.05593872070312, "mean": 75.63168173380305, "std": 18.852447732009814}, "diff": {"min": -32.24969482421875, "max": 20.56897735595703, "mean": -1.8895782710438789}, "misc": {"rmse": 4.350573717108247, "corr": 0.9788669866224023}, "unit": "W/m2"}