{"ref": {"min": 10.548043251037598, "max": 164.10076904296875, "mean": 51.89824779238845}, "ref_regrid": {"min": 10.548043251037598, "max": 164.10076904296875, "mean": 51.89824779238845, "std": 20.597957646884343}, "test": {"min": 11.426935195922852, "max": 157.7534942626953, "mean": 51.01102559594715}, "test_regrid": {"min": 11.426935195922852, "max": 157.7534942626953, "mean": 51.01102559594715, "std": 20.050039706902485}, "diff": {"min": -19.530906677246094, "max": 19.274551391601562, "mean": -0.8872221964412962}, "misc": {"rmse": 3.160474201334554, "corr": 0.9892234404870381}, "unit": "W/m2"}