{"ref": {"min": 15.357784271240234, "max": 150.46627807617188, "mean": 52.59585076075153}, "ref_regrid": {"min": 15.357784271240234, "max": 150.46627807617188, "mean": 52.59585076075153, "std": 18.55826524478055}, "test": {"min": 14.048727035522461, "max": 147.03009033203125, "mean": 51.596550669437384}, "test_regrid": {"min": 14.048727035522461, "max": 147.03009033203125, "mean": 51.596550669437384, "std": 17.917352119268443}, "diff": {"min": -10.871406555175781, "max": 6.367500305175781, "mean": -0.999300091314143}, "misc": {"rmse": 1.9971407865428712, "corr": 0.9961216766763193}, "unit": "W/m2"}