{"ref": {"min": 44.694602966308594, "max": 155.1665496826172, "mean": 78.99512700682973}, "ref_regrid": {"min": 44.694602966308594, "max": 155.1665496826172, "mean": 78.99512700682973, "std": 14.391140710911559}, "test": {"min": 43.94953536987305, "max": 151.7635955810547, "mean": 77.3247823863895}, "test_regrid": {"min": 43.94953536987305, "max": 151.7635955810547, "mean": 77.3247823863895, "std": 13.929971459506625}, "diff": {"min": -10.145210266113281, "max": 4.701652526855469, "mean": -1.6703446204402257}, "misc": {"rmse": 2.1315973483452786, "corr": 0.996156549091469}, "unit": "W/m2"}