{"ref": {"min": 43.38987731933594, "max": 174.48342895507812, "mean": 79.39080645082237}, "ref_regrid": {"min": 43.38987731933594, "max": 174.48342895507812, "mean": 79.39080645082237, "std": 16.048591997767822}, "test": {"min": 42.12051010131836, "max": 172.91986083984375, "mean": 77.80384031119522}, "test_regrid": {"min": 42.12051010131836, "max": 172.91986083984375, "mean": 77.80384031119522, "std": 15.401710710200447}, "diff": {"min": -22.07067108154297, "max": 13.833786010742188, "mean": -1.5869661396271526}, "misc": {"rmse": 3.77804975408113, "corr": 0.9770674470875218}, "unit": "W/m2"}