{"ref": {"min": 34.282386779785156, "max": 148.23556518554688, "mean": 79.08696963262278}, "ref_regrid": {"min": 34.282386779785156, "max": 148.23556518554688, "mean": 79.08696963262278, "std": 15.98152655135609}, "test": {"min": 34.89178466796875, "max": 144.45297241210938, "mean": 77.51068441092433}, "test_regrid": {"min": 34.89178466796875, "max": 144.45297241210938, "mean": 77.51068441092433, "std": 15.39951823017628}, "diff": {"min": -15.625686645507812, "max": 8.133094787597656, "mean": -1.5762852216984493}, "misc": {"rmse": 2.767633808191783, "corr": 0.990174249166932}, "unit": "W/m2"}