{"ref": {"min": 44.40691375732422, "max": 159.21092224121094, "mean": 79.03352001225915}, "ref_regrid": {"min": 44.40691375732422, "max": 159.21092224121094, "mean": 79.03352001225915, "std": 14.668498353230177}, "test": {"min": 43.48774337768555, "max": 155.06326293945312, "mean": 77.28318294994772}, "test_regrid": {"min": 43.48774337768555, "max": 155.06326293945312, "mean": 77.28318294994772, "std": 14.109177602035519}, "diff": {"min": -15.228195190429688, "max": 9.076622009277344, "mean": -1.7503370623114063}, "misc": {"rmse": 2.7188455972711347, "corr": 0.9902986251406941}, "unit": "W/m2"}