{"ref": {"min": 13.624977111816406, "max": 156.42652893066406, "mean": 52.67384123542933}, "ref_regrid": {"min": 13.624977111816406, "max": 156.42652893066406, "mean": 52.67384123542933, "std": 18.82530040261897}, "test": {"min": 13.10969066619873, "max": 151.10015869140625, "mean": 51.51793380626367}, "test_regrid": {"min": 13.10969066619873, "max": 151.10015869140625, "mean": 51.51793380626367, "std": 18.178009413873813}, "diff": {"min": -21.56652069091797, "max": 14.697410583496094, "mean": -1.1559074291656533}, "misc": {"rmse": 2.994463025290854, "corr": 0.9894629393798351}, "unit": "W/m2"}