{"ref": {"min": 9.119641304016113, "max": 172.02159118652344, "mean": 52.12845958686764}, "ref_regrid": {"min": 9.119641304016113, "max": 172.02159118652344, "mean": 52.12845958686764, "std": 20.826508176687994}, "test": {"min": 8.985294342041016, "max": 170.72103881835938, "mean": 51.16387781625972}, "test_regrid": {"min": 8.985294342041016, "max": 170.72103881835938, "mean": 51.16387781625972, "std": 19.967071476498187}, "diff": {"min": -28.708633422851562, "max": 19.242950439453125, "mean": -0.964581770607912}, "misc": {"rmse": 4.948931350679449, "corr": 0.9725583973922446}, "unit": "W/m2"}