{"ref": {"min": 3.4244232177734375, "max": 150.13119506835938, "mean": 52.132857822166095}, "ref_regrid": {"min": 3.4244232177734375, "max": 150.13119506835938, "mean": 52.132857822166095, "std": 22.569771745222546}, "test": {"min": 1.8018416166305542, "max": 142.8259735107422, "mean": 51.132399214875974}, "test_regrid": {"min": 1.8018416166305542, "max": 142.8259735107422, "mean": 51.132399214875974, "std": 21.891415838067736}, "diff": {"min": -23.103553771972656, "max": 16.96233367919922, "mean": -1.0004586073070512}, "misc": {"rmse": 3.323634432633198, "corr": 0.9902997702947185}, "unit": "W/m2"}