{"ref": {"min": 111.05357360839844, "max": 304.5331726074219, "mean": 239.54881045236039}, "ref_regrid": {"min": 111.05357360839844, "max": 304.5331726074219, "mean": 239.54881045236039, "std": 33.70411320309292}, "test": {"min": 110.60294342041016, "max": 303.31658935546875, "mean": 238.39341501116527}, "test_regrid": {"min": 110.60294342041016, "max": 303.31658935546875, "mean": 238.39341501116527, "std": 33.64601216560472}, "diff": {"min": -26.381576538085938, "max": 23.054733276367188, "mean": -1.1553954411951457}, "misc": {"rmse": 4.857950036966831, "corr": 0.9901846616668205}, "unit": "W/m2"}