{"ref": {"min": 121.0655517578125, "max": 304.14691162109375, "mean": 263.9205227025082}, "ref_regrid": {"min": 121.0655517578125, "max": 304.14691162109375, "mean": 263.9205227025082, "std": 29.767285330378428}, "test": {"min": 118.90592956542969, "max": 300.7710266113281, "mean": 262.8810703807121}, "test_regrid": {"min": 118.90592956542969, "max": 300.7710266113281, "mean": 262.8810703807121, "std": 30.182539384362915}, "diff": {"min": -8.33172607421875, "max": 3.9741973876953125, "mean": -1.039452321796103}, "misc": {"rmse": 1.8783839956724786, "corr": 0.9987336953678528}, "unit": "W/m2"}