{"ref": {"min": 121.44322967529297, "max": 302.4682922363281, "mean": 241.10862911468047}, "ref_regrid": {"min": 121.44322967529297, "max": 302.4682922363281, "mean": 241.10862911468047, "std": 33.15383488508919}, "test": {"min": 120.44513702392578, "max": 302.2474670410156, "mean": 240.23993260743907}, "test_regrid": {"min": 120.44513702392578, "max": 302.2474670410156, "mean": 240.23993260743907, "std": 33.300480106351074}, "diff": {"min": -17.7772216796875, "max": 25.488296508789062, "mean": -0.86869650724139}, "misc": {"rmse": 4.351569901277426, "corr": 0.99177563988555}, "unit": "W/m2"}