{"ref": {"min": 150.44622802734375, "max": 313.174560546875, "mean": 261.55548521848584}, "ref_regrid": {"min": 150.44622802734375, "max": 313.174560546875, "mean": 261.55548521848584, "std": 32.53386277624672}, "test": {"min": 153.4296112060547, "max": 312.4195861816406, "mean": 260.6584070418107}, "test_regrid": {"min": 153.4296112060547, "max": 312.4195861816406, "mean": 260.6584070418107, "std": 32.85081106300425}, "diff": {"min": -9.0108642578125, "max": 7.785980224609375, "mean": -0.8970781766751514}, "misc": {"rmse": 1.9096918223021362, "corr": 0.9987173415439443}, "unit": "W/m2"}