{"ref": {"min": 99.57914733886719, "max": 330.51605224609375, "mean": 266.9782837056889}, "ref_regrid": {"min": 99.57914733886719, "max": 330.51605224609375, "mean": 266.9782837056889, "std": 31.310205780354675}, "test": {"min": 100.38312530517578, "max": 324.37408447265625, "mean": 266.12475516166}, "test_regrid": {"min": 100.38312530517578, "max": 324.37408447265625, "mean": 266.12475516166, "std": 31.357518831814076}, "diff": {"min": -18.996337890625, "max": 11.037841796875, "mean": -0.8535285440289013}, "misc": {"rmse": 2.8084275643933796, "corr": 0.9963554488411168}, "unit": "W/m2"}