{"ref": {"min": 122.42705535888672, "max": 301.1053771972656, "mean": 263.9324824049148}, "ref_regrid": {"min": 122.42705535888672, "max": 301.1053771972656, "mean": 263.9324824049148, "std": 29.661789883493864}, "test": {"min": 121.9363021850586, "max": 299.474853515625, "mean": 263.0100760182667}, "test_regrid": {"min": 121.9363021850586, "max": 299.474853515625, "mean": 263.0100760182667, "std": 29.871032684571386}, "diff": {"min": -6.635284423828125, "max": 3.292877197265625, "mean": -0.9224063866481165}, "misc": {"rmse": 1.4035727034961605, "corr": 0.9993931347993738}, "unit": "W/m2"}