{"ref": {"min": 149.3765411376953, "max": 311.4554138183594, "mean": 239.01586667333038}, "ref_regrid": {"min": 149.3765411376953, "max": 311.4554138183594, "mean": 239.01586667333038, "std": 34.7018277072253}, "test": {"min": 152.12774658203125, "max": 305.8663330078125, "mean": 238.34039382839848}, "test_regrid": {"min": 152.12774658203125, "max": 305.8663330078125, "mean": 238.34039382839848, "std": 34.94576435920763}, "diff": {"min": -21.02130126953125, "max": 21.147933959960938, "mean": -0.6754728449319061}, "misc": {"rmse": 4.045800995989902, "corr": 0.9934637691766678}, "unit": "W/m2"}