{"ref": {"min": 121.51908874511719, "max": 298.65167236328125, "mean": 240.8107988786177}, "ref_regrid": {"min": 121.51908874511719, "max": 298.65167236328125, "mean": 240.8107988786177, "std": 32.0147826793067}, "test": {"min": 119.21817016601562, "max": 295.75909423828125, "mean": 239.7505562792744}, "test_regrid": {"min": 119.21817016601562, "max": 295.75909423828125, "mean": 239.7505562792744, "std": 31.981288358652364}, "diff": {"min": -15.705902099609375, "max": 17.865493774414062, "mean": -1.0602425993433093}, "misc": {"rmse": 3.724823829088322, "corr": 0.9937740990074823}, "unit": "W/m2"}