{"ref": {"min": 100.6318130493164, "max": 326.2196044921875, "mean": 243.45856886113236}, "ref_regrid": {"min": 100.6318130493164, "max": 326.2196044921875, "mean": 243.45856886113236, "std": 36.12521356936692}, "test": {"min": 101.10084533691406, "max": 318.24884033203125, "mean": 242.35101760522093}, "test_regrid": {"min": 101.10084533691406, "max": 318.24884033203125, "mean": 242.35101760522093, "std": 35.862221862421116}, "diff": {"min": -45.35699462890625, "max": 33.54498291015625, "mean": -1.1075512559114242}, "misc": {"rmse": 6.803029465775424, "corr": 0.9826382404992886}, "unit": "W/m2"}