{"ref": {"min": 120.9126205444336, "max": 305.7896728515625, "mean": 264.07772751396544}, "ref_regrid": {"min": 120.9126205444336, "max": 305.7896728515625, "mean": 264.07772751396544, "std": 29.8017614404776}, "test": {"min": 120.08834075927734, "max": 305.592529296875, "mean": 263.1030989935673}, "test_regrid": {"min": 120.08834075927734, "max": 305.592529296875, "mean": 263.1030989935673, "std": 30.19679799887158}, "diff": {"min": -8.967803955078125, "max": 6.2615966796875, "mean": -0.974628520398042}, "misc": {"rmse": 2.0717616434023043, "corr": 0.9982297042152268}, "unit": "W/m2"}