{"ref": {"min": 149.44097900390625, "max": 315.1222839355469, "mean": 239.14153089832297}, "ref_regrid": {"min": 149.44097900390625, "max": 315.1222839355469, "mean": 239.14153089832297, "std": 34.716227785183214}, "test": {"min": 150.1004638671875, "max": 310.8622131347656, "mean": 238.16783521531318}, "test_regrid": {"min": 150.1004638671875, "max": 310.8622131347656, "mean": 238.16783521531318, "std": 35.260769070821524}, "diff": {"min": -39.38922119140625, "max": 34.28758239746094, "mean": -0.9736956830098149}, "misc": {"rmse": 6.772858104214782, "corr": 0.9817718171529842}, "unit": "W/m2"}