{"ref": {"min": 149.23439025878906, "max": 315.7840576171875, "mean": 261.4858144335053}, "ref_regrid": {"min": 149.23439025878906, "max": 315.7840576171875, "mean": 261.4858144335053, "std": 32.24811808202998}, "test": {"min": 150.34420776367188, "max": 311.925537109375, "mean": 260.4465877420388}, "test_regrid": {"min": 150.34420776367188, "max": 311.925537109375, "mean": 260.4465877420388, "std": 32.83202987404955}, "diff": {"min": -16.295089721679688, "max": 14.123336791992188, "mean": -1.039226691466586}, "misc": {"rmse": 2.9271428238145547, "corr": 0.996624757158853}, "unit": "W/m2"}