{"ref": {"min": 110.24153900146484, "max": 309.5465393066406, "mean": 263.192992353201}, "ref_regrid": {"min": 110.24153900146484, "max": 309.5465393066406, "mean": 263.192992353201, "std": 31.508548845442373}, "test": {"min": 110.04862976074219, "max": 310.6814880371094, "mean": 262.14891165731893}, "test_regrid": {"min": 110.04862976074219, "max": 310.6814880371094, "mean": 262.14891165731893, "std": 31.609070376739925}, "diff": {"min": -10.652389526367188, "max": 6.40771484375, "mean": -1.0440806958820796}, "misc": {"rmse": 2.138201046996379, "corr": 0.9982571040674351}, "unit": "W/m2"}