{"ref": {"min": 122.88948059082031, "max": 295.11566162109375, "mean": 240.76733399819625}, "ref_regrid": {"min": 122.88948059082031, "max": 295.11566162109375, "mean": 240.76733399819625, "std": 31.59138468300755}, "test": {"min": 122.20762634277344, "max": 293.5186462402344, "mean": 239.8779162502501}, "test_regrid": {"min": 122.20762634277344, "max": 293.5186462402344, "mean": 239.8779162502501, "std": 31.543946780993434}, "diff": {"min": -10.6092529296875, "max": 10.8134765625, "mean": -0.8894177479460587}, "misc": {"rmse": 2.3807823268741304, "corr": 0.9975540755469963}, "unit": "W/m2"}