{"ref": {"min": 99.69210052490234, "max": 330.3249816894531, "mean": 266.90372442778255}, "ref_regrid": {"min": 99.69210052490234, "max": 330.3249816894531, "mean": 266.90372442778255, "std": 31.26905327009163}, "test": {"min": 100.02561950683594, "max": 325.0041198730469, "mean": 266.12988634049657}, "test_regrid": {"min": 100.02561950683594, "max": 325.0041198730469, "mean": 266.12988634049657, "std": 31.343080520073233}, "diff": {"min": -9.295745849609375, "max": 7.314483642578125, "mean": -0.7738380872860652}, "misc": {"rmse": 1.7820052494524274, "corr": 0.9986882360073537}, "unit": "W/m2"}