{"ref": {"min": 100.59135437011719, "max": 325.6943359375, "mean": 243.39602955526112}, "ref_regrid": {"min": 100.59135437011719, "max": 325.6943359375, "mean": 243.39602955526112, "std": 35.78242117232409}, "test": {"min": 100.67668914794922, "max": 319.13201904296875, "mean": 242.53792342795037}, "test_regrid": {"min": 100.67668914794922, "max": 319.13201904296875, "mean": 242.53792342795037, "std": 35.66091409791328}, "diff": {"min": -23.012969970703125, "max": 24.149993896484375, "mean": -0.8581061273106987}, "misc": {"rmse": 4.132670766224529, "corr": 0.9936021063679967}, "unit": "W/m2"}