{"ref": {"min": 0.0, "max": 393.81317138671875, "mean": 193.51225455611566}, "ref_regrid": {"min": 0.0, "max": 393.81317138671875, "mean": 193.51225455611566, "std": 95.22341894327091}, "test": {"min": 0.0, "max": 394.4736633300781, "mean": 193.09019890940212}, "test_regrid": {"min": 0.0, "max": 394.4736633300781, "mean": 193.09019890940212, "std": 94.77213951148296}, "diff": {"min": -31.96453857421875, "max": 33.86961364746094, "mean": -0.4220556467135624}, "misc": {"rmse": 6.604498672717647, "corr": 0.99760443899564}, "unit": "W/m2"}