{"ref": {"min": 10.606945991516113, "max": 345.0242614746094, "mean": 186.68503589961998}, "ref_regrid": {"min": 10.606945991516113, "max": 345.0242614746094, "mean": 186.68503589961998, "std": 74.43962239735252}, "test": {"min": 11.360332489013672, "max": 336.72747802734375, "mean": 186.43605886929183}, "test_regrid": {"min": 11.360332489013672, "max": 336.72747802734375, "mean": 186.43605886929183, "std": 74.53071093887282}, "diff": {"min": -34.62751770019531, "max": 28.22723388671875, "mean": -0.24897703032815516}, "misc": {"rmse": 6.694153105517973, "corr": 0.9959678179743575}, "unit": "W/m2"}