{"ref": {"min": 0.0, "max": 385.8108215332031, "mean": 229.10401244043692}, "ref_regrid": {"min": 0.0, "max": 385.8108215332031, "mean": 229.10401244043692, "std": 99.58245511238236}, "test": {"min": 0.0, "max": 381.5338134765625, "mean": 228.95540606640975}, "test_regrid": {"min": 0.0, "max": 381.5338134765625, "mean": 228.95540606640975, "std": 99.38799267159645}, "diff": {"min": -21.763259887695312, "max": 14.921875, "mean": -0.14860637402714408}, "misc": {"rmse": 1.9668059904671562, "corr": 0.9998076022956749}, "unit": "W/m2"}