{"ref": {"min": 4.819955348968506, "max": 357.2445983886719, "mean": 189.36935629709765}, "ref_regrid": {"min": 4.819955348968506, "max": 357.2445983886719, "mean": 189.36935629709765, "std": 72.68561445520187}, "test": {"min": 3.9671781063079834, "max": 361.8995666503906, "mean": 189.02430949005898}, "test_regrid": {"min": 3.9671781063079834, "max": 361.8995666503906, "mean": 189.02430949005898, "std": 72.78344758885632}, "diff": {"min": -33.67120361328125, "max": 31.416305541992188, "mean": -0.3450468070386678}, "misc": {"rmse": 6.089947518154303, "corr": 0.9965069313171662}, "unit": "W/m2"}