{"ref": {"min": 0.0, "max": 348.3807373046875, "mean": 175.11376679903188}, "ref_regrid": {"min": 0.0, "max": 348.3807373046875, "mean": 175.11376679903188, "std": 87.10035364521298}, "test": {"min": 0.0, "max": 338.7632751464844, "mean": 174.1813728715585}, "test_regrid": {"min": 0.0, "max": 338.7632751464844, "mean": 174.1813728715585, "std": 86.73513499581804}, "diff": {"min": -75.62495422363281, "max": 61.78706359863281, "mean": -0.9323939274733819}, "misc": {"rmse": 11.032113423532826, "corr": 0.9920112368212574}, "unit": "W/m2"}