{"ref": {"min": 13.046547889709473, "max": 363.9842224121094, "mean": 243.31153726866594}, "ref_regrid": {"min": 13.046547889709473, "max": 363.9842224121094, "mean": 243.31153726866594, "std": 74.00709625539679}, "test": {"min": 12.736546516418457, "max": 366.2173767089844, "mean": 243.58821898032122}, "test_regrid": {"min": 12.736546516418457, "max": 366.2173767089844, "mean": 243.58821898032122, "std": 74.02498230792806}, "diff": {"min": -6.84136962890625, "max": 27.016510009765625, "mean": 0.27668171165526545}, "misc": {"rmse": 1.9880794733492808, "corr": 0.999646283019969}, "unit": "W/m2"}