{"ref": {"min": 0.0, "max": 382.6735534667969, "mean": 228.93914025836744}, "ref_regrid": {"min": 0.0, "max": 382.6735534667969, "mean": 228.93914025836744, "std": 99.46928897807035}, "test": {"min": 0.0, "max": 375.8165283203125, "mean": 228.8413921685617}, "test_regrid": {"min": 0.0, "max": 375.8165283203125, "mean": 228.8413921685617, "std": 99.21149398745158}, "diff": {"min": -20.035888671875, "max": 39.46575927734375, "mean": -0.09774808980577586}, "misc": {"rmse": 3.4003653131881877, "corr": 0.9994180245746074}, "unit": "W/m2"}