{"ref": {"min": 46.36600875854492, "max": 304.592041015625, "mean": 186.21794520580286}, "ref_regrid": {"min": 46.36600875854492, "max": 304.592041015625, "mean": 186.21794520580286, "std": 59.80600749071181}, "test": {"min": 46.05204391479492, "max": 305.67431640625, "mean": 185.82607459678803}, "test_regrid": {"min": 46.05204391479492, "max": 305.67431640625, "mean": 185.82607459678803, "std": 59.86810351125432}, "diff": {"min": -13.702407836914062, "max": 13.684860229492188, "mean": -0.39187060901487186}, "misc": {"rmse": 3.231627081635768, "corr": 0.9985635977857736}, "unit": "W/m2"}