{"ref": {"min": 13.925602912902832, "max": 365.8469543457031, "mean": 239.25307996839172}, "ref_regrid": {"min": 13.925602912902832, "max": 365.8469543457031, "mean": 239.25307996839172, "std": 72.28542641696184}, "test": {"min": 14.071734428405762, "max": 363.2203674316406, "mean": 239.37201801081238}, "test_regrid": {"min": 14.071734428405762, "max": 363.2203674316406, "mean": 239.37201801081238, "std": 72.39714028795136}, "diff": {"min": -15.310333251953125, "max": 21.278213500976562, "mean": 0.11893804242061883}, "misc": {"rmse": 1.9887796092003347, "corr": 0.9996246487262541}, "unit": "W/m2"}