{"ref": {"min": 117.28044128417969, "max": 322.9847106933594, "mean": 240.55338422907158}, "ref_regrid": {"min": 117.28044128417969, "max": 322.9847106933594, "mean": 240.55338422907158, "std": 49.94789723743656}, "test": {"min": 116.57609558105469, "max": 321.0187072753906, "mean": 240.67089960182614}, "test_regrid": {"min": 116.57609558105469, "max": 321.0187072753906, "mean": 240.67089960182614, "std": 50.09253501069346}, "diff": {"min": -10.930557250976562, "max": 18.261001586914062, "mean": 0.11751537275456825}, "misc": {"rmse": 1.7767860859129423, "corr": 0.9993760555973754}, "unit": "W/m2"}