{"ref": {"min": 0.0, "max": 348.94134521484375, "mean": 175.3051340607739}, "ref_regrid": {"min": 0.0, "max": 348.94134521484375, "mean": 175.3051340607739, "std": 87.02744861871084}, "test": {"min": 0.0, "max": 344.005859375, "mean": 174.75373096837106}, "test_regrid": {"min": 0.0, "max": 344.005859375, "mean": 174.75373096837106, "std": 86.67994591912621}, "diff": {"min": -35.00505065917969, "max": 41.28680419921875, "mean": -0.5514030924028086}, "misc": {"rmse": 6.678825325858536, "corr": 0.9970715383305172}, "unit": "W/m2"}