{"ref": {"min": 47.94554901123047, "max": 312.2718811035156, "mean": 186.35151443499987}, "ref_regrid": {"min": 47.94554901123047, "max": 312.2718811035156, "mean": 186.35151443499987, "std": 59.95320174562436}, "test": {"min": 45.38190841674805, "max": 309.1341857910156, "mean": 185.71008187433105}, "test_regrid": {"min": 45.38190841674805, "max": 309.1341857910156, "mean": 185.71008187433105, "std": 60.03609265691923}, "diff": {"min": -32.743804931640625, "max": 23.340316772460938, "mean": -0.6414325606687937}, "misc": {"rmse": 5.450180287905509, "corr": 0.9959317502458731}, "unit": "W/m2"}