{"ref": {"min": 118.24760437011719, "max": 322.5350341796875, "mean": 240.59420071971456}, "ref_regrid": {"min": 118.24760437011719, "max": 322.5350341796875, "mean": 240.59420071971456, "std": 50.01191585062644}, "test": {"min": 117.63156127929688, "max": 322.1547546386719, "mean": 240.65316487181582}, "test_regrid": {"min": 117.63156127929688, "max": 322.1547546386719, "mean": 240.65316487181582, "std": 50.127000904595}, "diff": {"min": -7.1384735107421875, "max": 10.304916381835938, "mean": 0.058964152101248654}, "misc": {"rmse": 0.9608918361985465, "corr": 0.9998191839971362}, "unit": "W/m2"}