{"ref": {"min": 0.0, "max": 406.0526428222656, "mean": 250.68215950421987}, "ref_regrid": {"min": 0.0, "max": 406.0526428222656, "mean": 250.68215950421987, "std": 111.14171197250616}, "test": {"min": 0.0, "max": 408.7375793457031, "mean": 250.81847832283276}, "test_regrid": {"min": 0.0, "max": 408.7375793457031, "mean": 250.81847832283276, "std": 111.22913382424957}, "diff": {"min": -13.648284912109375, "max": 13.725204467773438, "mean": 0.13631881861290912}, "misc": {"rmse": 2.1643717585491227, "corr": 0.9998115914558389}, "unit": "W/m2"}