{"ref": {"min": 0.0, "max": 401.5817565917969, "mean": 250.70817313955502}, "ref_regrid": {"min": 0.0, "max": 401.5817565917969, "mean": 250.70817313955502, "std": 110.645718811225}, "test": {"min": 0.0, "max": 402.0452575683594, "mean": 250.6970166518561}, "test_regrid": {"min": 0.0, "max": 402.0452575683594, "mean": 250.6970166518561, "std": 110.71584843793792}, "diff": {"min": -12.332305908203125, "max": 11.717926025390625, "mean": -0.011156487698878259}, "misc": {"rmse": 1.4517038149830774, "corr": 0.999914189066534}, "unit": "W/m2"}