{"ref": {"min": 0.0, "max": 401.9841613769531, "mean": 194.23666700509924}, "ref_regrid": {"min": 0.0, "max": 401.9841613769531, "mean": 194.23666700509924, "std": 96.05647915256357}, "test": {"min": 0.0, "max": 403.5554504394531, "mean": 193.73857681743002}, "test_regrid": {"min": 0.0, "max": 403.5554504394531, "mean": 193.73857681743002, "std": 95.71290596236099}, "diff": {"min": -57.81996154785156, "max": 57.61427307128906, "mean": -0.4980901876692359}, "misc": {"rmse": 11.015983164886192, "corr": 0.9934202851379353}, "unit": "W/m2"}