{"ref": {"min": 0.0, "max": 313.6641540527344, "mean": 156.22210723818324}, "ref_regrid": {"min": 0.0, "max": 313.6641540527344, "mean": 156.22210723818324, "std": 79.91183449322375}, "test": {"min": 0.0, "max": 318.90118408203125, "mean": 156.0493770213788}, "test_regrid": {"min": 0.0, "max": 318.90118408203125, "mean": 156.0493770213788, "std": 79.55649184833874}, "diff": {"min": -30.336288452148438, "max": 35.024017333984375, "mean": -0.17273021680447143}, "misc": {"rmse": 5.9393014125462775, "corr": 0.9972379737877402}, "unit": "W/m2"}