{"ref": {"min": 1.5642458200454712, "max": 296.2960510253906, "mean": 163.01454652278363}, "ref_regrid": {"min": 1.5642458200454712, "max": 296.2960510253906, "mean": 163.01454652278363, "std": 75.78197759741148}, "test": {"min": 1.7952865362167358, "max": 290.9288330078125, "mean": 163.0261301528238}, "test_regrid": {"min": 1.7952865362167358, "max": 290.9288330078125, "mean": 163.0261301528238, "std": 75.77661193633931}, "diff": {"min": -32.418243408203125, "max": 28.135391235351562, "mean": 0.011583630040174231}, "misc": {"rmse": 6.102443834273327, "corr": 0.996757540366553}, "unit": "W/m2"}