{"ref": {"min": 0.0, "max": 412.1168518066406, "mean": 237.3038465258073}, "ref_regrid": {"min": 0.0, "max": 412.1168518066406, "mean": 237.3038465258073, "std": 111.48113076153122}, "test": {"min": 0.0, "max": 412.0288391113281, "mean": 237.29154363516315}, "test_regrid": {"min": 0.0, "max": 412.0288391113281, "mean": 237.29154363516315, "std": 111.31083359843252}, "diff": {"min": -24.8603515625, "max": 33.61241149902344, "mean": -0.01230289064414169}, "misc": {"rmse": 5.306758562927634, "corr": 0.998866451665684}, "unit": "W/m2"}