{"ref": {"min": 0.0, "max": 413.7246398925781, "mean": 237.20766491213672}, "ref_regrid": {"min": 0.0, "max": 413.7246398925781, "mean": 237.20766491213672, "std": 111.51066123334506}, "test": {"min": 0.0, "max": 410.8044738769531, "mean": 236.86030211132658}, "test_regrid": {"min": 0.0, "max": 410.8044738769531, "mean": 236.86030211132658, "std": 111.35861183683637}, "diff": {"min": -54.586395263671875, "max": 54.485595703125, "mean": -0.34736280081011206}, "misc": {"rmse": 8.73472596322879, "corr": 0.9969337385050016}, "unit": "W/m2"}