{"ref": {"min": 0.0, "max": 327.7544860839844, "mean": 204.24117004130892}, "ref_regrid": {"min": 0.0, "max": 327.7544860839844, "mean": 204.24117004130892, "std": 92.49328563947779}, "test": {"min": 0.0, "max": 327.7284851074219, "mean": 204.49161444355667}, "test_regrid": {"min": 0.0, "max": 327.7284851074219, "mean": 204.49161444355667, "std": 92.39317935793267}, "diff": {"min": -18.66033935546875, "max": 33.59165954589844, "mean": 0.25044440224777953}, "misc": {"rmse": 2.7335067099184847, "corr": 0.9995670773117837}, "unit": "W/m2"}