{"ref": {"min": 0.0, "max": 417.83123779296875, "mean": 282.80663823300216}, "ref_regrid": {"min": 0.0, "max": 417.83123779296875, "mean": 282.80663823300216, "std": 124.6257763632627}, "test": {"min": 0.0, "max": 418.0291748046875, "mean": 283.10371210403287}, "test_regrid": {"min": 0.0, "max": 418.0291748046875, "mean": 283.10371210403287, "std": 124.70633227505452}, "diff": {"min": -26.9556884765625, "max": 33.349853515625, "mean": 0.29707387103073146}, "misc": {"rmse": 2.2164644918313923, "corr": 0.9998449995985762}, "unit": "W/m2"}