{"ref": {"min": 47.36687088012695, "max": 364.8121032714844, "mean": 243.9858031204143}, "ref_regrid": {"min": 47.36687088012695, "max": 364.8121032714844, "mean": 243.9858031204143, "std": 82.62440926123334}, "test": {"min": 46.004478454589844, "max": 362.55633544921875, "mean": 243.4989291574401}, "test_regrid": {"min": 46.004478454589844, "max": 362.55633544921875, "mean": 243.4989291574401, "std": 82.68134914297619}, "diff": {"min": -24.735885620117188, "max": 22.1136474609375, "mean": -0.4868739629741443}, "misc": {"rmse": 4.3815355183848315, "corr": 0.9986124881960728}, "unit": "W/m2"}