{"ref": {"min": 47.99455642700195, "max": 379.9810791015625, "mean": 289.19798222717066}, "ref_regrid": {"min": 47.99455642700195, "max": 379.9810791015625, "mean": 289.19798222717066, "std": 82.90317917726053}, "test": {"min": 46.411529541015625, "max": 379.8186950683594, "mean": 289.28318714642467}, "test_regrid": {"min": 46.411529541015625, "max": 379.8186950683594, "mean": 289.28318714642467, "std": 83.02658344579817}, "diff": {"min": -11.883834838867188, "max": 23.398193359375, "mean": 0.08520491925401329}, "misc": {"rmse": 1.5191185933247062, "corr": 0.9998339984145684}, "unit": "W/m2"}