{"ref": {"min": 0.0, "max": 356.654296875, "mean": 220.05490687263273}, "ref_regrid": {"min": 0.0, "max": 356.654296875, "mean": 220.05490687263273, "std": 110.58283288016885}, "test": {"min": 0.0, "max": 356.48748779296875, "mean": 220.19271749836875}, "test_regrid": {"min": 0.0, "max": 356.48748779296875, "mean": 220.19271749836875, "std": 110.6917861941732}, "diff": {"min": -28.863067626953125, "max": 40.593780517578125, "mean": 0.1378106257360541}, "misc": {"rmse": 2.809221778319781, "corr": 0.9996789029852421}, "unit": "W/m2"}