{"ref": {"min": 2.1508142948150635, "max": 307.6380615234375, "mean": 208.93456808122525}, "ref_regrid": {"min": 2.1508142948150635, "max": 307.6380615234375, "mean": 208.93456808122525, "std": 79.02686812916991}, "test": {"min": 2.220139265060425, "max": 307.439697265625, "mean": 209.2578432835794}, "test_regrid": {"min": 2.220139265060425, "max": 307.439697265625, "mean": 209.2578432835794, "std": 78.89475115239644}, "diff": {"min": -24.076065063476562, "max": 33.36212158203125, "mean": 0.3232752023540821}, "misc": {"rmse": 2.450445570729452, "corr": 0.9995282352257754}, "unit": "W/m2"}