{"ref": {"min": 48.300235748291016, "max": 361.7969665527344, "mean": 243.8712579085103}, "ref_regrid": {"min": 48.300235748291016, "max": 361.7969665527344, "mean": 243.8712579085103, "std": 82.36174062499478}, "test": {"min": 47.46940612792969, "max": 362.48809814453125, "mean": 243.6904905522772}, "test_regrid": {"min": 47.46940612792969, "max": 362.48809814453125, "mean": 243.6904905522772, "std": 82.2526948858918}, "diff": {"min": -11.517410278320312, "max": 11.185150146484375, "mean": -0.1807673562330823}, "misc": {"rmse": 2.6559884652707644, "corr": 0.9994826384696218}, "unit": "W/m2"}