{"ref": {"min": 15.729475975036621, "max": 268.5457458496094, "mean": 163.52833811192195}, "ref_regrid": {"min": 15.729475975036621, "max": 268.5457458496094, "mean": 163.52833811192195, "std": 65.21731888749996}, "test": {"min": 15.653841972351074, "max": 268.3764953613281, "mean": 163.35425970463072}, "test_regrid": {"min": 15.653841972351074, "max": 268.3764953613281, "mean": 163.35425970463072, "std": 65.07262438097798}, "diff": {"min": -12.625938415527344, "max": 12.236358642578125, "mean": -0.1740784072912297}, "misc": {"rmse": 2.917516931492181, "corr": 0.9990031877059783}, "unit": "W/m2"}