{"ref": {"min": 0.0, "max": 354.8656005859375, "mean": 169.28082541224413}, "ref_regrid": {"min": 0.0, "max": 354.8656005859375, "mean": 169.28082541224413, "std": 92.15912673139843}, "test": {"min": 0.0, "max": 352.2865905761719, "mean": 168.84238361568578}, "test_regrid": {"min": 0.0, "max": 352.2865905761719, "mean": 168.84238361568578, "std": 91.83108210583787}, "diff": {"min": -44.54502868652344, "max": 51.14581298828125, "mean": -0.43844179655833554}, "misc": {"rmse": 10.000739049376014, "corr": 0.9941088223475294}, "unit": "W/m2"}