{"ref": {"min": 0.0, "max": 355.9148254394531, "mean": 220.30953529452674}, "ref_regrid": {"min": 0.0, "max": 355.9148254394531, "mean": 220.30953529452674, "std": 110.24319396230584}, "test": {"min": 0.0, "max": 355.39764404296875, "mean": 220.41338663336865}, "test_regrid": {"min": 0.0, "max": 355.39764404296875, "mean": 220.41338663336865, "std": 110.29275009129245}, "diff": {"min": -18.666854858398438, "max": 41.97027587890625, "mean": 0.1038513388419024}, "misc": {"rmse": 2.2922808414641724, "corr": 0.9997844682158432}, "unit": "W/m2"}