{"ref": {"min": 0.0, "max": 440.5992736816406, "mean": 249.91278858003182}, "ref_regrid": {"min": 0.0, "max": 440.5992736816406, "mean": 249.91278858003182, "std": 122.10869268030609}, "test": {"min": 0.0, "max": 438.7630920410156, "mean": 249.3922013258393}, "test_regrid": {"min": 0.0, "max": 438.7630920410156, "mean": 249.3922013258393, "std": 121.84962883523733}, "diff": {"min": -42.73614501953125, "max": 45.41326904296875, "mean": -0.5205872541924847}, "misc": {"rmse": 8.869381147571168, "corr": 0.997367822185352}, "unit": "W/m2"}