{"ref": {"min": 0.0, "max": 442.5380554199219, "mean": 297.39755167339314}, "ref_regrid": {"min": 0.0, "max": 442.5380554199219, "mean": 297.39755167339314, "std": 139.2826425219555}, "test": {"min": 0.0, "max": 442.500244140625, "mean": 297.4751211300555}, "test_regrid": {"min": 0.0, "max": 442.500244140625, "mean": 297.4751211300555, "std": 139.2999263552625}, "diff": {"min": -17.05127716064453, "max": 39.53944396972656, "mean": 0.0775694566624182}, "misc": {"rmse": 1.8939444710527327, "corr": 0.9999077233118585}, "unit": "W/m2"}