{"ref": {"min": 9.874275207519531, "max": 393.6558837890625, "mean": 245.7288999113862}, "ref_regrid": {"min": 9.874275207519531, "max": 393.6558837890625, "mean": 245.7288999113862, "std": 97.46200816627648}, "test": {"min": 10.553136825561523, "max": 389.3801574707031, "mean": 245.32990442968605}, "test_regrid": {"min": 10.553136825561523, "max": 389.3801574707031, "mean": 245.32990442968605, "std": 97.57800448595664}, "diff": {"min": -25.140380859375, "max": 30.089447021484375, "mean": -0.3989954817001379}, "misc": {"rmse": 4.9395909759302015, "corr": 0.9987262601307377}, "unit": "W/m2"}