{"ref": {"min": 48.79720687866211, "max": 379.935791015625, "mean": 289.20169623534116}, "ref_regrid": {"min": 48.79720687866211, "max": 379.935791015625, "mean": 289.20169623534116, "std": 82.77501238628584}, "test": {"min": 48.00694274902344, "max": 379.8412780761719, "mean": 289.40629790344303}, "test_regrid": {"min": 48.00694274902344, "max": 379.8412780761719, "mean": 289.40629790344303, "std": 82.56248635773665}, "diff": {"min": -6.4038848876953125, "max": 11.245559692382812, "mean": 0.20460166810181032}, "misc": {"rmse": 1.0937111916129327, "corr": 0.9999188503678959}, "unit": "W/m2"}