{"ref": {"min": 12.565192222595215, "max": 398.5894775390625, "mean": 290.6152319151836}, "ref_regrid": {"min": 12.565192222595215, "max": 398.5894775390625, "mean": 290.6152319151836, "std": 104.86923296577338}, "test": {"min": 14.715861320495605, "max": 398.4649963378906, "mean": 290.6947785914683}, "test_regrid": {"min": 14.715861320495605, "max": 398.4649963378906, "mean": 290.6947785914683, "std": 104.97790596695943}, "diff": {"min": -17.949981689453125, "max": 24.8245849609375, "mean": 0.07954667628470347}, "misc": {"rmse": 1.284455423328789, "corr": 0.9999258925028971}, "unit": "W/m2"}