{"ref": {"min": 6.680788040161133, "max": 387.9471740722656, "mean": 242.90758797057174}, "ref_regrid": {"min": 6.680788040161133, "max": 387.9471740722656, "mean": 242.90758797057174, "std": 97.9964808892647}, "test": {"min": 6.7726616859436035, "max": 386.9422912597656, "mean": 242.88285338712205}, "test_regrid": {"min": 6.7726616859436035, "max": 386.9422912597656, "mean": 242.88285338712205, "std": 97.93499132499237}, "diff": {"min": -27.884292602539062, "max": 27.484893798828125, "mean": -0.024734583449602474}, "misc": {"rmse": 5.505398820365543, "corr": 0.9984211671332768}, "unit": "W/m2"}