{"ref": {"min": 4.119238376617432, "max": 316.514892578125, "mean": 214.1287520816192}, "ref_regrid": {"min": 4.119238376617432, "max": 316.514892578125, "mean": 214.1287520816192, "std": 83.81324165579203}, "test": {"min": 4.502810478210449, "max": 317.2339782714844, "mean": 214.41755725518382}, "test_regrid": {"min": 4.502810478210449, "max": 317.2339782714844, "mean": 214.41755725518382, "std": 83.75012961360981}, "diff": {"min": -17.348373413085938, "max": 25.807693481445312, "mean": 0.2888051735645852}, "misc": {"rmse": 2.0368154567942476, "corr": 0.9997107132916753}, "unit": "W/m2"}