{"ref": {"min": 0.0, "max": 442.5120544433594, "mean": 297.1007639528766}, "ref_regrid": {"min": 0.0, "max": 442.5120544433594, "mean": 297.1007639528766, "std": 139.31161203272669}, "test": {"min": 0.0, "max": 442.62054443359375, "mean": 297.12169714747824}, "test_regrid": {"min": 0.0, "max": 442.62054443359375, "mean": 297.12169714747824, "std": 139.44000556899067}, "diff": {"min": -29.841140747070312, "max": 38.00056457519531, "mean": 0.020933194601577474}, "misc": {"rmse": 2.1387748992415823, "corr": 0.9998826949691019}, "unit": "W/m2"}