{"ref": {"min": 0.0, "max": 329.47418212890625, "mean": 204.1277083104216}, "ref_regrid": {"min": 0.0, "max": 329.47418212890625, "mean": 204.1277083104216, "std": 92.46479701780984}, "test": {"min": 0.0, "max": 326.96826171875, "mean": 204.31418633091567}, "test_regrid": {"min": 0.0, "max": 326.96826171875, "mean": 204.31418633091567, "std": 92.30685677783565}, "diff": {"min": -30.913253784179688, "max": 34.378173828125, "mean": 0.18647802049400003}, "misc": {"rmse": 3.6598265936562635, "corr": 0.9992188412869815}, "unit": "W/m2"}