{"ref": {"min": 23.869958877563477, "max": 287.05230712890625, "mean": 211.8636939156129}, "ref_regrid": {"min": 23.869958877563477, "max": 287.05230712890625, "mean": 211.8636939156129, "std": 65.27750914832092}, "test": {"min": 23.963909149169922, "max": 287.2276306152344, "mean": 212.03938358837647}, "test_regrid": {"min": 23.963909149169922, "max": 287.2276306152344, "mean": 212.03938358837647, "std": 65.31327305915434}, "diff": {"min": -11.179466247558594, "max": 24.664276123046875, "mean": 0.17568967276352818}, "misc": {"rmse": 2.1190522629380766, "corr": 0.999477160917685}, "unit": "W/m2"}