{"ref": {"min": 0.0, "max": 438.5192565917969, "mean": 249.54469695780296}, "ref_regrid": {"min": 0.0, "max": 438.5192565917969, "mean": 249.54469695780296, "std": 121.77934463819659}, "test": {"min": 0.0, "max": 437.2428283691406, "mean": 249.2576608186132}, "test_regrid": {"min": 0.0, "max": 437.2428283691406, "mean": 249.2576608186132, "std": 121.34751967851219}, "diff": {"min": -24.9110107421875, "max": 32.983917236328125, "mean": -0.28703613918972526}, "misc": {"rmse": 5.336153946277949, "corr": 0.9990456620277351}, "unit": "W/m2"}