{"ref": {"min": 0.0, "max": 351.2831726074219, "mean": 168.83283463211353}, "ref_regrid": {"min": 0.0, "max": 351.2831726074219, "mean": 168.83283463211353, "std": 91.52866993208664}, "test": {"min": 0.0, "max": 349.4658203125, "mean": 168.5392205997088}, "test_regrid": {"min": 0.0, "max": 349.4658203125, "mean": 168.5392205997088, "std": 91.05239100573388}, "diff": {"min": -29.538238525390625, "max": 32.65888977050781, "mean": -0.2936140324047032}, "misc": {"rmse": 6.018582788904863, "corr": 0.9978455308328641}, "unit": "W/m2"}