{"ref": {"min": 24.15163803100586, "max": 286.7970275878906, "mean": 211.90350637322055}, "ref_regrid": {"min": 24.15163803100586, "max": 286.7970275878906, "mean": 211.90350637322055, "std": 65.16258817481324}, "test": {"min": 24.289857864379883, "max": 286.8221130371094, "mean": 212.1451003789667}, "test_regrid": {"min": 24.289857864379883, "max": 286.8221130371094, "mean": 212.1451003789667, "std": 64.92119412130208}, "diff": {"min": -7.0401458740234375, "max": 11.935436248779297, "mean": 0.24159400574615914}, "misc": {"rmse": 1.284716019045947, "corr": 0.999818711661994}, "unit": "W/m2"}