{"ref": {"min": 15.865716934204102, "max": 270.2574462890625, "mean": 163.61861687327135}, "ref_regrid": {"min": 15.865716934204102, "max": 270.2574462890625, "mean": 163.61861687327135, "std": 65.48058982106116}, "test": {"min": 14.712790489196777, "max": 269.5187072753906, "mean": 163.13907598611792}, "test_regrid": {"min": 14.712790489196777, "max": 269.5187072753906, "mean": 163.13907598611792, "std": 65.46334990941723}, "diff": {"min": -28.753570556640625, "max": 22.490386962890625, "mean": -0.47954088715339915}, "misc": {"rmse": 4.866698746300148, "corr": 0.9972641934399281}, "unit": "W/m2"}