{"ref": {"min": 2.0333216190338135, "max": 315.21881103515625, "mean": 166.04386416334464}, "ref_regrid": {"min": 2.0333216190338135, "max": 315.21881103515625, "mean": 166.04386416334464, "std": 75.99219965457846}, "test": {"min": 2.266430377960205, "max": 315.3172912597656, "mean": 165.80231108098016}, "test_regrid": {"min": 2.266430377960205, "max": 315.3172912597656, "mean": 165.80231108098016, "std": 76.00263809601468}, "diff": {"min": -29.174102783203125, "max": 30.091094970703125, "mean": -0.24155308236443562}, "misc": {"rmse": 5.451122544786898, "corr": 0.9974326266854721}, "unit": "W/m2"}