{"ref": {"min": 0.0, "max": 417.56414794921875, "mean": 282.76275587663395}, "ref_regrid": {"min": 0.0, "max": 417.56414794921875, "mean": 282.76275587663395, "std": 124.61833523582509}, "test": {"min": 0.0, "max": 417.6944885253906, "mean": 283.15385747270795}, "test_regrid": {"min": 0.0, "max": 417.6944885253906, "mean": 283.15385747270795, "std": 124.6636239047497}, "diff": {"min": -8.63916015625, "max": 33.317962646484375, "mean": 0.3911015960740509}, "misc": {"rmse": 2.2839088975409023, "corr": 0.9998371057652984}, "unit": "W/m2"}