{"ref": {"min": 7.106459140777588, "max": 393.9109802246094, "mean": 286.031245373476}, "ref_regrid": {"min": 7.106459140777588, "max": 393.9109802246094, "mean": 286.031245373476, "std": 101.42143241088826}, "test": {"min": 7.040311813354492, "max": 394.06683349609375, "mean": 286.30143434298986}, "test_regrid": {"min": 7.040311813354492, "max": 394.06683349609375, "mean": 286.30143434298986, "std": 101.24613563967515}, "diff": {"min": -23.0845947265625, "max": 32.38166809082031, "mean": 0.2701889695138761}, "misc": {"rmse": 1.9771366451250152, "corr": 0.9998147085954194}, "unit": "W/m2"}