{"ref": {"min": 0.0, "max": 315.6433410644531, "mean": 155.9785079914585}, "ref_regrid": {"min": 0.0, "max": 315.6433410644531, "mean": 155.9785079914585, "std": 79.91379482223132}, "test": {"min": 0.0, "max": 314.8736877441406, "mean": 155.4206269957789}, "test_regrid": {"min": 0.0, "max": 314.8736877441406, "mean": 155.4206269957789, "std": 79.62769206622359}, "diff": {"min": -65.00654602050781, "max": 55.850990295410156, "mean": -0.5578809956796436}, "misc": {"rmse": 9.739427999155662, "corr": 0.9925775446705806}, "unit": "W/m2"}