{"ref": {"min": -13.775064468383789, "max": 340.8553161621094, "mean": 91.73617693147743}, "ref_regrid": {"min": -13.775064468383789, "max": 340.8553161621094, "mean": 91.73617693147743, "std": 64.70402301258}, "test": {"min": -9.602401733398438, "max": 353.0884704589844, "mean": 91.86143839944505}, "test_regrid": {"min": -9.602401733398438, "max": 353.0884704589844, "mean": 91.86143839944505, "std": 65.01211553411183}, "diff": {"min": -68.18505859375, "max": 82.06504821777344, "mean": 0.12526146771899083}, "misc": {"rmse": 14.097765097302506, "corr": 0.9763896084340297}, "unit": "W/m2"}