{"ref": {"min": -7.334339141845703, "max": 257.60919189453125, "mean": 93.10191178108775}, "ref_regrid": {"min": -7.334339141845703, "max": 257.60919189453125, "mean": 93.10191178108775, "std": 56.743509692578776}, "test": {"min": -5.46134614944458, "max": 259.00262451171875, "mean": 92.88504417144146}, "test_regrid": {"min": -5.46134614944458, "max": 259.00262451171875, "mean": 92.88504417144146, "std": 55.927568512325436}, "diff": {"min": -57.21208190917969, "max": 45.39540100097656, "mean": -0.21686760975886527}, "misc": {"rmse": 9.173349595871816, "corr": 0.9868541271819863}, "unit": "W/m2"}