{"ref": {"min": -3.347628116607666, "max": 289.7669372558594, "mean": 90.80779364993823}, "ref_regrid": {"min": -3.347628116607666, "max": 289.7669372558594, "mean": 90.80779364993823, "std": 56.45243003603975}, "test": {"min": -3.4766170978546143, "max": 276.0063171386719, "mean": 90.8059297076833}, "test_regrid": {"min": -3.4766170978546143, "max": 276.0063171386719, "mean": 90.8059297076833, "std": 56.03343086584571}, "diff": {"min": -57.34767150878906, "max": 47.8035888671875, "mean": -0.0018639422455654633}, "misc": {"rmse": 10.08602228814708, "corr": 0.9839479749810182}, "unit": "W/m2"}