{"ref": {"min": -24.844987869262695, "max": 411.83319091796875, "mean": 94.99545704265635}, "ref_regrid": {"min": -24.844987869262695, "max": 411.83319091796875, "mean": 94.99545704265635, "std": 61.97972111627771}, "test": {"min": -26.848459243774414, "max": 418.33538818359375, "mean": 94.46437840385288}, "test_regrid": {"min": -26.848459243774414, "max": 418.33538818359375, "mean": 94.46437840385288, "std": 61.77791731159771}, "diff": {"min": -44.67051696777344, "max": 40.6337890625, "mean": -0.5310786386874609}, "misc": {"rmse": 8.501302250207116, "corr": 0.990604624997078}, "unit": "W/m2"}