{"ref": {"min": -5.203465461730957, "max": 338.80780029296875, "mean": 92.06644644081531}, "ref_regrid": {"min": -5.203465461730957, "max": 338.80780029296875, "mean": 92.06644644081531, "std": 66.28938214769029}, "test": {"min": -7.001424789428711, "max": 361.2896423339844, "mean": 91.89098309297282}, "test_regrid": {"min": -7.001424789428711, "max": 361.2896423339844, "mean": 91.89098309297282, "std": 66.29860440350134}, "diff": {"min": -46.92555236816406, "max": 46.87908935546875, "mean": -0.17546334787214268}, "misc": {"rmse": 8.810004601273523, "corr": 0.9911732435833147}, "unit": "W/m2"}