{"ref": {"min": -2.171740770339966, "max": 261.3117980957031, "mean": 92.5992617374004}, "ref_regrid": {"min": -2.171740770339966, "max": 261.3117980957031, "mean": 92.5992617374004, "std": 55.12262883159718}, "test": {"min": -2.0997800827026367, "max": 249.94480895996094, "mean": 92.2985058353673}, "test_regrid": {"min": -2.0997800827026367, "max": 249.94480895996094, "mean": 92.2985058353673, "std": 54.83551889287444}, "diff": {"min": -32.46141052246094, "max": 28.68708038330078, "mean": -0.3007559019922328}, "misc": {"rmse": 7.693769145285156, "corr": 0.990236935737884}, "unit": "W/m2"}