{"ref": {"min": -28.07113265991211, "max": 384.9084777832031, "mean": 94.8502331107301}, "ref_regrid": {"min": -28.07113265991211, "max": 384.9084777832031, "mean": 94.8502331107301, "std": 62.6561130760793}, "test": {"min": -32.952449798583984, "max": 359.106201171875, "mean": 94.18047108249878}, "test_regrid": {"min": -32.952449798583984, "max": 359.106201171875, "mean": 94.18047108249878, "std": 62.74097501595396}, "diff": {"min": -81.73867797851562, "max": 87.05123901367188, "mean": -0.6697620281978519}, "misc": {"rmse": 16.141861376069528, "corr": 0.9669172078079701}, "unit": "W/m2"}