{"ref": {"min": -1.7489328384399414, "max": 268.4043884277344, "mean": 92.74290224392756}, "ref_regrid": {"min": -1.7489328384399414, "max": 268.4043884277344, "mean": 92.74290224392756, "std": 55.058317289136426}, "test": {"min": -1.7539031505584717, "max": 263.2748107910156, "mean": 92.51158387869945}, "test_regrid": {"min": -1.7539031505584717, "max": 263.2748107910156, "mean": 92.51158387869945, "std": 54.661987346531724}, "diff": {"min": -22.367843627929688, "max": 22.332427978515625, "mean": -0.23131836522841276}, "misc": {"rmse": 4.537794629194475, "corr": 0.996613999359994}, "unit": "W/m2"}