{"ref": {"min": -0.5917011499404907, "max": 106.31181335449219, "mean": 23.1097238754588}, "ref_regrid": {"min": -0.5917011499404907, "max": 106.31181335449219, "mean": 23.1097238754588, "std": 11.061660011999399}, "test": {"min": -0.7158973813056946, "max": 105.3172836303711, "mean": 23.130514136890223}, "test_regrid": {"min": -0.7158973813056946, "max": 105.3172836303711, "mean": 23.130514136890223, "std": 10.942848971066478}, "diff": {"min": -15.895341873168945, "max": 12.028152465820312, "mean": 0.020790261426895818}, "misc": {"rmse": 2.687362144191303, "corr": 0.9702288285829131}, "unit": "W/m2"}