{"ref": {"min": 0.4046478271484375, "max": 71.9175796508789, "mean": 26.699774565911415}, "ref_regrid": {"min": 0.4046478271484375, "max": 71.9175796508789, "mean": 26.699774565911415, "std": 19.373337389135123}, "test": {"min": 0.27716064453125, "max": 69.59615325927734, "mean": 26.1192534661545}, "test_regrid": {"min": 0.27716064453125, "max": 69.59615325927734, "mean": 26.1192534661545, "std": 18.814637773298145}, "diff": {"min": -17.810321807861328, "max": 11.770477294921875, "mean": -0.5805210997569179}, "misc": {"rmse": 2.4824746846050054, "corr": 0.9924369066015449}, "unit": "W/m2"}