{"ref": {"min": 0.3921976089477539, "max": 94.29756164550781, "mean": 22.53961858564934}, "ref_regrid": {"min": 0.3921976089477539, "max": 94.29756164550781, "mean": 22.53961858564934, "std": 13.69061433705871}, "test": {"min": 0.3791995048522949, "max": 95.41323852539062, "mean": 22.318013167376296}, "test_regrid": {"min": 0.3791995048522949, "max": 95.41323852539062, "mean": 22.318013167376296, "std": 14.028268306582994}, "diff": {"min": -17.71662139892578, "max": 16.791667938232422, "mean": -0.22160541823875338}, "misc": {"rmse": 2.964523303776646, "corr": 0.9775448393453993}, "unit": "W/m2"}