{"ref": {"min": 1.2978668212890625, "max": 69.50128173828125, "mean": 26.39927624953829}, "ref_regrid": {"min": 1.2978668212890625, "max": 69.50128173828125, "mean": 26.39927624953829, "std": 18.37739578357972}, "test": {"min": 1.3930206298828125, "max": 67.49227142333984, "mean": 25.728231715324945}, "test_regrid": {"min": 1.3930206298828125, "max": 67.49227142333984, "mean": 25.728231715324945, "std": 17.717774461897385}, "diff": {"min": -7.199268341064453, "max": 4.089641571044922, "mean": -0.671044534213345}, "misc": {"rmse": 1.3625298979824083, "corr": 0.9985088035164352}, "unit": "W/m2"}