{"ref": {"min": 0.12258148193359375, "max": 74.0137939453125, "mean": 27.427142754626217}, "ref_regrid": {"min": 0.12258148193359375, "max": 74.0137939453125, "mean": 27.427142754626217, "std": 19.526546820118156}, "test": {"min": 0.104736328125, "max": 73.08788299560547, "mean": 26.696348665121036}, "test_regrid": {"min": 0.104736328125, "max": 73.08788299560547, "mean": 26.696348665121036, "std": 18.780766656941704}, "diff": {"min": -15.555622100830078, "max": 11.175544738769531, "mean": -0.7307940895051783}, "misc": {"rmse": 2.347512044433189, "corr": 0.9939728918288508}, "unit": "W/m2"}