{"ref": {"min": -0.9926090240478516, "max": 97.38433074951172, "mean": 23.165148415241294}, "ref_regrid": {"min": -0.9926090240478516, "max": 97.38433074951172, "mean": 23.165148415241294, "std": 10.576570418176692}, "test": {"min": -0.9398429989814758, "max": 99.22032165527344, "mean": 23.132159747206327}, "test_regrid": {"min": -0.9398429989814758, "max": 99.22032165527344, "mean": 23.132159747206327, "std": 10.699735283222692}, "diff": {"min": -8.129352569580078, "max": 8.014896392822266, "mean": -0.03298866803560255}, "misc": {"rmse": 1.6242159565722392, "corr": 0.9884160972183805}, "unit": "W/m2"}