{"ref": {"min": -2.4450435638427734, "max": 125.225830078125, "mean": 23.507694876307124}, "ref_regrid": {"min": -2.4450435638427734, "max": 125.225830078125, "mean": 23.507694876307124, "std": 14.512833634829734}, "test": {"min": -2.5176212787628174, "max": 132.2556915283203, "mean": 23.591962846824977}, "test_regrid": {"min": -2.5176212787628174, "max": 132.2556915283203, "mean": 23.591962846824977, "std": 14.715828806205481}, "diff": {"min": -18.289520263671875, "max": 15.345928192138672, "mean": 0.0842679705210492}, "misc": {"rmse": 3.027971647770028, "corr": 0.9786478125778669}, "unit": "W/m2"}