{"ref": {"min": -3.145534038543701, "max": 104.59748840332031, "mean": 23.644181844664494}, "ref_regrid": {"min": -3.145534038543701, "max": 104.59748840332031, "mean": 23.644181844664494, "std": 11.719830798154582}, "test": {"min": -2.8018312454223633, "max": 106.54458618164062, "mean": 23.755496639164267}, "test_regrid": {"min": -2.8018312454223633, "max": 106.54458618164062, "mean": 23.755496639164267, "std": 12.002816751033333}, "diff": {"min": -19.571186065673828, "max": 19.093168258666992, "mean": 0.11131479439404161}, "misc": {"rmse": 3.5235150039707315, "corr": 0.9562003272625926}, "unit": "W/m2"}