{"ref": {"min": -0.20660345256328583, "max": 96.5719223022461, "mean": 22.344283479566666}, "ref_regrid": {"min": -0.20660345256328583, "max": 96.5719223022461, "mean": 22.344283479566666, "std": 13.828756870406616}, "test": {"min": 0.09684726595878601, "max": 103.01500701904297, "mean": 22.278752459385895}, "test_regrid": {"min": 0.09684726595878601, "max": 103.01500701904297, "mean": 22.278752459385895, "std": 14.308711777562069}, "diff": {"min": -27.7982234954834, "max": 32.72571563720703, "mean": -0.06553101991733884}, "misc": {"rmse": 5.137612344928799, "corr": 0.9338955249266426}, "unit": "W/m2"}