{"ref": {"min": 0.573211669921875, "max": 70.938232421875, "mean": 26.359678776889773}, "ref_regrid": {"min": 0.573211669921875, "max": 70.938232421875, "mean": 26.359678776889773, "std": 18.450300688960994}, "test": {"min": 1.2411346435546875, "max": 68.05714416503906, "mean": 25.76524914679732}, "test_regrid": {"min": 1.2411346435546875, "max": 68.05714416503906, "mean": 25.76524914679732, "std": 17.78698975232724}, "diff": {"min": -12.725322723388672, "max": 10.36861801147461, "mean": -0.5944296300924553}, "misc": {"rmse": 1.9614597225536528, "corr": 0.9953470053150748}, "unit": "W/m2"}