{"ref": {"min": 0.2125396728515625, "max": 73.12649536132812, "mean": 25.31994437703418}, "ref_regrid": {"min": 0.2125396728515625, "max": 73.12649536132812, "mean": 25.31994437703418, "std": 19.060493990784767}, "test": {"min": 0.13275909423828125, "max": 70.72399139404297, "mean": 24.765458238801987}, "test_regrid": {"min": 0.13275909423828125, "max": 70.72399139404297, "mean": 24.765458238801987, "std": 18.538499932820837}, "diff": {"min": -25.658302307128906, "max": 17.625446319580078, "mean": -0.5544861382321968}, "misc": {"rmse": 3.442612194488175, "corr": 0.9840504446605044}, "unit": "W/m2"}