{"ref": {"min": 0.9397506713867188, "max": 70.61174011230469, "mean": 26.126643329704233}, "ref_regrid": {"min": 0.9397506713867188, "max": 70.61174011230469, "mean": 26.126643329704233, "std": 19.071865694457525}, "test": {"min": 0.8480758666992188, "max": 69.03202056884766, "mean": 25.454217812531706}, "test_regrid": {"min": 0.8480758666992188, "max": 69.03202056884766, "mean": 25.454217812531706, "std": 18.490687081989087}, "diff": {"min": -11.027351379394531, "max": 11.364921569824219, "mean": -0.6724255171725304}, "misc": {"rmse": 2.308294454801057, "corr": 0.9935654703006072}, "unit": "W/m2"}