{"ref": {"min": 0.0423126220703125, "max": 74.32503509521484, "mean": 27.262346866640957}, "ref_regrid": {"min": 0.0423126220703125, "max": 74.32503509521484, "mean": 27.262346866640957, "std": 19.64692889063254}, "test": {"min": 0.01336669921875, "max": 76.08228302001953, "mean": 26.639962497151753}, "test_regrid": {"min": 0.01336669921875, "max": 76.08228302001953, "mean": 26.639962497151753, "std": 18.896936781469584}, "diff": {"min": -19.326374053955078, "max": 21.894058227539062, "mean": -0.6223843694892052}, "misc": {"rmse": 3.7364667337068145, "corr": 0.9824771098144962}, "unit": "W/m2"}