{"ref": {"min": 0.38959503173828125, "max": 74.42542266845703, "mean": 25.343544345183265}, "ref_regrid": {"min": 0.38959503173828125, "max": 74.42542266845703, "mean": 25.343544345183265, "std": 19.05968754310389}, "test": {"min": 0.28022003173828125, "max": 70.238037109375, "mean": 24.643106982425262}, "test_regrid": {"min": 0.28022003173828125, "max": 70.238037109375, "mean": 24.643106982425262, "std": 18.280440526637932}, "diff": {"min": -14.302787780761719, "max": 9.180778503417969, "mean": -0.7004373627580033}, "misc": {"rmse": 2.1728859951754034, "corr": 0.9947999536466164}, "unit": "W/m2"}