{"ref": {"min": -1.3711639642715454, "max": 119.15068817138672, "mean": 22.96909835584082}, "ref_regrid": {"min": -1.3711639642715454, "max": 119.15068817138672, "mean": 22.96909835584082, "std": 12.151598826891215}, "test": {"min": -0.5361819267272949, "max": 121.35111999511719, "mean": 22.863166329420036}, "test_regrid": {"min": -0.5361819267272949, "max": 121.35111999511719, "mean": 22.863166329420036, "std": 12.311943274376421}, "diff": {"min": -21.452957153320312, "max": 13.741710662841797, "mean": -0.10593202642501519}, "misc": {"rmse": 3.1569182644233544, "corr": 0.9668163402450632}, "unit": "W/m2"}