{"ref": {"min": -2.17681884765625, "max": 128.51129150390625, "mean": 23.519714867587567}, "ref_regrid": {"min": -2.17681884765625, "max": 128.51129150390625, "mean": 23.519714867587567, "std": 14.977194839959903}, "test": {"min": -2.289485216140747, "max": 134.7954559326172, "mean": 23.77373749461445}, "test_regrid": {"min": -2.289485216140747, "max": 134.7954559326172, "mean": 23.77373749461445, "std": 15.10965690205523}, "diff": {"min": -26.280902862548828, "max": 27.232723236083984, "mean": 0.2540226270488317}, "misc": {"rmse": 4.997748438506468, "corr": 0.9449947290286344}, "unit": "W/m2"}