{"ref": {"min": -254.00314331054688, "max": 178.54290771484375, "mean": 2.6101538495810694}, "ref_regrid": {"min": -254.00314331054688, "max": 178.54290771484375, "mean": 2.6101538495810694, "std": 48.247459930357046}, "test": {"min": -231.84719848632812, "max": 180.41590881347656, "mean": 3.3904528589321505}, "test_regrid": {"min": -231.84719848632812, "max": 180.41590881347656, "mean": 3.3904528589321505, "std": 48.68986829751427}, "diff": {"min": -56.2775764465332, "max": 56.310272216796875, "mean": 0.7802990088823671}, "misc": {"rmse": 11.712960997004595, "corr": 0.9709707481464747}, "unit": "W/m2"}