{"ref": {"min": -224.11859130859375, "max": 155.7463836669922, "mean": 4.081827783101162}, "ref_regrid": {"min": -224.11859130859375, "max": 155.7463836669922, "mean": 4.081827783101162, "std": 31.742642585978807}, "test": {"min": -224.13687133789062, "max": 153.71047973632812, "mean": 4.797410856084955}, "test_regrid": {"min": -224.13687133789062, "max": 153.71047973632812, "mean": 4.797410856084955, "std": 31.967055056669192}, "diff": {"min": -28.989913940429688, "max": 25.339908599853516, "mean": 0.7155830726009514}, "misc": {"rmse": 5.545545437556777, "corr": 0.9851236354451723}, "unit": "W/m2"}