{"ref": {"min": -68.54756164550781, "max": 15.00140380859375, "mean": -22.102455203600776}, "ref_regrid": {"min": -68.54756164550781, "max": 15.00140380859375, "mean": -22.102455203600776, "std": 14.166346885641929}, "test": {"min": -66.88623046875, "max": 13.923826217651367, "mean": -22.65374388855879}, "test_regrid": {"min": -66.88623046875, "max": 13.923826217651367, "mean": -22.65374388855879, "std": 14.350299557977301}, "diff": {"min": -21.69068145751953, "max": 14.672319412231445, "mean": -0.5512886849583147}, "misc": {"rmse": 3.20082683785021, "corr": 0.9756321753775893}, "unit": "W/m2"}