{"ref": {"min": -293.03204345703125, "max": 187.3039093017578, "mean": 8.341933930447153}, "ref_regrid": {"min": -293.03204345703125, "max": 187.3039093017578, "mean": 8.341933930447153, "std": 51.07365848646755}, "test": {"min": -261.6944274902344, "max": 186.82130432128906, "mean": 8.895184107118135}, "test_regrid": {"min": -261.6944274902344, "max": 186.82130432128906, "mean": 8.895184107118135, "std": 50.38273101538203}, "diff": {"min": -54.659637451171875, "max": 76.50492858886719, "mean": 0.5532501763980554}, "misc": {"rmse": 12.863053398377929, "corr": 0.968002345254066}, "unit": "W/m2"}