{"ref": {"min": -139.41329956054688, "max": 73.93143463134766, "mean": -24.049557924069287}, "ref_regrid": {"min": -139.41329956054688, "max": 73.93143463134766, "mean": -24.049557924069287, "std": 37.377620029988506}, "test": {"min": -137.11895751953125, "max": 70.83090209960938, "mean": -25.1778173696596}, "test_regrid": {"min": -137.11895751953125, "max": 70.83090209960938, "mean": -25.1778173696596, "std": 37.49702137438165}, "diff": {"min": -24.0189266204834, "max": 30.23418426513672, "mean": -1.128259445590311}, "misc": {"rmse": 4.860277755058549, "corr": 0.992032006341581}, "unit": "W/m2"}