{"ref": {"min": -125.29164123535156, "max": 31.826595306396484, "mean": -21.95121452776372}, "ref_regrid": {"min": -125.29164123535156, "max": 31.826595306396484, "mean": -21.95121452776372, "std": 28.708087981210785}, "test": {"min": -129.19601440429688, "max": 29.87240219116211, "mean": -22.270350998622632}, "test_regrid": {"min": -129.19601440429688, "max": 29.87240219116211, "mean": -22.270350998622632, "std": 28.93172834489183}, "diff": {"min": -25.41046142578125, "max": 27.695030212402344, "mean": -0.31913647084908053}, "misc": {"rmse": 4.195054321820257, "corr": 0.9894972608932623}, "unit": "W/m2"}