{"ref": {"min": -139.74729919433594, "max": 44.129173278808594, "mean": -25.31323611756259}, "ref_regrid": {"min": -139.74729919433594, "max": 44.129173278808594, "mean": -25.31323611756259, "std": 32.08506297704612}, "test": {"min": -137.19973754882812, "max": 44.565242767333984, "mean": -25.899447280039904}, "test_regrid": {"min": -137.19973754882812, "max": 44.565242767333984, "mean": -25.899447280039904, "std": 32.411893297603086}, "diff": {"min": -22.24573516845703, "max": 17.349346160888672, "mean": -0.5862111624871319}, "misc": {"rmse": 3.9162101316786733, "corr": 0.9928427241624281}, "unit": "W/m2"}