{"ref": {"min": -130.8321990966797, "max": 46.65495300292969, "mean": -21.975892014167254}, "ref_regrid": {"min": -130.8321990966797, "max": 46.65495300292969, "mean": -21.975892014167254, "std": 19.36057250492493}, "test": {"min": -127.47654724121094, "max": 45.89624786376953, "mean": -23.062608957960474}, "test_regrid": {"min": -127.47654724121094, "max": 45.89624786376953, "mean": -23.062608957960474, "std": 18.88008703705387}, "diff": {"min": -9.603750228881836, "max": 9.648284912109375, "mean": -1.0867169437932243}, "misc": {"rmse": 2.59877316828104, "corr": 0.9926930590709305}, "unit": "W/m2"}