{"ref": {"min": -453.2853698730469, "max": 216.54087829589844, "mean": 11.5711872968826}, "ref_regrid": {"min": -453.2853698730469, "max": 216.54087829589844, "mean": 11.5711872968826, "std": 93.39964218882746}, "test": {"min": -487.34783935546875, "max": 216.3655548095703, "mean": 12.204658802256345}, "test_regrid": {"min": -487.34783935546875, "max": 216.3655548095703, "mean": 12.204658802256345, "std": 93.42703881728073}, "diff": {"min": -74.58517456054688, "max": 60.494346618652344, "mean": 0.6334715052142964}, "misc": {"rmse": 11.281163089106379, "corr": 0.992730813652979}, "unit": "W/m2"}