{"ref": {"min": -131.86260986328125, "max": 61.114593505859375, "mean": -19.7933782304526}, "ref_regrid": {"min": -131.86260986328125, "max": 61.114593505859375, "mean": -19.7933782304526, "std": 25.13290117333469}, "test": {"min": -126.76171875, "max": 53.95402145385742, "mean": -20.777495316009407}, "test_regrid": {"min": -126.76171875, "max": 53.95402145385742, "mean": -20.777495316009407, "std": 24.93393408579998}, "diff": {"min": -25.302471160888672, "max": 24.46013641357422, "mean": -0.9841170855568094}, "misc": {"rmse": 4.614129570935193, "corr": 0.983817342128804}, "unit": "W/m2"}