{"ref": {"min": -136.55470275878906, "max": 33.42136001586914, "mean": -22.07925853203764}, "ref_regrid": {"min": -136.55470275878906, "max": 33.42136001586914, "mean": -22.07925853203764, "std": 29.227246972167823}, "test": {"min": -138.68951416015625, "max": 33.939048767089844, "mean": -22.46967253486364}, "test_regrid": {"min": -138.68951416015625, "max": 33.939048767089844, "mean": -22.46967253486364, "std": 29.750067132377932}, "diff": {"min": -54.150657653808594, "max": 46.67219924926758, "mean": -0.3904140027004011}, "misc": {"rmse": 6.961287411798455, "corr": 0.9723789163176249}, "unit": "W/m2"}