{"ref": {"min": -83.40658569335938, "max": 21.02237892150879, "mean": -19.47947550761046}, "ref_regrid": {"min": -83.40658569335938, "max": 21.02237892150879, "mean": -19.47947550761046, "std": 17.48901745256709}, "test": {"min": -83.9467544555664, "max": 19.22544288635254, "mean": -19.66308417748018}, "test_regrid": {"min": -83.9467544555664, "max": 19.22544288635254, "mean": -19.66308417748018, "std": 17.71429985619783}, "diff": {"min": -23.163043975830078, "max": 17.025524139404297, "mean": -0.18360866987231814}, "misc": {"rmse": 3.7150027713744844, "corr": 0.9778622844781842}, "unit": "W/m2"}