{"ref": {"min": -144.1187286376953, "max": 49.27952575683594, "mean": -21.885398266062182}, "ref_regrid": {"min": -144.1187286376953, "max": 49.27952575683594, "mean": -21.885398266062182, "std": 19.753950339972413}, "test": {"min": -132.82571411132812, "max": 45.40875244140625, "mean": -23.135058460558117}, "test_regrid": {"min": -132.82571411132812, "max": 45.40875244140625, "mean": -23.135058460558117, "std": 19.243347786887057}, "diff": {"min": -21.202281951904297, "max": 18.98748016357422, "mean": -1.2496601944959314}, "misc": {"rmse": 4.04320892033543, "corr": 0.9808945744765024}, "unit": "W/m2"}