{"ref": {"min": -165.6842803955078, "max": 66.22996520996094, "mean": -21.385113354409746}, "ref_regrid": {"min": -165.6842803955078, "max": 66.22996520996094, "mean": -21.385113354409746, "std": 27.178633195999033}, "test": {"min": -162.32968139648438, "max": 64.2180404663086, "mean": -22.49599271616503}, "test_regrid": {"min": -162.32968139648438, "max": 64.2180404663086, "mean": -22.49599271616503, "std": 27.091656340132023}, "diff": {"min": -25.40033721923828, "max": 26.513263702392578, "mean": -1.1108793617552861}, "misc": {"rmse": 4.426648751449352, "corr": 0.9875368417307963}, "unit": "W/m2"}