{"ref": {"min": -216.58570861816406, "max": 156.90625, "mean": 4.26683490923536}, "ref_regrid": {"min": -216.58570861816406, "max": 156.90625, "mean": 4.26683490923536, "std": 32.356516269330484}, "test": {"min": -228.89059448242188, "max": 151.28628540039062, "mean": 4.816505339643889}, "test_regrid": {"min": -228.89059448242188, "max": 151.28628540039062, "mean": 4.816505339643889, "std": 32.38411460431762}, "diff": {"min": -39.115753173828125, "max": 48.149383544921875, "mean": 0.5496704305860074}, "misc": {"rmse": 9.563526943107716, "corr": 0.9565017568157543}, "unit": "W/m2"}