{"ref": {"min": -141.35525512695312, "max": 40.31229782104492, "mean": -24.84369203892991}, "ref_regrid": {"min": -141.35525512695312, "max": 40.31229782104492, "mean": -24.84369203892991, "std": 32.085018598433415}, "test": {"min": -138.8381805419922, "max": 40.11960983276367, "mean": -25.450743389449965}, "test_regrid": {"min": -138.8381805419922, "max": 40.11960983276367, "mean": -25.450743389449965, "std": 31.981988323195115}, "diff": {"min": -31.722991943359375, "max": 36.49722671508789, "mean": -0.6070513506191595}, "misc": {"rmse": 6.228211173638468, "corr": 0.9812835541461645}, "unit": "W/m2"}