{"ref": {"min": -349.5736389160156, "max": 247.7843017578125, "mean": -6.195963902851024}, "ref_regrid": {"min": -349.5736389160156, "max": 247.7843017578125, "mean": -6.195963902851024, "std": 81.9934606008928}, "test": {"min": -349.93701171875, "max": 239.00326538085938, "mean": -5.300652032814917}, "test_regrid": {"min": -349.93701171875, "max": 239.00326538085938, "mean": -5.300652032814917, "std": 82.24024791968806}, "diff": {"min": -57.5068359375, "max": 54.75554656982422, "mean": 0.8953118699334732}, "misc": {"rmse": 10.072075763651112, "corr": 0.9925417622439088}, "unit": "W/m2"}