{"ref": {"min": -171.4089813232422, "max": 69.2729721069336, "mean": -22.829255948778272}, "ref_regrid": {"min": -171.4089813232422, "max": 69.2729721069336, "mean": -22.829255948778272, "std": 37.252150274285825}, "test": {"min": -170.70883178710938, "max": 66.3605728149414, "mean": -24.128101101404376}, "test_regrid": {"min": -170.70883178710938, "max": 66.3605728149414, "mean": -24.128101101404376, "std": 37.2244061550975}, "diff": {"min": -47.76293182373047, "max": 39.83473587036133, "mean": -1.2988451526259166}, "misc": {"rmse": 7.698195116935292, "corr": 0.9792403223287655}, "unit": "W/m2"}