{"ref": {"min": -141.06900024414062, "max": 74.17539978027344, "mean": -23.511734595236746}, "ref_regrid": {"min": -141.06900024414062, "max": 74.17539978027344, "mean": -23.511734595236746, "std": 37.56381044398073}, "test": {"min": -133.0852508544922, "max": 70.39901733398438, "mean": -24.710371381132216}, "test_regrid": {"min": -133.0852508544922, "max": 70.39901733398438, "mean": -24.710371381132216, "std": 37.58840226195462}, "diff": {"min": -41.19042205810547, "max": 38.05870056152344, "mean": -1.1986367858954694}, "misc": {"rmse": 7.8355325732906405, "corr": 0.9787677834489102}, "unit": "W/m2"}