{"ref": {"min": -340.095458984375, "max": 244.78173828125, "mean": -6.4451707650653995}, "ref_regrid": {"min": -340.095458984375, "max": 244.78173828125, "mean": -6.4451707650653995, "std": 82.34694492935132}, "test": {"min": -370.4127502441406, "max": 248.0257568359375, "mean": -5.5394103447550025}, "test_regrid": {"min": -370.4127502441406, "max": 248.0257568359375, "mean": -5.5394103447550025, "std": 82.84264373601795}, "diff": {"min": -126.70967102050781, "max": 103.46504974365234, "mean": 0.9057604196921915}, "misc": {"rmse": 20.35320771510373, "corr": 0.9697158667625133}, "unit": "W/m2"}