{"ref": {"min": -162.54571533203125, "max": 67.33441162109375, "mean": -22.67551845883118}, "ref_regrid": {"min": -162.54571533203125, "max": 67.33441162109375, "mean": -22.67551845883118, "std": 36.590912250627376}, "test": {"min": -161.71835327148438, "max": 64.69540405273438, "mean": -23.799130433910516}, "test_regrid": {"min": -161.71835327148438, "max": 64.69540405273438, "mean": -23.799130433910516, "std": 36.34221993791944}, "diff": {"min": -26.506671905517578, "max": 22.548259735107422, "mean": -1.1236119750759115}, "misc": {"rmse": 4.816226703092605, "corr": 0.9917762934560448}, "unit": "W/m2"}