{"ref": {"min": -103.51560974121094, "max": 21.016658782958984, "mean": -21.91723369476297}, "ref_regrid": {"min": -103.51560974121094, "max": 21.016658782958984, "mean": -21.91723369476297, "std": 21.185053073266218}, "test": {"min": -99.1731185913086, "max": 17.73464584350586, "mean": -22.501707892928046}, "test_regrid": {"min": -99.1731185913086, "max": 17.73464584350586, "mean": -22.501707892928046, "std": 21.615824490682172}, "diff": {"min": -20.075584411621094, "max": 19.822463989257812, "mean": -0.5844741981929021}, "misc": {"rmse": 3.5482155253850634, "corr": 0.9868292143480852}, "unit": "W/m2"}