{"ref": {"min": -69.72978210449219, "max": 11.86013412475586, "mean": -22.1652899645415}, "ref_regrid": {"min": -69.72978210449219, "max": 11.86013412475586, "mean": -22.1652899645415, "std": 13.879348442014972}, "test": {"min": -66.89852905273438, "max": 12.073150634765625, "mean": -22.583647581917017}, "test_regrid": {"min": -66.89852905273438, "max": 12.073150634765625, "mean": -22.583647581917017, "std": 14.020782961554016}, "diff": {"min": -8.599201202392578, "max": 10.166778564453125, "mean": -0.41835761737551097}, "misc": {"rmse": 2.032103159261927, "corr": 0.9898909817244192}, "unit": "W/m2"}