{"ref": {"min": -411.35723876953125, "max": 231.5825653076172, "mean": 12.474193592645216}, "ref_regrid": {"min": -411.35723876953125, "max": 231.5825653076172, "mean": 12.474193592645216, "std": 89.81824771196027}, "test": {"min": -476.2170715332031, "max": 227.41409301757812, "mean": 12.617232549883328}, "test_regrid": {"min": -476.2170715332031, "max": 227.41409301757812, "mean": 12.617232549883328, "std": 90.09944020439897}, "diff": {"min": -86.07720947265625, "max": 109.84414672851562, "mean": 0.14303895826713317}, "misc": {"rmse": 19.05587649169962, "corr": 0.9775703687227094}, "unit": "W/m2"}