{"ref": {"min": -331.4672546386719, "max": 167.4793243408203, "mean": -0.32699192835455954}, "ref_regrid": {"min": -331.4672546386719, "max": 167.4793243408203, "mean": -0.32699192835455954, "std": 26.08334222238641}, "test": {"min": -314.676025390625, "max": 132.0414276123047, "mean": -0.32897417015905767}, "test_regrid": {"min": -314.676025390625, "max": 132.0414276123047, "mean": -0.32897417015905767, "std": 25.884360799384844}, "diff": {"min": -85.29875183105469, "max": 52.704559326171875, "mean": -0.0019822429333292728}, "misc": {"rmse": 10.079071721102007, "corr": 0.9247959750377136}, "unit": "mbar/day"}