{"ref": {"min": -388.50323486328125, "max": 643.4928588867188, "mean": -0.1750544969335111}, "ref_regrid": {"min": -388.50323486328125, "max": 643.4928588867188, "mean": -0.1750544969335111, "std": 33.94861027258241}, "test": {"min": -374.05389404296875, "max": 599.6632690429688, "mean": -0.16018338816966923}, "test_regrid": {"min": -374.05389404296875, "max": 599.6632690429688, "mean": -0.16018338816966923, "std": 33.78442239504833}, "diff": {"min": -155.13815307617188, "max": 168.54214477539062, "mean": 0.015093605751895887}, "misc": {"rmse": 9.4458781580955, "corr": 0.9609607804032136}, "unit": "mbar/day"}