{"ref": {"min": -324.9839782714844, "max": 839.9915771484375, "mean": -0.19991649422191116}, "ref_regrid": {"min": -324.9839782714844, "max": 839.9915771484375, "mean": -0.19991649422191116, "std": 37.74540509115356}, "test": {"min": -325.7308349609375, "max": 941.3685302734375, "mean": -0.1906308352962647}, "test_regrid": {"min": -325.7308349609375, "max": 941.3685302734375, "mean": -0.1906308352962647, "std": 37.52917997746003}, "diff": {"min": -222.58694458007812, "max": 241.10520935058594, "mean": -0.052224750579148736}, "misc": {"rmse": 14.65958121077057, "corr": 0.9234812356834594}, "unit": "mbar/day"}