{"ref": {"min": -236.49237060546875, "max": 125.48648071289062, "mean": -0.3204122614115376}, "ref_regrid": {"min": -236.49237060546875, "max": 125.48648071289062, "mean": -0.3204122614115376, "std": 22.461484086070143}, "test": {"min": -222.9501190185547, "max": 125.71498107910156, "mean": -0.3243873362306347}, "test_regrid": {"min": -222.9501190185547, "max": 125.71498107910156, "mean": -0.3243873362306347, "std": 22.07563114503763}, "diff": {"min": -29.37244415283203, "max": 26.324073791503906, "mean": -0.0039750746248321586}, "misc": {"rmse": 4.89811381533216, "corr": 0.975957899168901}, "unit": "mbar/day"}