{"ref": {"min": -266.6213684082031, "max": 138.2707977294922, "mean": -0.3204227190813889}, "ref_regrid": {"min": -266.6213684082031, "max": 138.2707977294922, "mean": -0.3204227190813889, "std": 23.616298399462952}, "test": {"min": -234.0376739501953, "max": 116.65705108642578, "mean": -0.3284116296326121}, "test_regrid": {"min": -234.0376739501953, "max": 116.65705108642578, "mean": -0.3284116296326121, "std": 22.864849480289664}, "diff": {"min": -50.567718505859375, "max": 51.08837890625, "mean": -0.007988910173121044}, "misc": {"rmse": 8.38882690193389, "corr": 0.9353612385694301}, "unit": "mbar/day"}