{"ref": {"min": -189.72198486328125, "max": 50.74883270263672, "mean": 0.179711535509936}, "ref_regrid": {"min": -189.72198486328125, "max": 50.74883270263672, "mean": 0.179711535509936, "std": 12.029342989716179}, "test": {"min": -156.39846801757812, "max": 53.48038864135742, "mean": 0.18341405530777297}, "test_regrid": {"min": -156.39846801757812, "max": 53.48038864135742, "mean": 0.18341405530777297, "std": 11.722451038328602}, "diff": {"min": -26.985042572021484, "max": 33.323516845703125, "mean": 0.0037025196217692884}, "misc": {"rmse": 4.323390782034606, "corr": 0.934057638207094}, "unit": "mbar/day"}