{"ref": {"min": -382.2463684082031, "max": 276.23931884765625, "mean": -0.3095049746462496}, "ref_regrid": {"min": -382.2463684082031, "max": 276.23931884765625, "mean": -0.3095049746462496, "std": 29.887287838502075}, "test": {"min": -282.9071350097656, "max": 286.3089294433594, "mean": -0.3134436128653136}, "test_regrid": {"min": -282.9071350097656, "max": 286.3089294433594, "mean": -0.3134436128653136, "std": 29.515682412532843}, "diff": {"min": -78.97956848144531, "max": 100.32208251953125, "mean": -0.003938636920934378}, "misc": {"rmse": 10.507582813528394, "corr": 0.9374981707736962}, "unit": "mbar/day"}