{"ref": {"min": -333.11810302734375, "max": 893.9365844726562, "mean": -0.1954230466360285}, "ref_regrid": {"min": -333.11810302734375, "max": 893.9365844726562, "mean": -0.1954230466360285, "std": 36.81283883423306}, "test": {"min": -315.8596496582031, "max": 933.9741821289062, "mean": -0.2039612085347297}, "test_regrid": {"min": -315.8596496582031, "max": 933.9741821289062, "mean": -0.2039612085347297, "std": 36.102986701183525}, "diff": {"min": -109.65370178222656, "max": 120.97360229492188, "mean": -0.04038964616461271}, "misc": {"rmse": 8.571204423444009, "corr": 0.9725159892550369}, "unit": "mbar/day"}