{"ref": {"min": -330.3191223144531, "max": 234.1320037841797, "mean": -0.31768068287914436}, "ref_regrid": {"min": -330.3191223144531, "max": 234.1320037841797, "mean": -0.31768068287914436, "std": 31.893888035726818}, "test": {"min": -323.36431884765625, "max": 264.7940979003906, "mean": -0.33669789207588635}, "test_regrid": {"min": -323.36431884765625, "max": 264.7940979003906, "mean": -0.33669789207588635, "std": 31.42837870379766}, "diff": {"min": -82.59938049316406, "max": 85.76560974121094, "mean": -0.0190172063654303}, "misc": {"rmse": 15.93704578494525, "corr": 0.8734142288806479}, "unit": "mbar/day"}