{"ref": {"min": -161.8655242919922, "max": 47.74674606323242, "mean": 0.1775176765267766}, "ref_regrid": {"min": -161.8655242919922, "max": 47.74674606323242, "mean": 0.1775176765267766, "std": 11.392964557034627}, "test": {"min": -150.51991271972656, "max": 48.202938079833984, "mean": 0.17928528381381723}, "test_regrid": {"min": -150.51991271972656, "max": 48.202938079833984, "mean": 0.17928528381381723, "std": 11.244785898976579}, "diff": {"min": -13.70449161529541, "max": 18.387405395507812, "mean": 0.0017676070420464029}, "misc": {"rmse": 2.5429646851587897, "corr": 0.9748472530921137}, "unit": "mbar/day"}