{"ref": {"min": -269.5440979003906, "max": 64.75171661376953, "mean": 0.1785004120457329}, "ref_regrid": {"min": -269.5440979003906, "max": 64.75171661376953, "mean": 0.1785004120457329, "std": 15.93183050778212}, "test": {"min": -263.2926025390625, "max": 63.642051696777344, "mean": 0.17866667721279286}, "test_regrid": {"min": -263.2926025390625, "max": 63.642051696777344, "mean": 0.17866667721279286, "std": 15.777861900527952}, "diff": {"min": -34.950218200683594, "max": 28.66370391845703, "mean": 0.00016626499008849695}, "misc": {"rmse": 4.94151927741057, "corr": 0.9514761413451092}, "unit": "mbar/day"}