{"ref": {"min": -309.64898681640625, "max": 635.599609375, "mean": -0.20071324774408217}, "ref_regrid": {"min": -309.64898681640625, "max": 635.599609375, "mean": -0.20071324774408217, "std": 29.04117893429488}, "test": {"min": -309.925537109375, "max": 647.5553588867188, "mean": -0.20642768967248198}, "test_regrid": {"min": -309.925537109375, "max": 647.5553588867188, "mean": -0.20642768967248198, "std": 28.613000650934858}, "diff": {"min": -58.022216796875, "max": 83.0221939086914, "mean": -0.003566902327965279}, "misc": {"rmse": 4.4858515141712445, "corr": 0.9879887216999533}, "unit": "mbar/day"}