{"ref": {"min": -318.326904296875, "max": 70.40774536132812, "mean": 0.17585553034504833}, "ref_regrid": {"min": -318.326904296875, "max": 70.40774536132812, "mean": 0.17585553034504833, "std": 17.173980581805896}, "test": {"min": -278.77545166015625, "max": 64.84178924560547, "mean": 0.18135784403877278}, "test_regrid": {"min": -278.77545166015625, "max": 64.84178924560547, "mean": 0.18135784403877278, "std": 16.443004442679165}, "diff": {"min": -56.79939270019531, "max": 78.00051879882812, "mean": 0.005502312184416683}, "misc": {"rmse": 8.648509242560653, "corr": 0.8685118603476865}, "unit": "mbar/day"}