{"ref": {"min": -245.3015594482422, "max": 127.2148666381836, "mean": -0.3167473509603424}, "ref_regrid": {"min": -245.3015594482422, "max": 127.2148666381836, "mean": -0.3167473509603424, "std": 24.870555070070335}, "test": {"min": -202.9714813232422, "max": 132.28343200683594, "mean": -0.32047795659935024}, "test_regrid": {"min": -202.9714813232422, "max": 132.28343200683594, "mean": -0.32047795659935024, "std": 24.44309575360662}, "diff": {"min": -49.649078369140625, "max": 55.80940246582031, "mean": -0.003730606703886334}, "misc": {"rmse": 10.239286337679827, "corr": 0.9139184494297647}, "unit": "mbar/day"}