{"ref": {"min": -352.66925048828125, "max": 259.5972900390625, "mean": -0.31183754484099035}, "ref_regrid": {"min": -352.66925048828125, "max": 259.5972900390625, "mean": -0.31183754484099035, "std": 30.822464756644543}, "test": {"min": -278.1241149902344, "max": 259.9886474609375, "mean": -0.32006216708648766}, "test_regrid": {"min": -278.1241149902344, "max": 259.9886474609375, "mean": -0.32006216708648766, "std": 30.66202648924254}, "diff": {"min": -100.92850494384766, "max": 129.3913116455078, "mean": -0.008224619917940466}, "misc": {"rmse": 16.978591222734597, "corr": 0.8475012774098755}, "unit": "mbar/day"}