{"ref": {"min": -222.19297790527344, "max": 63.453208923339844, "mean": 0.1882842555177108}, "ref_regrid": {"min": -222.19297790527344, "max": 63.453208923339844, "mean": 0.1882842555177108, "std": 13.069422584135939}, "test": {"min": -177.9527587890625, "max": 57.95735168457031, "mean": 0.19036664612768364}, "test_regrid": {"min": -177.9527587890625, "max": 57.95735168457031, "mean": 0.19036664612768364, "std": 13.009863584413237}, "diff": {"min": -27.534500122070312, "max": 48.684722900390625, "mean": 0.0020823907309743045}, "misc": {"rmse": 4.709838818471985, "corr": 0.9347796057527391}, "unit": "mbar/day"}