{"ref": {"min": -332.1559143066406, "max": 685.0755615234375, "mean": -0.12097128827727283}, "ref_regrid": {"min": -332.1559143066406, "max": 685.0755615234375, "mean": -0.12097128827727283, "std": 35.1115434726648}, "test": {"min": -289.2079772949219, "max": 690.2378540039062, "mean": -0.13741329888403508}, "test_regrid": {"min": -289.2079772949219, "max": 690.2378540039062, "mean": -0.13741329888403508, "std": 34.61889809176152}, "diff": {"min": -287.037353515625, "max": 173.25936889648438, "mean": 0.0050800480259487945}, "misc": {"rmse": 15.230623005480881, "corr": 0.9042569301254331}, "unit": "mbar/day"}