{"ref": {"min": -325.43280029296875, "max": 704.4906616210938, "mean": -0.12004273890741551}, "ref_regrid": {"min": -325.43280029296875, "max": 704.4906616210938, "mean": -0.12004273890741551, "std": 34.03973153371323}, "test": {"min": -330.55621337890625, "max": 734.8139038085938, "mean": -0.13570081032971437}, "test_regrid": {"min": -330.55621337890625, "max": 734.8139038085938, "mean": -0.13570081032971437, "std": 34.17227974491464}, "diff": {"min": -152.45562744140625, "max": 140.18141174316406, "mean": -0.00991103912313912}, "misc": {"rmse": 9.609897239188482, "corr": 0.960168825208376}, "unit": "mbar/day"}