{"ref": {"min": -237.5059814453125, "max": 752.6085205078125, "mean": -0.2539636433666406}, "ref_regrid": {"min": -237.5059814453125, "max": 752.6085205078125, "mean": -0.2539636433666406, "std": 30.560381807793362}, "test": {"min": -265.1414489746094, "max": 796.3833618164062, "mean": -0.24773867359137577}, "test_regrid": {"min": -265.1414489746094, "max": 796.3833618164062, "mean": -0.24773867359137577, "std": 30.20262865661598}, "diff": {"min": -92.84880065917969, "max": 99.27416229248047, "mean": -0.0004037356487126655}, "misc": {"rmse": 8.29315955881297, "corr": 0.9627885219204867}, "unit": "mbar/day"}