{"ref": {"min": -202.14434814453125, "max": 63.96134948730469, "mean": 0.1695833186422028}, "ref_regrid": {"min": -202.14434814453125, "max": 63.96134948730469, "mean": 0.1695833186422028, "std": 15.913744990694072}, "test": {"min": -192.44775390625, "max": 75.15054321289062, "mean": 0.1761554066749035}, "test_regrid": {"min": -192.44775390625, "max": 75.15054321289062, "mean": 0.1761554066749035, "std": 16.254000183283146}, "diff": {"min": -61.566680908203125, "max": 56.702274322509766, "mean": 0.0065720871578442116}, "misc": {"rmse": 8.309034514707312, "corr": 0.8667677614742767}, "unit": "mbar/day"}