{"ref": {"min": -327.9772033691406, "max": 624.9825439453125, "mean": -0.20652816720177156}, "ref_regrid": {"min": -327.9772033691406, "max": 624.9825439453125, "mean": -0.20652816720177156, "std": 29.93395476736544}, "test": {"min": -319.68145751953125, "max": 671.260498046875, "mean": -0.2017890401514007}, "test_regrid": {"min": -319.68145751953125, "max": 671.260498046875, "mean": -0.2017890401514007, "std": 29.26426347872343}, "diff": {"min": -98.63993835449219, "max": 117.538330078125, "mean": 0.008766109587454033}, "misc": {"rmse": 7.56836036922913, "corr": 0.9674651243383997}, "unit": "mbar/day"}