{"ref": {"min": -170.34030151367188, "max": 43.536170959472656, "mean": 0.1761538107407573}, "ref_regrid": {"min": -170.34030151367188, "max": 43.536170959472656, "mean": 0.1761538107407573, "std": 13.005935607850756}, "test": {"min": -164.60260009765625, "max": 45.66069412231445, "mean": 0.17509882326839396}, "test_regrid": {"min": -164.60260009765625, "max": 45.66069412231445, "mean": 0.17509882326839396, "std": 12.850710701107191}, "diff": {"min": -32.320762634277344, "max": 39.33191680908203, "mean": -0.0010549871566031851}, "misc": {"rmse": 5.4229393458129245, "corr": 0.9120947591928008}, "unit": "mbar/day"}