{"ref": {"min": -180.10745239257812, "max": 70.04049682617188, "mean": 0.16110389846283926}, "ref_regrid": {"min": -180.10745239257812, "max": 70.04049682617188, "mean": 0.16110389846283926, "std": 15.426060815665192}, "test": {"min": -163.4228057861328, "max": 61.639774322509766, "mean": 0.16683568741658253}, "test_regrid": {"min": -163.4228057861328, "max": 61.639774322509766, "mean": 0.16683568741658253, "std": 15.753524778422834}, "diff": {"min": -29.601198196411133, "max": 41.34385299682617, "mean": 0.005731789508231261}, "misc": {"rmse": 4.893132087321158, "corr": 0.9509588045557635}, "unit": "mbar/day"}