{"ref": {"min": -301.7216491699219, "max": 221.4593963623047, "mean": -0.3216206805612461}, "ref_regrid": {"min": -301.7216491699219, "max": 221.4593963623047, "mean": -0.3216206805612461, "std": 29.813305851157796}, "test": {"min": -304.58984375, "max": 240.21072387695312, "mean": -0.3319918334608623}, "test_regrid": {"min": -304.58984375, "max": 240.21072387695312, "mean": -0.3319918334608623, "std": 29.569317487806916}, "diff": {"min": -49.941978454589844, "max": 50.49516296386719, "mean": -0.010371154046051686}, "misc": {"rmse": 9.007422448204753, "corr": 0.9540166840449016}, "unit": "mbar/day"}