{"ref": {"min": 0.006022568792104721, "max": 28.01347541809082, "mean": 3.2003193808407153}, "ref_regrid": {"min": 0.006022568792104721, "max": 28.01347541809082, "mean": 3.2003193808407153, "std": 2.404039122079417}, "test": {"min": 0.0036111546214669943, "max": 25.413244247436523, "mean": 3.1886981081540697}, "test_regrid": {"min": 0.0036111546214669943, "max": 25.413244247436523, "mean": 3.1886981081540697, "std": 2.3639235835083077}, "diff": {"min": -5.3398613929748535, "max": 5.244194984436035, "mean": -0.011621272722786484}, "misc": {"rmse": 0.7036558817428454, "corr": 0.9565906777250022}, "unit": "mm/day"}