{"ref": {"min": 0.010043433867394924, "max": 30.925416946411133, "mean": 3.204321566693171}, "ref_regrid": {"min": 0.010043433867394924, "max": 30.925416946411133, "mean": 3.204321566693171, "std": 2.2975601726456376}, "test": {"min": 0.012216176837682724, "max": 29.134384155273438, "mean": 3.1962667361165886}, "test_regrid": {"min": 0.012216176837682724, "max": 29.134384155273438, "mean": 3.1962667361165886, "std": 2.257726747107837}, "diff": {"min": -2.420224189758301, "max": 1.3829023838043213, "mean": -0.008054830576521347}, "misc": {"rmse": 0.3381903655217934, "corr": 0.9891348160956777}, "unit": "mm/day"}