{"ref": {"min": 0.0001688930788077414, "max": 50.4849967956543, "mean": 3.2689877249339543}, "ref_regrid": {"min": 0.0001688930788077414, "max": 50.4849967956543, "mean": 3.2689877249339543, "std": 3.1382922084419125}, "test": {"min": 0.00010996553464792669, "max": 52.68269729614258, "mean": 3.2529145809053515}, "test_regrid": {"min": 0.00010996553464792669, "max": 52.68269729614258, "mean": 3.2529145809053515, "std": 3.1091703749672517}, "diff": {"min": -5.58970832824707, "max": 5.027444839477539, "mean": -0.016073144050547078}, "misc": {"rmse": 0.6888716689587485, "corr": 0.9757397641030557}, "unit": "mm/day"}