{"ref": {"min": 0.0006065694615244865, "max": 26.897815704345703, "mean": 3.1812382997010644}, "ref_regrid": {"min": 0.0006065694615244865, "max": 26.897815704345703, "mean": 3.1812382997010644, "std": 2.8267018595912043}, "test": {"min": 1.9372650058357976e-05, "max": 27.67060661315918, "mean": 3.176148548325802}, "test_regrid": {"min": 1.9372650058357976e-05, "max": 27.67060661315918, "mean": 3.176148548325802, "std": 2.858443688615601}, "diff": {"min": -5.238786697387695, "max": 3.9429359436035156, "mean": -0.005089751372979894}, "misc": {"rmse": 0.6730787910553121, "corr": 0.9720294912100126}, "unit": "mm/day"}