{"ref": {"min": 2.971880712721031e-05, "max": 28.126110076904297, "mean": 3.1775593319285487}, "ref_regrid": {"min": 2.971880712721031e-05, "max": 28.126110076904297, "mean": 3.1775593319285487, "std": 2.854738977066091}, "test": {"min": 1.184586011504507e-07, "max": 30.177427291870117, "mean": 3.1792959818244273}, "test_regrid": {"min": 1.184586011504507e-07, "max": 30.177427291870117, "mean": 3.1792959818244273, "std": 2.909452286311851}, "diff": {"min": -6.7774810791015625, "max": 7.323202610015869, "mean": 0.001736649975804379}, "misc": {"rmse": 1.121436745661091, "corr": 0.9244723654739719}, "unit": "mm/day"}