{"ref": {"min": 0.0029718498699367046, "max": 35.2597770690918, "mean": 3.201736582706014}, "ref_regrid": {"min": 0.0029718498699367046, "max": 35.2597770690918, "mean": 3.201736582706014, "std": 2.397313549507553}, "test": {"min": 0.004016050603240728, "max": 30.650306701660156, "mean": 3.19080795174416}, "test_regrid": {"min": 0.004016050603240728, "max": 30.650306701660156, "mean": 3.19080795174416, "std": 2.3044293208837523}, "diff": {"min": -4.819793701171875, "max": 2.6620736122131348, "mean": -0.010928630952098357}, "misc": {"rmse": 0.5842711866588932, "corr": 0.9698950537365171}, "unit": "mm/day"}