{"ref": {"min": 1.8646973330760375e-05, "max": 57.111244201660156, "mean": 3.263962698728036}, "ref_regrid": {"min": 1.8646973330760375e-05, "max": 57.111244201660156, "mean": 3.263962698728036, "std": 3.277618100529412}, "test": {"min": 9.12042708023364e-07, "max": 53.95724105834961, "mean": 3.2423225011703845}, "test_regrid": {"min": 9.12042708023364e-07, "max": 53.95724105834961, "mean": 3.2423225011703845, "std": 3.2246374564874554}, "diff": {"min": -10.695253372192383, "max": 8.727946281433105, "mean": -0.02164019747128589}, "misc": {"rmse": 1.1542903574628152, "corr": 0.9371229706857918}, "unit": "mm/day"}