{"ref": {"min": 9.507239155936986e-05, "max": 43.1464958190918, "mean": 3.166740868126776}, "ref_regrid": {"min": 9.507239155936986e-05, "max": 43.1464958190918, "mean": 3.166740868126776, "std": 2.704834690349241}, "test": {"min": 0.00016371005040127784, "max": 39.50735855102539, "mean": 3.16730570941028}, "test_regrid": {"min": 0.00016371005040127784, "max": 39.50735855102539, "mean": 3.16730570941028, "std": 2.6578260565816616}, "diff": {"min": -6.624342441558838, "max": 3.951052665710449, "mean": 0.0005648412564219546}, "misc": {"rmse": 0.6789926276633702, "corr": 0.968088598617634}, "unit": "mm/day"}