{"ref": {"min": 968.1197509765625, "max": 1036.846923828125, "mean": 1011.3488060764282}, "ref_regrid": {"min": 968.1197509765625, "max": 1036.846923828125, "mean": 1011.3488060764282, "std": 11.541511940520442}, "test": {"min": 964.1220703125, "max": 1035.6361083984375, "mean": 1011.3447090522209}, "test_regrid": {"min": 964.1220703125, "max": 1035.6361083984375, "mean": 1011.3447090522209, "std": 11.951811873820196}, "diff": {"min": -7.87567138671875, "max": 13.643310546875, "mean": -0.0040970242071275125}, "misc": {"rmse": 2.5953901691135415, "corr": 0.976194022483615}, "unit": "mbar"}