{"ref": {"min": 971.604248046875, "max": 1029.9122314453125, "mean": 1011.1907587818715}, "ref_regrid": {"min": 971.604248046875, "max": 1029.9122314453125, "mean": 1011.1907587818715, "std": 11.013787161891463}, "test": {"min": 966.6671142578125, "max": 1028.18017578125, "mean": 1011.1865011015491}, "test_regrid": {"min": 966.6671142578125, "max": 1028.18017578125, "mean": 1011.1865011015491, "std": 11.33139897017578}, "diff": {"min": -8.12359619140625, "max": 6.5274658203125, "mean": -0.004257680322592381}, "misc": {"rmse": 1.6493360489145803, "corr": 0.989505688602019}, "unit": "mbar"}