{"ref": {"min": 979.3423461914062, "max": 1035.9010009765625, "mean": 1011.3898063473412}, "ref_regrid": {"min": 979.3423461914062, "max": 1035.9010009765625, "mean": 1011.3898063473412, "std": 10.072198843624658}, "test": {"min": 975.0029296875, "max": 1035.104248046875, "mean": 1011.379056103037}, "test_regrid": {"min": 975.0029296875, "max": 1035.104248046875, "mean": 1011.379056103037, "std": 10.299897444204024}, "diff": {"min": -6.0694580078125, "max": 6.10992431640625, "mean": -0.01075024430426434}, "misc": {"rmse": 1.5167088069431487, "corr": 0.9891633565344953}, "unit": "mbar"}