{"ref": {"min": 968.728515625, "max": 1026.7984619140625, "mean": 1011.2521803748177}, "ref_regrid": {"min": 968.728515625, "max": 1026.7984619140625, "mean": 1011.2521803748177, "std": 10.517269490123157}, "test": {"min": 967.9841918945312, "max": 1026.5343017578125, "mean": 1011.2447683755123}, "test_regrid": {"min": 967.9841918945312, "max": 1026.5343017578125, "mean": 1011.2447683755123, "std": 10.444338713486388}, "diff": {"min": -6.1068115234375, "max": 5.50726318359375, "mean": -0.007411999305391612}, "misc": {"rmse": 1.3522132586532716, "corr": 0.9917015268639103}, "unit": "mbar"}