{"ref": {"min": 968.515625, "max": 1028.990234375, "mean": 1011.0968105209023}, "ref_regrid": {"min": 968.515625, "max": 1028.990234375, "mean": 1011.0968105209023, "std": 11.506967509356532}, "test": {"min": 969.899658203125, "max": 1029.1829833984375, "mean": 1011.1078010031231}, "test_regrid": {"min": 969.899658203125, "max": 1029.1829833984375, "mean": 1011.1078010031231, "std": 10.94307608210547}, "diff": {"min": -4.053955078125, "max": 6.21868896484375, "mean": 0.010990482220911249}, "misc": {"rmse": 1.3509035152343352, "corr": 0.9940167300525481}, "unit": "mbar"}