{"ref": {"min": 968.8078002929688, "max": 1029.744873046875, "mean": 1011.088157497331}, "ref_regrid": {"min": 968.8078002929688, "max": 1029.744873046875, "mean": 1011.088157497331, "std": 11.734825847232212}, "test": {"min": 970.9769287109375, "max": 1030.2353515625, "mean": 1011.1206375737206}, "test_regrid": {"min": 970.9769287109375, "max": 1030.2353515625, "mean": 1011.1206375737206, "std": 11.30415206196822}, "diff": {"min": -8.4307861328125, "max": 12.1689453125, "mean": 0.03248007638970685}, "misc": {"rmse": 2.4519613456640807, "corr": 0.9780419126089416}, "unit": "mbar"}