{"ref": {"min": 969.757568359375, "max": 1026.8970947265625, "mean": 1011.2192236754124}, "ref_regrid": {"min": 969.757568359375, "max": 1026.8970947265625, "mean": 1011.2192236754124, "std": 10.902744165675045}, "test": {"min": 967.0467529296875, "max": 1026.111328125, "mean": 1011.221909725491}, "test_regrid": {"min": 967.0467529296875, "max": 1026.111328125, "mean": 1011.221909725491, "std": 11.099638368618455}, "diff": {"min": -4.54248046875, "max": 5.64227294921875, "mean": 0.002686050078429278}, "misc": {"rmse": 1.2483584928603757, "corr": 0.9937214168393106}, "unit": "mbar"}