{"ref": {"min": 972.6199951171875, "max": 1026.30859375, "mean": 1011.2323890937487}, "ref_regrid": {"min": 972.6199951171875, "max": 1026.30859375, "mean": 1011.2323890937487, "std": 10.410372284797587}, "test": {"min": 971.106201171875, "max": 1026.1695556640625, "mean": 1011.2295319104812}, "test_regrid": {"min": 971.106201171875, "max": 1026.1695556640625, "mean": 1011.2295319104812, "std": 10.381036799812769}, "diff": {"min": -3.4310302734375, "max": 2.54486083984375, "mean": -0.002857183267531252}, "misc": {"rmse": 0.6120038202363715, "corr": 0.9982711275930471}, "unit": "mbar"}