{"ref": {"min": -126.63392639160156, "max": 95.32173156738281, "mean": 3.24452264314542}, "ref_regrid": {"min": -126.63392639160156, "max": 95.32173156738281, "mean": 3.24452264314542, "std": 54.95632963927078}, "test": {"min": -127.19097137451172, "max": 97.46356201171875, "mean": 3.953845429438175}, "test_regrid": {"min": -127.19097137451172, "max": 97.46356201171875, "mean": 3.953845429438175, "std": 54.82117457984186}, "diff": {"min": -7.77935791015625, "max": 10.195480346679688, "mean": 0.7093227862927585}, "misc": {"rmse": 2.013760232451689, "corr": 0.9994135252222645}, "unit": "W/m2"}