{"ref": {"min": -186.75880432128906, "max": 150.88241577148438, "mean": 10.674020077771582}, "ref_regrid": {"min": -186.75880432128906, "max": 150.88241577148438, "mean": 10.674020077771582, "std": 98.83475944088642}, "test": {"min": -186.06216430664062, "max": 155.20303344726562, "mean": 11.063811920573515}, "test_regrid": {"min": -186.06216430664062, "max": 155.20303344726562, "mean": 11.063811920573515, "std": 98.42965732188641}, "diff": {"min": -19.438400268554688, "max": 24.109451293945312, "mean": 0.3897918428019466}, "misc": {"rmse": 3.7682542099045064, "corr": 0.9992864256535496}, "unit": "W/m2"}