{"ref": {"min": -179.23095703125, "max": 132.0954132080078, "mean": -5.957001344973681}, "ref_regrid": {"min": -179.23095703125, "max": 132.0954132080078, "mean": -5.957001344973681, "std": 89.1773238871774}, "test": {"min": -178.98585510253906, "max": 129.59019470214844, "mean": -5.109547043448129}, "test_regrid": {"min": -178.98585510253906, "max": 129.59019470214844, "mean": -5.109547043448129, "std": 89.14681868904763}, "diff": {"min": -20.850723266601562, "max": 24.752670288085938, "mean": 0.8474543015255652}, "misc": {"rmse": 3.968994624024371, "corr": 0.9990544623627996}, "unit": "W/m2"}