{"ref": {"min": -164.20889282226562, "max": 107.49427795410156, "mean": 3.50077667332973}, "ref_regrid": {"min": -164.20889282226562, "max": 107.49427795410156, "mean": 3.50077667332973, "std": 71.69178227857051}, "test": {"min": -163.75277709960938, "max": 111.271484375, "mean": 4.630924235955634}, "test_regrid": {"min": -163.75277709960938, "max": 111.271484375, "mean": 4.630924235955634, "std": 71.79263535530397}, "diff": {"min": -21.201736450195312, "max": 23.351287841796875, "mean": 1.1301475626258943}, "misc": {"rmse": 3.832655349506748, "corr": 0.9986980771982691}, "unit": "W/m2"}