{"ref": {"min": -192.73635864257812, "max": 152.43992614746094, "mean": 10.9140026934466}, "ref_regrid": {"min": -192.73635864257812, "max": 152.43992614746094, "mean": 10.9140026934466, "std": 99.43199957645498}, "test": {"min": -191.65069580078125, "max": 159.05056762695312, "mean": 11.369690051160129}, "test_regrid": {"min": -191.65069580078125, "max": 159.05056762695312, "mean": 11.369690051160129, "std": 99.19205253700567}, "diff": {"min": -30.3465576171875, "max": 35.2835693359375, "mean": 0.45568735771353386}, "misc": {"rmse": 6.2106893412764235, "corr": 0.9980579961820272}, "unit": "W/m2"}