{"ref": {"min": -128.00778198242188, "max": 95.77339172363281, "mean": 3.3154493526734385}, "ref_regrid": {"min": -128.00778198242188, "max": 95.77339172363281, "mean": 3.3154493526734385, "std": 55.07629611540088}, "test": {"min": -128.29861450195312, "max": 97.72552490234375, "mean": 3.890147934562067}, "test_regrid": {"min": -128.29861450195312, "max": 97.72552490234375, "mean": 3.890147934562067, "std": 54.924977791691454}, "diff": {"min": -17.464004516601562, "max": 17.725143432617188, "mean": 0.5746985818886299}, "misc": {"rmse": 3.1662876584346438, "corr": 0.9984013228272082}, "unit": "W/m2"}