{"ref": {"min": -179.29537963867188, "max": 111.08541870117188, "mean": 4.760295084078088}, "ref_regrid": {"min": -179.29537963867188, "max": 111.08541870117188, "mean": 4.760295084078088, "std": 72.94102845664504}, "test": {"min": -180.44178771972656, "max": 112.27458190917969, "mean": 5.230192889531291}, "test_regrid": {"min": -180.44178771972656, "max": 112.27458190917969, "mean": 5.230192889531291, "std": 72.85165239479839}, "diff": {"min": -18.8455810546875, "max": 19.922698974609375, "mean": 0.4698978054532047}, "misc": {"rmse": 3.4773141409170907, "corr": 0.9988837786902643}, "unit": "W/m2"}