{"ref": {"min": -179.4051971435547, "max": 133.09228515625, "mean": -6.115167105188282}, "ref_regrid": {"min": -179.4051971435547, "max": 133.09228515625, "mean": -6.115167105188282, "std": 89.19912090396677}, "test": {"min": -176.8188934326172, "max": 132.84461975097656, "mean": -5.353039032623447}, "test_regrid": {"min": -176.8188934326172, "max": 132.84461975097656, "mean": -5.353039032623447, "std": 89.36413205275836}, "diff": {"min": -43.57145690917969, "max": 35.299530029296875, "mean": 0.7621280725648206}, "misc": {"rmse": 6.475635850489041, "corr": 0.9974078065475334}, "unit": "W/m2"}