{"ref": {"min": -92.68540954589844, "max": 104.43528747558594, "mean": 14.1077573485906}, "ref_regrid": {"min": -92.68540954589844, "max": 104.43528747558594, "mean": 14.1077573485906, "std": 16.732355772269933}, "test": {"min": -101.15856170654297, "max": 98.5483627319336, "mean": 14.448714288043792}, "test_regrid": {"min": -101.15856170654297, "max": 98.5483627319336, "mean": 14.448714288043792, "std": 16.881183891261895}, "diff": {"min": -13.562889099121094, "max": 17.819049835205078, "mean": 0.340956939512486}, "misc": {"rmse": 1.9555984621629088, "corr": 0.9934752922130934}, "unit": "W/m2"}