{"ref": {"min": -92.55204010009766, "max": 127.45318603515625, "mean": 14.342154576181663}, "ref_regrid": {"min": -92.55204010009766, "max": 127.45318603515625, "mean": 14.342154576181663, "std": 17.824701617840883}, "test": {"min": -103.02722930908203, "max": 138.75257873535156, "mean": 14.694166506463365}, "test_regrid": {"min": -103.02722930908203, "max": 138.75257873535156, "mean": 14.694166506463365, "std": 18.16289693243349}, "diff": {"min": -26.456039428710938, "max": 31.012252807617188, "mean": 0.3520119303102544}, "misc": {"rmse": 3.620017698818424, "corr": 0.9801292509003466}, "unit": "W/m2"}