{"ref": {"min": -99.16233825683594, "max": 112.67626953125, "mean": 14.078678974937297}, "ref_regrid": {"min": -99.16233825683594, "max": 112.67626953125, "mean": 14.078678974937297, "std": 17.111646947816066}, "test": {"min": -111.44998168945312, "max": 105.04393768310547, "mean": 14.50613103976939}, "test_regrid": {"min": -111.44998168945312, "max": 105.04393768310547, "mean": 14.50613103976939, "std": 17.081685794098515}, "diff": {"min": -23.085826873779297, "max": 25.117191314697266, "mean": 0.42745206484594817}, "misc": {"rmse": 3.264902785686203, "corr": 0.9820798345595878}, "unit": "W/m2"}