{"ref": {"min": -79.52587127685547, "max": 175.67250061035156, "mean": 12.941995299274033}, "ref_regrid": {"min": -79.52587127685547, "max": 175.67250061035156, "mean": 12.941995299274033, "std": 22.7310896534651}, "test": {"min": -86.04014587402344, "max": 165.22119140625, "mean": 13.199834823494967}, "test_regrid": {"min": -86.04014587402344, "max": 165.22119140625, "mean": 13.199834823494967, "std": 22.595471495212355}, "diff": {"min": -66.86845397949219, "max": 56.697235107421875, "mean": 0.25783952421565515}, "misc": {"rmse": 5.789865793153022, "corr": 0.9674489961189824}, "unit": "W/m2"}