{"ref": {"min": -94.70549774169922, "max": 145.8241729736328, "mean": 15.372130008740662}, "ref_regrid": {"min": -94.70549774169922, "max": 145.8241729736328, "mean": 15.372130008740662, "std": 21.38742615668233}, "test": {"min": -119.62786102294922, "max": 150.0879364013672, "mean": 15.913342780381223}, "test_regrid": {"min": -119.62786102294922, "max": 150.0879364013672, "mean": 15.913342780381223, "std": 21.81173849994451}, "diff": {"min": -50.486412048339844, "max": 46.66132736206055, "mean": 0.541212771674356}, "misc": {"rmse": 6.70369941191719, "corr": 0.9523398454476063}, "unit": "W/m2"}