{"ref": {"min": -97.09162139892578, "max": 138.25765991210938, "mean": 15.289756268385775}, "ref_regrid": {"min": -97.09162139892578, "max": 138.25765991210938, "mean": 15.289756268385775, "std": 20.988504011144677}, "test": {"min": -100.11724853515625, "max": 143.63572692871094, "mean": 15.75325143848677}, "test_regrid": {"min": -100.11724853515625, "max": 143.63572692871094, "mean": 15.75325143848677, "std": 21.104981441375855}, "diff": {"min": -39.986793518066406, "max": 28.557201385498047, "mean": 0.4634951701703283}, "misc": {"rmse": 3.736913358643341, "corr": 0.9844951404911877}, "unit": "W/m2"}