{"ref": {"min": -83.4858169555664, "max": 151.87484741210938, "mean": 13.296953115729275}, "ref_regrid": {"min": -83.4858169555664, "max": 151.87484741210938, "mean": 13.296953115729275, "std": 22.79288077154371}, "test": {"min": -90.46044158935547, "max": 153.77293395996094, "mean": 13.432553151096945}, "test_regrid": {"min": -90.46044158935547, "max": 153.77293395996094, "mean": 13.432553151096945, "std": 23.295206805048668}, "diff": {"min": -24.18792724609375, "max": 52.54328536987305, "mean": 0.1356000354104372}, "misc": {"rmse": 3.581306996525461, "corr": 0.9881771458369114}, "unit": "W/m2"}