{"ref": {"min": -97.61213684082031, "max": 146.6093292236328, "mean": 13.50216543649028}, "ref_regrid": {"min": -97.61213684082031, "max": 146.6093292236328, "mean": 13.50216543649028, "std": 20.497180821463218}, "test": {"min": -111.02933502197266, "max": 148.17315673828125, "mean": 13.914886037456634}, "test_regrid": {"min": -111.02933502197266, "max": 148.17315673828125, "mean": 13.914886037456634, "std": 20.768957916050095}, "diff": {"min": -29.077133178710938, "max": 32.50675582885742, "mean": 0.4127206011863768}, "misc": {"rmse": 3.653967561623355, "corr": 0.9846052136313538}, "unit": "W/m2"}