{"ref": {"min": 25.942251205444336, "max": 437.036376953125, "mean": 342.16933108742916}, "ref_regrid": {"min": 25.942251205444336, "max": 437.036376953125, "mean": 342.16933108742916, "std": 100.01219238578584}, "test": {"min": 25.942251205444336, "max": 437.036376953125, "mean": 342.16933108742916}, "test_regrid": {"min": 25.942251205444336, "max": 437.036376953125, "mean": 342.16933108742916, "std": 100.01219238578584}, "diff": {"min": 0.0, "max": 0.0, "mean": 0.0}, "misc": {"rmse": 0.0, "corr": 1.0}, "unit": "W/m2"}