{"ref": {"min": 0.0, "max": 485.7898864746094, "mean": 350.43181466666573}, "ref_regrid": {"min": 0.0, "max": 485.7898864746094, "mean": 350.43181466666573, "std": 146.32546444719753}, "test": {"min": 0.0, "max": 485.7898864746094, "mean": 350.43181466666573}, "test_regrid": {"min": 0.0, "max": 485.7898864746094, "mean": 350.43181466666573, "std": 146.32546444719753}, "diff": {"min": 0.0, "max": 0.0, "mean": 0.0}, "misc": {"rmse": 0.0, "corr": 1.0000000000000002}, "unit": "W/m2"}