{"ref": {"min": 0.0, "max": 459.9674072265625, "mean": 330.371995550013}, "ref_regrid": {"min": 0.0, "max": 459.9674072265625, "mean": 330.371995550013, "std": 139.778471510689}, "test": {"min": 0.0, "max": 459.9674072265625, "mean": 330.371995550013}, "test_regrid": {"min": 0.0, "max": 459.9674072265625, "mean": 330.371995550013, "std": 139.778471510689}, "diff": {"min": 0.0, "max": 0.0, "mean": 0.0}, "misc": {"rmse": 0.0, "corr": 0.9999999999999998}, "unit": "W/m2"}