{"ref": {"min": 21.46958351135254, "max": 433.1673583984375, "mean": 338.24509631545976}, "ref_regrid": {"min": 21.46958351135254, "max": 433.1673583984375, "mean": 338.24509631545976, "std": 100.6066217139435}, "test": {"min": 21.46958351135254, "max": 433.1673583984375, "mean": 338.24509631545976}, "test_regrid": {"min": 21.46958351135254, "max": 433.1673583984375, "mean": 338.24509631545976, "std": 100.6066217139435}, "diff": {"min": 0.0, "max": 0.0, "mean": 0.0}, "misc": {"rmse": 0.0, "corr": 0.9999999999999998}, "unit": "W/m2"}