{"ref": {"min": 171.34030151367188, "max": 415.6770935058594, "mean": 340.30455940959934}, "ref_regrid": {"min": 171.34030151367188, "max": 415.6770935058594, "mean": 340.30455940959934, "std": 72.80995997590325}, "test": {"min": 171.34030151367188, "max": 415.6770935058594, "mean": 340.30455940959934}, "test_regrid": {"min": 171.34030151367188, "max": 415.6770935058594, "mean": 340.30455940959934, "std": 72.80995997590325}, "diff": {"min": 0.0, "max": 0.0, "mean": 0.0}, "misc": {"rmse": 0.0, "corr": 1.0}, "unit": "W/m2"}