{"ref": {"min": 0.0, "max": 485.7670593261719, "mean": 350.43181455500456}, "ref_regrid": {"min": 0.0, "max": 485.7670593261719, "mean": 350.43181455500456, "std": 146.32546945316759}, "test": {"min": 0.0, "max": 485.7670593261719, "mean": 350.43181455500456}, "test_regrid": {"min": 0.0, "max": 485.7670593261719, "mean": 350.43181455500456, "std": 146.32546945316759}, "diff": {"min": 0.0, "max": 0.0, "mean": 0.0}, "misc": {"rmse": 0.0, "corr": 1.0000000000000002}, "unit": "W/m2"}