{"ref": {"min": 171.34030151367188, "max": 415.6665344238281, "mean": 340.3045593926004}, "ref_regrid": {"min": 171.34030151367188, "max": 415.6665344238281, "mean": 340.3045593926004, "std": 72.80996003063396}, "test": {"min": 171.34030151367188, "max": 415.6665344238281, "mean": 340.3045593926004}, "test_regrid": {"min": 171.34030151367188, "max": 415.6665344238281, "mean": 340.3045593926004, "std": 72.80996003063396}, "diff": {"min": 0.0, "max": 0.0, "mean": 0.0}, "misc": {"rmse": 0.0, "corr": 1.0}, "unit": "W/m2"}