{"ref": {"min": -0.34613037109375, "max": 29.58978271484375, "mean": 20.070842591963395}, "ref_regrid": {"min": -0.34613037109375, "max": 29.58978271484375, "mean": 20.070842591963395, "std": 8.381295717529301}, "test": {"min": -0.2108154296875, "max": 29.845916748046875, "mean": 20.34955123092014}, "test_regrid": {"min": -0.2108154296875, "max": 29.845916748046875, "mean": 20.34955123092014, "std": 8.392094711356455}, "diff": {"min": 0.0657958984375, "max": 0.583709716796875, "mean": 0.2787086389567437}, "misc": {"rmse": 0.2850797500330224, "corr": 0.9999752948850157}, "unit": "degC"}