{"ref": {"min": -1.006256103515625, "max": 30.89190673828125, "mean": 19.875798356884886}, "ref_regrid": {"min": -1.006256103515625, "max": 30.89190673828125, "mean": 19.875798356884886, "std": 8.569143646405484}, "test": {"min": -0.769256591796875, "max": 31.221099853515625, "mean": 20.15906482609018}, "test_regrid": {"min": -0.769256591796875, "max": 31.221099853515625, "mean": 20.15906482609018, "std": 8.57411648947837}, "diff": {"min": 0.094390869140625, "max": 0.615386962890625, "mean": 0.2832664692052966}, "misc": {"rmse": 0.2901664504291889, "corr": 0.9999732422530693}, "unit": "degC"}