{"ref": {"min": -0.3411865234375, "max": 29.58978271484375, "mean": 20.0706887737994}, "ref_regrid": {"min": -0.3411865234375, "max": 29.58978271484375, "mean": 20.0706887737994, "std": 8.381619870479048}, "test": {"min": -0.154693603515625, "max": 29.846038818359375, "mean": 20.350212074451104}, "test_regrid": {"min": -0.154693603515625, "max": 29.846038818359375, "mean": 20.350212074451104, "std": 8.391986607781881}, "diff": {"min": 0.1495361328125, "max": 0.567718505859375, "mean": 0.27952330065170655}, "misc": {"rmse": 0.28541103797883405, "corr": 0.9999771196466297}, "unit": "degC"}