{"ref": {"min": -1.1907958984375, "max": 31.93212890625, "mean": 19.95440183563862}, "ref_regrid": {"min": -1.1907958984375, "max": 31.93212890625, "mean": 19.95440183563862, "std": 8.514562346775769}, "test": {"min": -0.755279541015625, "max": 32.182220458984375, "mean": 20.220281663998904}, "test_regrid": {"min": -0.755279541015625, "max": 32.182220458984375, "mean": 20.220281663998904, "std": 8.51692060279483}, "diff": {"min": -0.065826416015625, "max": 0.6265869140625, "mean": 0.2658798283602784}, "misc": {"rmse": 0.27854555010534116, "corr": 0.9999524942702559}, "unit": "degC"}