{"ref": {"min": -1.10052490234375, "max": 31.926055908203125, "mean": 19.9544005121328}, "ref_regrid": {"min": -1.10052490234375, "max": 31.926055908203125, "mean": 19.9544005121328, "std": 8.514322778263628}, "test": {"min": -0.78936767578125, "max": 32.156158447265625, "mean": 20.22280956872092}, "test_regrid": {"min": -0.78936767578125, "max": 32.156158447265625, "mean": 20.22280956872092, "std": 8.516741471162936}, "diff": {"min": -0.00860595703125, "max": 0.615325927734375, "mean": 0.26840905658811987}, "misc": {"rmse": 0.2797326606005566, "corr": 0.9999572420341836}, "unit": "degC"}