{"ref": {"min": -0.584014892578125, "max": 30.355743408203125, "mean": 19.731600045501498}, "ref_regrid": {"min": -0.584014892578125, "max": 30.355743408203125, "mean": 19.731600045501498, "std": 8.716864472853292}, "test": {"min": -0.02886962890625, "max": 30.71282958984375, "mean": 20.01521910058879}, "test_regrid": {"min": -0.02886962890625, "max": 30.71282958984375, "mean": 20.01521910058879, "std": 8.728549034515382}, "diff": {"min": 0.079376220703125, "max": 0.85186767578125, "mean": 0.2836190550872931}, "misc": {"rmse": 0.2933522885197558, "corr": 0.9999639927982902}, "unit": "degC"}