{"ref": {"min": -1.22662353515625, "max": 29.77044677734375, "mean": 19.860429544113757}, "ref_regrid": {"min": -1.22662353515625, "max": 29.77044677734375, "mean": 19.860429544113757, "std": 8.992353621231263}, "test": {"min": -0.890838623046875, "max": 30.0316162109375, "mean": 20.141388179126285}, "test_regrid": {"min": -0.890838623046875, "max": 30.0316162109375, "mean": 20.141388179126285, "std": 9.005959995804107}, "diff": {"min": 0.131866455078125, "max": 0.641021728515625, "mean": 0.2809586350125329}, "misc": {"rmse": 0.2877772668373465, "corr": 0.9999772001969297}, "unit": "degC"}