{"ref": {"min": -0.5330810546875, "max": 30.363525390625, "mean": 19.73138158701363}, "ref_regrid": {"min": -0.5330810546875, "max": 30.363525390625, "mean": 19.73138158701363, "std": 8.71726548488292}, "test": {"min": -0.0421142578125, "max": 30.652801513671875, "mean": 20.012697503908402}, "test_regrid": {"min": -0.0421142578125, "max": 30.652801513671875, "mean": 20.012697503908402, "std": 8.731242197385093}, "diff": {"min": 0.092559814453125, "max": 0.83465576171875, "mean": 0.28131591689477675}, "misc": {"rmse": 0.2918657409584492, "corr": 0.9999615597745336}, "unit": "degC"}