{"ref": {"min": -145.9985809326172, "max": -0.10663986206054688, "mean": -45.92002155834748}, "ref_regrid": {"min": -145.9985809326172, "max": -0.10663986206054688, "mean": -45.92002155834748, "std": 25.409622210246805}, "test": {"min": -141.3348846435547, "max": -0.15438461303710938, "mean": -46.231713130376264}, "test_regrid": {"min": -141.3348846435547, "max": -0.15438461303710938, "mean": -46.231713130376264, "std": 25.672340475373773}, "diff": {"min": -29.711624145507812, "max": 26.74652099609375, "mean": -0.31169157202877856}, "misc": {"rmse": 5.69219014598104, "corr": 0.9752923146541719}, "unit": "W/m2"}