{"ref": {"min": -189.08839416503906, "max": 1.1046184226870537e-05, "mean": -48.01906280529021}, "ref_regrid": {"min": -189.08839416503906, "max": 1.1046184226870537e-05, "mean": -48.01906280529021, "std": 35.25661498062129}, "test": {"min": -186.65292358398438, "max": 6.49087451165542e-06, "mean": -48.44223741750586}, "test_regrid": {"min": -186.65292358398438, "max": 6.49087451165542e-06, "mean": -48.44223741750586, "std": 35.30121021402814}, "diff": {"min": -29.766464233398438, "max": 36.851043701171875, "mean": -0.4231746122156224}, "misc": {"rmse": 5.63751980392929, "corr": 0.9873049438128865}, "unit": "W/m2"}