{"ref": {"min": -150.19699096679688, "max": -0.37140998244285583, "mean": -45.33043838052628}, "ref_regrid": {"min": -150.19699096679688, "max": -0.37140998244285583, "mean": -45.33043838052628, "std": 20.10881982243531}, "test": {"min": -145.79078674316406, "max": -0.4230272173881531, "mean": -45.715807329232256}, "test_regrid": {"min": -145.79078674316406, "max": -0.4230272173881531, "mean": -45.715807329232256, "std": 19.934827860834304}, "diff": {"min": -10.807182312011719, "max": 11.160186767578125, "mean": -0.38536894870597915}, "misc": {"rmse": 2.642425525425291, "corr": 0.991513831414648}, "unit": "W/m2"}