{"ref": {"min": -208.0460205078125, "max": 0.000609339214861393, "mean": -50.774081460704586}, "ref_regrid": {"min": -208.0460205078125, "max": 0.000609339214861393, "mean": -50.774081460704586, "std": 41.050173634632934}, "test": {"min": -193.58779907226562, "max": 1.226775930263102e-05, "mean": -51.35033388175498}, "test_regrid": {"min": -193.58779907226562, "max": 1.226775930263102e-05, "mean": -51.35033388175498, "std": 41.06727011974287}, "diff": {"min": -44.77049255371094, "max": 50.30133056640625, "mean": -0.5762524210503959}, "misc": {"rmse": 9.313410425305301, "corr": 0.9743723143061039}, "unit": "W/m2"}