{"ref": {"min": -146.874267578125, "max": -0.9803314208984375, "mean": -48.3751682615057}, "ref_regrid": {"min": -146.874267578125, "max": -0.9803314208984375, "mean": -48.3751682615057, "std": 21.89197993437656}, "test": {"min": -143.25762939453125, "max": -1.0342044830322266, "mean": -48.79084067445272}, "test_regrid": {"min": -143.25762939453125, "max": -1.0342044830322266, "mean": -48.79084067445272, "std": 21.73979958740584}, "diff": {"min": -11.912239074707031, "max": 11.530303955078125, "mean": -0.4156724129470207}, "misc": {"rmse": 2.785743859471686, "corr": 0.9920529594977053}, "unit": "W/m2"}