{"ref": {"min": -186.40225219726562, "max": 3.241543424792326e-07, "mean": -45.45890940815648}, "ref_regrid": {"min": -186.40225219726562, "max": 3.241543424792326e-07, "mean": -45.45890940815648, "std": 32.222701280110606}, "test": {"min": -185.56375122070312, "max": 6.805167345191876e-07, "mean": -45.862313842333386}, "test_regrid": {"min": -185.56375122070312, "max": 6.805167345191876e-07, "mean": -45.862313842333386, "std": 32.23323549365943}, "diff": {"min": -25.300540924072266, "max": 33.91963195800781, "mean": -0.40340443421290373}, "misc": {"rmse": 5.329264711200726, "corr": 0.9864061827043641}, "unit": "W/m2"}