{"ref": {"min": -185.88311767578125, "max": -0.518310546875, "mean": -48.08488791863903}, "ref_regrid": {"min": -185.88311767578125, "max": -0.518310546875, "mean": -48.08488791863903, "std": 29.31933347405178}, "test": {"min": -183.99371337890625, "max": -0.34954833984375, "mean": -48.615246174960234}, "test_regrid": {"min": -183.99371337890625, "max": -0.34954833984375, "mean": -48.615246174960234, "std": 29.444087984033917}, "diff": {"min": -29.3477783203125, "max": 29.058135986328125, "mean": -0.5303582563211966}, "misc": {"rmse": 5.232821572985824, "corr": 0.9843124214812947}, "unit": "W/m2"}