{"ref": {"min": -178.56549072265625, "max": 4.2714904679996835e-07, "mean": -47.85285469847114}, "ref_regrid": {"min": -178.56549072265625, "max": 4.2714904679996835e-07, "mean": -47.85285469847114, "std": 36.43377374809164}, "test": {"min": -176.45004272460938, "max": 1.2119877510485821e-06, "mean": -48.21746044942576}, "test_regrid": {"min": -176.45004272460938, "max": 1.2119877510485821e-06, "mean": -48.21746044942576, "std": 36.76255488224611}, "diff": {"min": -25.301002502441406, "max": 33.270111083984375, "mean": -0.36460575102550574}, "misc": {"rmse": 5.335645725750838, "corr": 0.9894624047453341}, "unit": "W/m2"}