{"ref": {"min": -150.4596710205078, "max": -0.04739096388220787, "mean": -43.12365735642887}, "ref_regrid": {"min": -150.4596710205078, "max": -0.04739096388220787, "mean": -43.12365735642887, "std": 23.3195463248591}, "test": {"min": -144.9922637939453, "max": -0.08715150505304337, "mean": -43.41858082063923}, "test_regrid": {"min": -144.9922637939453, "max": -0.08715150505304337, "mean": -43.41858082063923, "std": 23.476167890557967}, "diff": {"min": -26.75484848022461, "max": 27.65365219116211, "mean": -0.29492346408400993}, "misc": {"rmse": 5.398495915555584, "corr": 0.9734842837417388}, "unit": "W/m2"}