{"ref": {"min": -196.35873413085938, "max": 8.80289405813528e-07, "mean": -45.598973394960076}, "ref_regrid": {"min": -196.35873413085938, "max": 8.80289405813528e-07, "mean": -45.598973394960076, "std": 33.09345863775696}, "test": {"min": -194.5417022705078, "max": 8.914907425605634e-07, "mean": -46.24341001899598}, "test_regrid": {"min": -194.5417022705078, "max": 8.914907425605634e-07, "mean": -46.24341001899598, "std": 33.23176873464703}, "diff": {"min": -55.23311996459961, "max": 55.62049102783203, "mean": -0.6444366244278205}, "misc": {"rmse": 8.86163959175332, "corr": 0.964494687787446}, "unit": "W/m2"}