{"ref": {"min": -161.3719940185547, "max": -0.9016571044921875, "mean": -48.24507704183312}, "ref_regrid": {"min": -161.3719940185547, "max": -0.9016571044921875, "mean": -48.24507704183312, "std": 22.472079378209152}, "test": {"min": -149.281005859375, "max": -0.6340656280517578, "mean": -48.900307603575406}, "test_regrid": {"min": -149.281005859375, "max": -0.6340656280517578, "mean": -48.900307603575406, "std": 22.12699948314497}, "diff": {"min": -28.646835327148438, "max": 21.421585083007812, "mean": -0.6552305617422871}, "misc": {"rmse": 4.653377615557631, "corr": 0.9787773217124189}, "unit": "W/m2"}