{"ref": {"min": -165.33050537109375, "max": -0.3896997570991516, "mean": -45.212179076792104}, "ref_regrid": {"min": -165.33050537109375, "max": -0.3896997570991516, "mean": -45.212179076792104, "std": 20.7021488536567}, "test": {"min": -151.7293243408203, "max": -0.28445857763290405, "mean": -45.78425803000594}, "test_regrid": {"min": -151.7293243408203, "max": -0.28445857763290405, "mean": -45.78425803000594, "std": 20.336012160455123}, "diff": {"min": -25.049301147460938, "max": 21.774673461914062, "mean": -0.5720789532135279}, "misc": {"rmse": 4.397376189602776, "corr": 0.9775823933785676}, "unit": "W/m2"}