{"ref": {"min": -181.6158905029297, "max": 8.822116797091439e-07, "mean": -47.187975523310634}, "ref_regrid": {"min": -181.6158905029297, "max": 8.822116797091439e-07, "mean": -47.187975523310634, "std": 36.67936902132033}, "test": {"min": -170.89727783203125, "max": 1.371894177282229e-05, "mean": -47.72949585629532}, "test_regrid": {"min": -170.89727783203125, "max": 1.371894177282229e-05, "mean": -47.72949585629532, "std": 36.807297413960974}, "diff": {"min": -43.613128662109375, "max": 44.995521545410156, "mean": -0.5415203330042826}, "misc": {"rmse": 8.812424854822057, "corr": 0.9713535920299459}, "unit": "W/m2"}