{"ref": {"min": -187.8771514892578, "max": -0.288315087556839, "mean": -44.886332046950905}, "ref_regrid": {"min": -187.8771514892578, "max": -0.288315087556839, "mean": -44.886332046950905, "std": 26.462781916662355}, "test": {"min": -183.98056030273438, "max": -0.3316003680229187, "mean": -45.36487421826438}, "test_regrid": {"min": -183.98056030273438, "max": -0.3316003680229187, "mean": -45.36487421826438, "std": 26.51447397411015}, "diff": {"min": -25.418846130371094, "max": 29.74256134033203, "mean": -0.47854217126494725}, "misc": {"rmse": 4.935618896314745, "corr": 0.9828056926550673}, "unit": "W/m2"}