{"ref": {"min": -204.02151489257812, "max": 0.0, "mean": -51.47670066290856}, "ref_regrid": {"min": -204.02151489257812, "max": 0.0, "mean": -51.47670066290856, "std": 40.8337150485527}, "test": {"min": -200.29449462890625, "max": 0.0, "mean": -51.87416603379355}, "test_regrid": {"min": -200.29449462890625, "max": 0.0, "mean": -51.87416603379355, "std": 41.135199712917085}, "diff": {"min": -26.892242431640625, "max": 32.86039733886719, "mean": -0.39746537088499595}, "misc": {"rmse": 5.65345134006739, "corr": 0.9905600451851645}, "unit": "W/m2"}