{"ref": {"min": -189.06399536132812, "max": 2.9175076633691788e-05, "mean": -48.14920032339985}, "ref_regrid": {"min": -189.06399536132812, "max": 2.9175076633691788e-05, "mean": -48.14920032339985, "std": 36.13334892015634}, "test": {"min": -187.27134704589844, "max": 3.667455166578293e-05, "mean": -48.89355933871621}, "test_regrid": {"min": -187.27134704589844, "max": 3.667455166578293e-05, "mean": -48.89355933871621, "std": 36.40448119921013}, "diff": {"min": -64.01518249511719, "max": 61.46665954589844, "mean": -0.7443590153163474}, "misc": {"rmse": 9.47962088973458, "corr": 0.9660808286054284}, "unit": "W/m2"}