{"ref": {"min": 202.5711212158203, "max": 226.56927490234375, "mean": 217.12176761898056}, "ref_regrid": {"min": 202.5711212158203, "max": 226.56927490234375, "mean": 217.12176761898056, "std": 3.210516790742998}, "test": {"min": 199.8332977294922, "max": 226.1840362548828, "mean": 216.89873916636355}, "test_regrid": {"min": 199.8332977294922, "max": 226.1840362548828, "mean": 216.89873916636355, "std": 3.5351735711901235}, "diff": {"min": -6.01593017578125, "max": 3.5761566162109375, "mean": -0.22302845261703377}, "misc": {"rmse": 1.0289250169898343, "corr": 0.9601954123077464}, "unit": "K"}