{"ref": {"min": 204.60968017578125, "max": 226.90599060058594, "mean": 217.54184550600004}, "ref_regrid": {"min": 204.60968017578125, "max": 226.90599060058594, "mean": 217.54184550600004, "std": 3.1756418779154774}, "test": {"min": 202.83480834960938, "max": 226.54356384277344, "mean": 217.3430418342297}, "test_regrid": {"min": 202.83480834960938, "max": 226.54356384277344, "mean": 217.3430418342297, "std": 3.5516105603162234}, "diff": {"min": -3.4465789794921875, "max": 2.76348876953125, "mean": -0.19880367177036132}, "misc": {"rmse": 0.8268396220000419, "corr": 0.9777105986865305}, "unit": "K"}