{"ref": {"min": 211.2943572998047, "max": 228.9612579345703, "mean": 218.1465720564601}, "ref_regrid": {"min": 211.2943572998047, "max": 228.9612579345703, "mean": 218.1465720564601, "std": 3.327277985106682}, "test": {"min": 211.32920837402344, "max": 228.8173370361328, "mean": 217.98735301862627}, "test_regrid": {"min": 211.32920837402344, "max": 228.8173370361328, "mean": 217.98735301862627, "std": 3.2874946955143423}, "diff": {"min": -2.7304534912109375, "max": 3.782562255859375, "mean": -0.15921903783382482}, "misc": {"rmse": 0.6390126098766999, "corr": 0.9825658501593232}, "unit": "K"}