{"ref": {"min": 211.08753967285156, "max": 228.2464599609375, "mean": 218.6243874946596}, "ref_regrid": {"min": 211.08753967285156, "max": 228.2464599609375, "mean": 218.6243874946596, "std": 2.989653380116367}, "test": {"min": 211.4081573486328, "max": 227.92227172851562, "mean": 218.42267609135718}, "test_regrid": {"min": 211.4081573486328, "max": 227.92227172851562, "mean": 218.42267609135718, "std": 2.854569234503233}, "diff": {"min": -4.2475433349609375, "max": 3.2591094970703125, "mean": -0.20171140330244222}, "misc": {"rmse": 0.8162751768533553, "corr": 0.9644154164478351}, "unit": "K"}