{"ref": {"min": 198.8174591064453, "max": 231.84872436523438, "mean": 217.7785492479355}, "ref_regrid": {"min": 198.8174591064453, "max": 231.84872436523438, "mean": 217.7785492479355, "std": 4.788843029739544}, "test": {"min": 197.35997009277344, "max": 232.09877014160156, "mean": 217.6996552597735}, "test_regrid": {"min": 197.35997009277344, "max": 232.09877014160156, "mean": 217.6996552597735, "std": 5.2451634679691255}, "diff": {"min": -5.978363037109375, "max": 5.142974853515625, "mean": -0.07889398816203146}, "misc": {"rmse": 1.297515386842383, "corr": 0.97075646731524}, "unit": "K"}