{"ref": {"min": 205.8314666748047, "max": 227.0950164794922, "mean": 217.42757743105727}, "ref_regrid": {"min": 205.8314666748047, "max": 227.0950164794922, "mean": 217.42757743105727, "std": 2.9236161871023154}, "test": {"min": 203.7062225341797, "max": 226.41696166992188, "mean": 217.21812908644293}, "test_regrid": {"min": 203.7062225341797, "max": 226.41696166992188, "mean": 217.21812908644293, "std": 3.134183258617523}, "diff": {"min": -5.67462158203125, "max": 3.4771728515625, "mean": -0.20944834461439046}, "misc": {"rmse": 1.1129561812747255, "corr": 0.9372233074520328}, "unit": "K"}