{"ref": {"min": 209.22645568847656, "max": 226.70762634277344, "mean": 217.88619308816556}, "ref_regrid": {"min": 209.22645568847656, "max": 226.70762634277344, "mean": 217.88619308816556, "std": 2.8054842284177774}, "test": {"min": 207.4502716064453, "max": 226.76202392578125, "mean": 217.75601435385542}, "test_regrid": {"min": 207.4502716064453, "max": 226.76202392578125, "mean": 217.75601435385542, "std": 3.0012220486463823}, "diff": {"min": -2.6600189208984375, "max": 1.2574462890625, "mean": -0.1301787343101525}, "misc": {"rmse": 0.4941663437437452, "corr": 0.9887800920797185}, "unit": "K"}