{"ref": {"min": 199.269775390625, "max": 230.65834045410156, "mean": 217.65329486475613}, "ref_regrid": {"min": 199.269775390625, "max": 230.65834045410156, "mean": 217.65329486475613, "std": 4.78858637867732}, "test": {"min": 198.17535400390625, "max": 232.89613342285156, "mean": 217.71609149560672}, "test_regrid": {"min": 198.17535400390625, "max": 232.89613342285156, "mean": 217.71609149560672, "std": 5.0098084795898}, "diff": {"min": -2.2953948974609375, "max": 3.8774566650390625, "mean": 0.06279663085061635}, "misc": {"rmse": 0.6567073861249436, "corr": 0.9921137237921096}, "unit": "K"}