{"ref": {"min": 233.54188537597656, "max": 303.75250244140625, "mean": 282.87584410601926}, "ref_regrid": {"min": 233.54188537597656, "max": 303.75250244140625, "mean": 282.87584410601926, "std": 10.056448456516646}, "test": {"min": 237.06044006347656, "max": 304.3673400878906, "mean": 282.9093991163016}, "test_regrid": {"min": 237.06044006347656, "max": 304.3673400878906, "mean": 282.9093991163016, "std": 10.028044795970994}, "diff": {"min": -5.7605743408203125, "max": 5.606597900390625, "mean": 0.04281807703952334}, "misc": {"rmse": 0.9941830251828009, "corr": 0.9951104397955552}, "unit": "K"}