{"ref": {"min": 243.48696899414062, "max": 297.4326171875, "mean": 279.75631798100517}, "ref_regrid": {"min": 243.48696899414062, "max": 297.4326171875, "mean": 279.75631798100517, "std": 11.478332948584486}, "test": {"min": 244.60733032226562, "max": 297.60748291015625, "mean": 279.73202511019036}, "test_regrid": {"min": 244.60733032226562, "max": 297.60748291015625, "mean": 279.73202511019036, "std": 11.436742971193073}, "diff": {"min": -3.2136077880859375, "max": 2.24322509765625, "mean": -0.02516932371677077}, "misc": {"rmse": 0.5475853212663241, "corr": 0.9988671735816403}, "unit": "K"}