{"ref": {"min": 245.28192138671875, "max": 298.8027648925781, "mean": 281.15318178249026}, "ref_regrid": {"min": 245.28192138671875, "max": 298.8027648925781, "mean": 281.15318178249026, "std": 10.132848965907808}, "test": {"min": 246.17173767089844, "max": 299.3098449707031, "mean": 281.1435490919095}, "test_regrid": {"min": 246.17173767089844, "max": 299.3098449707031, "mean": 281.1435490919095, "std": 10.119287556866217}, "diff": {"min": -2.84613037109375, "max": 3.129425048828125, "mean": -0.01250928724167704}, "misc": {"rmse": 0.6352755197991481, "corr": 0.9980323265760556}, "unit": "K"}