{"ref": {"min": 235.10809326171875, "max": 303.5973815917969, "mean": 282.830958676452}, "ref_regrid": {"min": 235.10809326171875, "max": 303.5973815917969, "mean": 282.830958676452, "std": 10.024803945684045}, "test": {"min": 235.2881622314453, "max": 303.7550964355469, "mean": 282.9028114123272}, "test_regrid": {"min": 235.2881622314453, "max": 303.7550964355469, "mean": 282.9028114123272, "std": 9.964915045872473}, "diff": {"min": -1.929290771484375, "max": 3.900054931640625, "mean": 0.07819150473640932}, "misc": {"rmse": 0.5320767812657912, "corr": 0.9986383644957072}, "unit": "K"}