{"ref": {"min": 239.92083740234375, "max": 297.2108459472656, "mean": 280.9234685262644}, "ref_regrid": {"min": 239.92083740234375, "max": 297.2108459472656, "mean": 280.9234685262644, "std": 10.606418327227328}, "test": {"min": 238.0157928466797, "max": 297.09820556640625, "mean": 280.93522943646764}, "test_regrid": {"min": 238.0157928466797, "max": 297.09820556640625, "mean": 280.93522943646764, "std": 10.510831104209712}, "diff": {"min": -3.607757568359375, "max": 3.005096435546875, "mean": 0.01428111272256995}, "misc": {"rmse": 0.6417920024822228, "corr": 0.9981963625309463}, "unit": "K"}