{"ref": {"min": 244.50392150878906, "max": 297.8385314941406, "mean": 279.87684875515583}, "ref_regrid": {"min": 244.50392150878906, "max": 297.8385314941406, "mean": 279.87684875515583, "std": 11.268107166966852}, "test": {"min": 245.80970764160156, "max": 297.7197570800781, "mean": 279.7576286318855}, "test_regrid": {"min": 245.80970764160156, "max": 297.7197570800781, "mean": 279.7576286318855, "std": 11.293064813455144}, "diff": {"min": -6.50567626953125, "max": 4.1951751708984375, "mean": -0.121390626356698}, "misc": {"rmse": 0.967896499719022, "corr": 0.9963778485992384}, "unit": "K"}