{"ref": {"min": 245.49346923828125, "max": 295.5501708984375, "mean": 281.16167328470436}, "ref_regrid": {"min": 245.49346923828125, "max": 295.5501708984375, "mean": 281.16167328470436, "std": 9.890430208007436}, "test": {"min": 245.00425720214844, "max": 295.72918701171875, "mean": 281.17255969225766}, "test_regrid": {"min": 245.00425720214844, "max": 295.72918701171875, "mean": 281.17255969225766, "std": 9.832968732662218}, "diff": {"min": -1.14263916015625, "max": 1.438995361328125, "mean": 0.011800443835709423}, "misc": {"rmse": 0.298236861261098, "corr": 0.9995609673670179}, "unit": "K"}