{"ref": {"min": 245.0535888671875, "max": 295.9624938964844, "mean": 281.2089754922017}, "ref_regrid": {"min": 245.0535888671875, "max": 295.9624938964844, "mean": 281.2089754922017, "std": 9.875384306868465}, "test": {"min": 243.9387969970703, "max": 296.6312561035156, "mean": 281.17105772049314}, "test_regrid": {"min": 243.9387969970703, "max": 296.6312561035156, "mean": 281.17105772049314, "std": 9.861462573825108}, "diff": {"min": -2.477325439453125, "max": 1.691192626953125, "mean": -0.03734739627512698}, "misc": {"rmse": 0.4843354986002316, "corr": 0.9988035844225189}, "unit": "K"}