{"ref": {"min": 5.601894008577801e-05, "max": 0.9744069576263428, "mean": 0.0826548208342135}, "ref_regrid": {"min": 5.601894008577801e-05, "max": 0.9744069576263428, "mean": 0.0826548208342135, "std": 0.061968569540693984}, "test": {"min": 0.0001028730403049849, "max": 0.8845744132995605, "mean": 0.0814402936315138}, "test_regrid": {"min": 0.0001028730403049849, "max": 0.8845744132995605, "mean": 0.0814402936315138, "std": 0.06467903206730756}, "diff": {"min": -0.44410115480422974, "max": 0.12273085117340088, "mean": -0.0012145272051705882}, "misc": {"rmse": 0.0278266714815913, "corr": 0.904504849259806}, "unit": "N/m^2"}