{"ref": {"min": 0.00020248640794306993, "max": 0.9656895995140076, "mean": 0.0766961488500654}, "ref_regrid": {"min": 0.00020248640794306993, "max": 0.9656895995140076, "mean": 0.0766961488500654, "std": 0.055593392289469815}, "test": {"min": 0.0006001499714329839, "max": 0.9096706509590149, "mean": 0.07674833102003525}, "test_regrid": {"min": 0.0006001499714329839, "max": 0.9096706509590149, "mean": 0.07674833102003525, "std": 0.057428594552486466}, "diff": {"min": -0.1217184066772461, "max": 0.0760430097579956, "mean": 5.218216958440426e-05}, "misc": {"rmse": 0.009298274455200655, "corr": 0.9869877351153351}, "unit": "N/m^2"}