{"ref": {"min": 0.00023718408192507923, "max": 0.9126793146133423, "mean": 0.07724722444172676}, "ref_regrid": {"min": 0.00023718408192507923, "max": 0.9126793146133423, "mean": 0.07724722444172676, "std": 0.05280589758578131}, "test": {"min": 7.445511437254027e-05, "max": 0.889346182346344, "mean": 0.07721662191416358}, "test_regrid": {"min": 7.445511437254027e-05, "max": 0.889346182346344, "mean": 0.07721662191416358, "std": 0.05399034326626417}, "diff": {"min": -0.10291588306427002, "max": 0.1333567500114441, "mean": -3.060252696466462e-05}, "misc": {"rmse": 0.016881520925866183, "corr": 0.9502663885286573}, "unit": "N/m^2"}