{"ref": {"min": 0.00020762068743351847, "max": 1.2484281063079834, "mean": 0.07624150845810107}, "ref_regrid": {"min": 0.00020762068743351847, "max": 1.2484281063079834, "mean": 0.07624150845810107, "std": 0.05709728875812908}, "test": {"min": 0.00036753391032107174, "max": 1.1612721681594849, "mean": 0.08076630195881919}, "test_regrid": {"min": 0.00036753391032107174, "max": 1.1612721681594849, "mean": 0.08076630195881919, "std": 0.06231106467072795}, "diff": {"min": -0.23865437507629395, "max": 0.16845190525054932, "mean": 0.004524793501453524}, "misc": {"rmse": 0.020718204922216554, "corr": 0.9463731009983483}, "unit": "N/m^2"}