{"ref": {"min": 0.00023514851636718959, "max": 1.0864495038986206, "mean": 0.09150732771767084}, "ref_regrid": {"min": 0.00023514851636718959, "max": 1.0864495038986206, "mean": 0.09150732771767084, "std": 0.07092560295073506}, "test": {"min": 0.00025583134265616536, "max": 1.0290436744689941, "mean": 0.08869951484990088}, "test_regrid": {"min": 0.00025583134265616536, "max": 1.0290436744689941, "mean": 0.08869951484990088, "std": 0.06793854932508514}, "diff": {"min": -0.18272560834884644, "max": 0.16373670101165771, "mean": -0.0028078128698737475}, "misc": {"rmse": 0.02832426322290736, "corr": 0.9184970308798508}, "unit": "N/m^2"}