{"ref": {"min": 0.0006562498165294528, "max": 0.7328124642372131, "mean": 0.07729278396462848}, "ref_regrid": {"min": 0.0006562498165294528, "max": 0.7328124642372131, "mean": 0.07729278396462848, "std": 0.062041800560733634}, "test": {"min": 0.000314027740387246, "max": 0.6925427913665771, "mean": 0.07688219484053539}, "test_regrid": {"min": 0.000314027740387246, "max": 0.6925427913665771, "mean": 0.07688219484053539, "std": 0.06408925137342576}, "diff": {"min": -0.08213920146226883, "max": 0.14588510990142822, "mean": -0.0004105891243542352}, "misc": {"rmse": 0.015061979958094081, "corr": 0.9720207864230269}, "unit": "N/m^2"}