{"ref": {"min": 0.00032716282294131815, "max": 1.0886552333831787, "mean": 0.07845790502611093}, "ref_regrid": {"min": 0.00032716282294131815, "max": 1.0886552333831787, "mean": 0.07845790502611093, "std": 0.05887204147698004}, "test": {"min": 0.00023013622558210045, "max": 0.8960683941841125, "mean": 0.07821180016450205}, "test_regrid": {"min": 0.00023013622558210045, "max": 0.8960683941841125, "mean": 0.07821180016450205, "std": 0.06194404029928303}, "diff": {"min": -0.27043044567108154, "max": 0.06769752502441406, "mean": -0.0002461048617980737}, "misc": {"rmse": 0.014486081393977711, "corr": 0.9725306655121577}, "unit": "N/m^2"}