{"ref": {"min": 0.00021861586719751358, "max": 1.0938812494277954, "mean": 0.08930515838847625}, "ref_regrid": {"min": 0.00021861586719751358, "max": 1.0938812494277954, "mean": 0.08930515838847625, "std": 0.06812448540039612}, "test": {"min": 0.00018246486433781683, "max": 0.9696111083030701, "mean": 0.08589157760256218}, "test_regrid": {"min": 0.00018246486433781683, "max": 0.9696111083030701, "mean": 0.08589157760256218, "std": 0.06557518743229501}, "diff": {"min": -0.23042994737625122, "max": 0.08135893940925598, "mean": -0.00341358078613421}, "misc": {"rmse": 0.01673780646611908, "corr": 0.9706753388685048}, "unit": "N/m^2"}