{"ref": {"min": 0.04555899277329445, "max": 159.10772705078125, "mean": 53.495782373306064}, "ref_regrid": {"min": 0.04555899277329445, "max": 159.10772705078125, "mean": 53.495782373306064, "std": 27.62376558455121}, "test": {"min": 0.45886117219924927, "max": 154.64004516601562, "mean": 53.577096512206836}, "test_regrid": {"min": 0.45886117219924927, "max": 154.64004516601562, "mean": 53.577096512206836, "std": 27.0024132070383}, "diff": {"min": -39.919921875, "max": 30.571353912353516, "mean": 0.0813141389689616}, "misc": {"rmse": 5.750149686311329, "corr": 0.9780995003155459}, "unit": "g/m^2"}