{"ref": {"min": 0.4595499634742737, "max": 172.7335662841797, "mean": 54.441788009051116}, "ref_regrid": {"min": 0.4595499634742737, "max": 172.7335662841797, "mean": 54.441788009051116, "std": 28.58719146503631}, "test": {"min": 0.4858097434043884, "max": 170.3788299560547, "mean": 54.37033625184812}, "test_regrid": {"min": 0.4858097434043884, "max": 170.3788299560547, "mean": 54.37033625184812, "std": 28.413188436575975}, "diff": {"min": -38.155372619628906, "max": 34.4361572265625, "mean": -0.07145175722956187}, "misc": {"rmse": 6.050763012322422, "corr": 0.977484639299092}, "unit": "g/m^2"}