{"ref": {"min": 0.45922499895095825, "max": 186.18809509277344, "mean": 53.66338345191314}, "ref_regrid": {"min": 0.45922499895095825, "max": 186.18809509277344, "mean": 53.66338345191314, "std": 28.307630159898203}, "test": {"min": 0.3220193088054657, "max": 192.59909057617188, "mean": 53.82521480200334}, "test_regrid": {"min": 0.3220193088054657, "max": 192.59909057617188, "mean": 53.82521480200334, "std": 28.39456295236939}, "diff": {"min": -55.23333740234375, "max": 50.669593811035156, "mean": 0.16183134983349423}, "misc": {"rmse": 10.018320942927536, "corr": 0.9375869881802902}, "unit": "g/m^2"}