{"ref": {"min": 0.007364970166236162, "max": 169.98704528808594, "mean": 53.287171508245464}, "ref_regrid": {"min": 0.007364970166236162, "max": 169.98704528808594, "mean": 53.287171508245464, "std": 28.19679491035494}, "test": {"min": 0.231991708278656, "max": 197.61239624023438, "mean": 54.472879556814796}, "test_regrid": {"min": 0.231991708278656, "max": 197.61239624023438, "mean": 54.472879556814796, "std": 28.563662099870026}, "diff": {"min": -55.636077880859375, "max": 58.248504638671875, "mean": 1.1857080486994036}, "misc": {"rmse": 10.081366868320085, "corr": 0.9378613120594136}, "unit": "g/m^2"}