{"ref": {"min": 1.0168555974960327, "max": 147.28074645996094, "mean": 52.277324744971395}, "ref_regrid": {"min": 1.0168555974960327, "max": 147.28074645996094, "mean": 52.277324744971395, "std": 24.51073463299988}, "test": {"min": 1.2089765071868896, "max": 145.8540496826172, "mean": 52.93886303556339}, "test_regrid": {"min": 1.2089765071868896, "max": 145.8540496826172, "mean": 52.93886303556339, "std": 24.687053298391856}, "diff": {"min": -21.130016326904297, "max": 35.50464630126953, "mean": 0.66153829059198}, "misc": {"rmse": 4.768242600469477, "corr": 0.9816001508568143}, "unit": "g/m^2"}