{"ref": {"min": 0.6640927195549011, "max": 131.27935791015625, "mean": 51.7122256862788}, "ref_regrid": {"min": 0.6640927195549011, "max": 131.27935791015625, "mean": 51.7122256862788, "std": 26.347668123183606}, "test": {"min": 1.1438777446746826, "max": 139.37928771972656, "mean": 51.73350062000942}, "test_regrid": {"min": 1.1438777446746826, "max": 139.37928771972656, "mean": 51.73350062000942, "std": 26.347978295907843}, "diff": {"min": -34.96795654296875, "max": 28.977031707763672, "mean": 0.021274933826759098}, "misc": {"rmse": 6.103095597189434, "corr": 0.9731727849313583}, "unit": "g/m^2"}