{"ref": {"min": 0.4620334208011627, "max": 165.7969512939453, "mean": 51.64436747986665}, "ref_regrid": {"min": 0.4620334208011627, "max": 165.7969512939453, "mean": 51.64436747986665, "std": 25.33722686445603}, "test": {"min": 0.0559430830180645, "max": 164.99240112304688, "mean": 52.29874867722148}, "test_regrid": {"min": 0.0559430830180645, "max": 164.99240112304688, "mean": 52.29874867722148, "std": 25.93685499783248}, "diff": {"min": -40.75511932373047, "max": 35.406951904296875, "mean": 0.6543811973340198}, "misc": {"rmse": 5.95607631212007, "corr": 0.9736086683564645}, "unit": "g/m^2"}