{"ref": {"min": 1.239904522895813, "max": 145.31153869628906, "mean": 52.5401804091388}, "ref_regrid": {"min": 1.239904522895813, "max": 145.31153869628906, "mean": 52.5401804091388, "std": 24.458590505734588}, "test": {"min": 1.208837628364563, "max": 148.6817626953125, "mean": 52.71677260110524}, "test_regrid": {"min": 1.208837628364563, "max": 148.6817626953125, "mean": 52.71677260110524, "std": 24.374186898972003}, "diff": {"min": -17.785049438476562, "max": 15.492408752441406, "mean": 0.17659219196644527}, "misc": {"rmse": 2.902020571257087, "corr": 0.9929688008832639}, "unit": "g/m^2"}