{"ref": {"min": 0.12817077338695526, "max": 66.82725524902344, "mean": 26.50387244571147}, "ref_regrid": {"min": 0.12817077338695526, "max": 66.82725524902344, "mean": 26.50387244571147, "std": 14.326857092408167}, "test": {"min": 0.1403065025806427, "max": 66.26615142822266, "mean": 26.81229338893265}, "test_regrid": {"min": 0.1403065025806427, "max": 66.26615142822266, "mean": 26.81229338893265, "std": 14.50281558610684}, "diff": {"min": -7.622280120849609, "max": 9.864151000976562, "mean": 0.3084209432211835}, "misc": {"rmse": 1.7693429084960512, "corr": 0.9927700140603996}, "unit": "kg/m2"}