{"ref": {"min": 0.18603789806365967, "max": 58.12827682495117, "mean": 24.461849467873034}, "ref_regrid": {"min": 0.18603789806365967, "max": 58.12827682495117, "mean": 24.461849467873034, "std": 14.074800652320233}, "test": {"min": 0.20129194855690002, "max": 57.60635757446289, "mean": 24.63616818290176}, "test_regrid": {"min": 0.20129194855690002, "max": 57.60635757446289, "mean": 24.63616818290176, "std": 14.134864667838025}, "diff": {"min": -3.6104736328125, "max": 5.563812255859375, "mean": 0.17431871502872634}, "misc": {"rmse": 0.9347568054021361, "corr": 0.9978894318831079}, "unit": "kg/m2"}