{"ref": {"min": 0.16918359696865082, "max": 56.93571090698242, "mean": 24.400057238391593}, "ref_regrid": {"min": 0.16918359696865082, "max": 56.93571090698242, "mean": 24.400057238391593, "std": 14.335796752053227}, "test": {"min": 0.16902512311935425, "max": 55.23786163330078, "mean": 24.42355167132308}, "test_regrid": {"min": 0.16902512311935425, "max": 55.23786163330078, "mean": 24.42355167132308, "std": 14.201044606644787}, "diff": {"min": -4.1436309814453125, "max": 5.603303909301758, "mean": 0.02349443293147838}, "misc": {"rmse": 1.025395005633396, "corr": 0.9974636306200672}, "unit": "kg/m2"}