{"ref": {"min": 0.37885674834251404, "max": 54.24348449707031, "mean": 23.561272395512635}, "ref_regrid": {"min": 0.37885674834251404, "max": 54.24348449707031, "mean": 23.561272395512635, "std": 14.502872162054407}, "test": {"min": 0.3336013853549957, "max": 54.978763580322266, "mean": 23.484205064517003}, "test_regrid": {"min": 0.3336013853549957, "max": 54.978763580322266, "mean": 23.484205064517003, "std": 14.512218405918526}, "diff": {"min": -6.829486846923828, "max": 10.30661392211914, "mean": -0.07706733099563146}, "misc": {"rmse": 1.5819594769499843, "corr": 0.9940690294873267}, "unit": "kg/m2"}