{"ref": {"min": 0.2260502725839615, "max": 55.5097541809082, "mean": 24.707975200955456}, "ref_regrid": {"min": 0.2260502725839615, "max": 55.5097541809082, "mean": 24.707975200955456, "std": 13.496217534642875}, "test": {"min": 0.23058228194713593, "max": 55.108253479003906, "mean": 24.783183644000218}, "test_regrid": {"min": 0.23058228194713593, "max": 55.108253479003906, "mean": 24.783183644000218, "std": 13.454506164790116}, "diff": {"min": -2.129009246826172, "max": 3.0945186614990234, "mean": 0.07520844304476323}, "misc": {"rmse": 0.49717593721281994, "corr": 0.9993397367162508}, "unit": "kg/m2"}