{"ref": {"min": 0.12675175070762634, "max": 65.60143280029297, "mean": 26.498925473555605}, "ref_regrid": {"min": 0.12675175070762634, "max": 65.60143280029297, "mean": 26.498925473555605, "std": 14.301127080007142}, "test": {"min": 0.1363256871700287, "max": 65.18952178955078, "mean": 26.623927024845695}, "test_regrid": {"min": 0.1363256871700287, "max": 65.18952178955078, "mean": 26.623927024845695, "std": 14.349688977540703}, "diff": {"min": -4.898502349853516, "max": 6.292179107666016, "mean": 0.1250015512900866}, "misc": {"rmse": 1.009201164713248, "corr": 0.9975623250869966}, "unit": "kg/m2"}