{"ref": {"min": 0.4222278594970703, "max": 54.39705276489258, "mean": 23.471068644184577}, "ref_regrid": {"min": 0.4222278594970703, "max": 54.39705276489258, "mean": 23.471068644184577, "std": 14.473963798975978}, "test": {"min": 0.41546010971069336, "max": 54.25870132446289, "mean": 23.449087687714982}, "test_regrid": {"min": 0.41546010971069336, "max": 54.25870132446289, "mean": 23.449087687714982, "std": 14.499250624956806}, "diff": {"min": -5.683290481567383, "max": 4.5789947509765625, "mean": -0.02198095646959077}, "misc": {"rmse": 0.956488419339475, "corr": 0.9978229762066738}, "unit": "kg/m2"}