{"ref": {"min": 0.21758951246738434, "max": 56.66584396362305, "mean": 24.735144865648646}, "ref_regrid": {"min": 0.21758951246738434, "max": 56.66584396362305, "mean": 24.735144865648646, "std": 13.569428565071238}, "test": {"min": 0.1974520981311798, "max": 55.03693771362305, "mean": 24.848964005545366}, "test_regrid": {"min": 0.1974520981311798, "max": 55.03693771362305, "mean": 24.848964005545366, "std": 13.506970355619327}, "diff": {"min": -2.948335647583008, "max": 4.297203063964844, "mean": 0.11381913989671703}, "misc": {"rmse": 0.8252099721353267, "corr": 0.998188266895217}, "unit": "kg/m2"}