{"ref": {"min": -63.881011962890625, "max": 32.22674560546875, "mean": 8.352779914997472}, "ref_regrid": {"min": -63.881011962890625, "max": 32.22674560546875, "mean": 8.352779914997472, "std": 20.01885166425182}, "test": {"min": -63.54547119140625, "max": 32.4439697265625, "mean": 8.449608243674922}, "test_regrid": {"min": -63.54547119140625, "max": 32.4439697265625, "mean": 8.449608243674922, "std": 19.925661920067817}, "diff": {"min": -4.516448974609375, "max": 3.988677978515625, "mean": 0.09682832867744878}, "misc": {"rmse": 0.9791342824439442, "corr": 0.9988209201018574}, "unit": "DegC"}