{"ref": {"min": -68.75123596191406, "max": 38.902435302734375, "mean": 16.408053963757116}, "ref_regrid": {"min": -68.75123596191406, "max": 38.902435302734375, "mean": 16.408053963757116, "std": 14.41377482078866}, "test": {"min": -66.28192138671875, "max": 39.24554443359375, "mean": 16.458494691024015}, "test_regrid": {"min": -66.28192138671875, "max": 39.24554443359375, "mean": 16.458494691024015, "std": 14.267282105656749}, "diff": {"min": -5.9716339111328125, "max": 5.347747802734375, "mean": 0.05044072726690564}, "misc": {"rmse": 0.8388402590802597, "corr": 0.9983475230769128}, "unit": "DegC"}