{"ref": {"min": -57.34283447265625, "max": 29.8602294921875, "mean": 9.421968691147438}, "ref_regrid": {"min": -57.34283447265625, "max": 29.8602294921875, "mean": 9.421968691147438, "std": 18.551865995877055}, "test": {"min": -57.636260986328125, "max": 29.343841552734375, "mean": 9.331410813909658}, "test_regrid": {"min": -57.636260986328125, "max": 29.343841552734375, "mean": 9.331410813909658, "std": 18.6116328167099}, "diff": {"min": -4.287933349609375, "max": 3.1680908203125, "mean": -0.09055787723777951}, "misc": {"rmse": 0.7795908698031656, "corr": 0.9991369492254282}, "unit": "DegC"}