{"ref": {"min": -67.70841979980469, "max": 38.96502685546875, "mean": 14.194741593917074}, "ref_regrid": {"min": -67.70841979980469, "max": 38.96502685546875, "mean": 14.194741593917074, "std": 20.415429281611036}, "test": {"min": -67.24574279785156, "max": 39.472137451171875, "mean": 14.37260167536687}, "test_regrid": {"min": -67.24574279785156, "max": 39.472137451171875, "mean": 14.37260167536687, "std": 20.261857033614334}, "diff": {"min": -2.4084930419921875, "max": 3.78173828125, "mean": 0.1778600814497979}, "misc": {"rmse": 0.7841416057986407, "corr": 0.9993235186729832}, "unit": "DegC"}