{"ref": {"min": -57.56329345703125, "max": 30.97412109375, "mean": 9.990826565518427}, "ref_regrid": {"min": -57.56329345703125, "max": 30.97412109375, "mean": 9.990826565518427, "std": 18.58515195303551}, "test": {"min": -57.00849914550781, "max": 30.7392578125, "mean": 10.029726564546438}, "test_regrid": {"min": -57.00849914550781, "max": 30.7392578125, "mean": 10.029726564546438, "std": 18.485414780678706}, "diff": {"min": -3.4271087646484375, "max": 3.9461212158203125, "mean": 0.03889999902801178}, "misc": {"rmse": 0.9168172801759331, "corr": 0.9987933593273661}, "unit": "DegC"}