{"ref": {"min": -57.030914306640625, "max": 29.0308837890625, "mean": 9.283398800511565}, "ref_regrid": {"min": -57.030914306640625, "max": 29.0308837890625, "mean": 9.283398800511565, "std": 18.42443739072848}, "test": {"min": -56.59431457519531, "max": 29.138580322265625, "mean": 9.348743021861008}, "test_regrid": {"min": -56.59431457519531, "max": 29.138580322265625, "mean": 9.348743021861008, "std": 18.33025410337415}, "diff": {"min": -1.567840576171875, "max": 1.63250732421875, "mean": 0.06534422134944319}, "misc": {"rmse": 0.4658441026364255, "corr": 0.9996981708028446}, "unit": "DegC"}