{"ref": {"min": -67.70841979980469, "max": 38.96502685546875, "mean": 16.3761018472773}, "ref_regrid": {"min": -67.70841979980469, "max": 38.96502685546875, "mean": 16.3761018472773, "std": 14.368594814496277}, "test": {"min": -67.24574279785156, "max": 39.472137451171875, "mean": 16.415124066175522}, "test_regrid": {"min": -67.24574279785156, "max": 39.472137451171875, "mean": 16.415124066175522, "std": 14.259446791879489}, "diff": {"min": -2.4084930419921875, "max": 3.78173828125, "mean": 0.03902221889822359}, "misc": {"rmse": 0.47677146547264443, "corr": 0.9994780689943586}, "unit": "DegC"}