{"ref": {"min": -57.34283447265625, "max": 29.8602294921875, "mean": 14.828996320203839}, "ref_regrid": {"min": -57.34283447265625, "max": 29.8602294921875, "mean": 14.828996320203839, "std": 13.94291219284323}, "test": {"min": -57.636260986328125, "max": 29.343841552734375, "mean": 14.777563442392934}, "test_regrid": {"min": -57.636260986328125, "max": 29.343841552734375, "mean": 14.777563442392934, "std": 13.922010092243546}, "diff": {"min": -4.287933349609375, "max": 3.1680908203125, "mean": -0.05143287781090788}, "misc": {"rmse": 0.4890563766641011, "corr": 0.9993918654288947}, "unit": "DegC"}