{"ref": {"min": -40.156890869140625, "max": 32.881439208984375, "mean": 4.595246799555696}, "ref_regrid": {"min": -40.156890869140625, "max": 32.881439208984375, "mean": 4.595246799555696, "std": 19.026798501036094}, "test": {"min": -39.597869873046875, "max": 33.426910400390625, "mean": 4.543035447941087}, "test_regrid": {"min": -39.597869873046875, "max": 33.426910400390625, "mean": 4.543035447941087, "std": 19.03900901766719}, "diff": {"min": -4.21221923828125, "max": 3.25445556640625, "mean": -0.052211351614607486}, "misc": {"rmse": 0.8630909709003877, "corr": 0.9989757788297112}, "unit": "DegC"}