{"ref": {"min": -41.084259033203125, "max": 33.285552978515625, "mean": 13.38064075734187}, "ref_regrid": {"min": -41.084259033203125, "max": 33.285552978515625, "mean": 13.38064075734187, "std": 15.12256897588931}, "test": {"min": -41.72871398925781, "max": 32.452484130859375, "mean": 13.26929206149019}, "test_regrid": {"min": -41.72871398925781, "max": 32.452484130859375, "mean": 13.26929206149019, "std": 15.131014616208141}, "diff": {"min": -8.478469848632812, "max": 9.43878173828125, "mean": -0.1113486958516767}, "misc": {"rmse": 1.0570787545264908, "corr": 0.9975855553102715}, "unit": "DegC"}