{"ref": {"min": -63.881011962890625, "max": 32.22674560546875, "mean": 14.560994631576815}, "ref_regrid": {"min": -63.881011962890625, "max": 32.22674560546875, "mean": 14.560994631576815, "std": 14.895168732730742}, "test": {"min": -63.54547119140625, "max": 32.4439697265625, "mean": 14.575646360011277}, "test_regrid": {"min": -63.54547119140625, "max": 32.4439697265625, "mean": 14.575646360011277, "std": 14.772580995162077}, "diff": {"min": -4.516448974609375, "max": 3.988677978515625, "mean": 0.014651728434460828}, "misc": {"rmse": 0.6104665468601872, "corr": 0.9991878134196301}, "unit": "DegC"}