{"ref": {"min": -57.030914306640625, "max": 29.195465087890625, "mean": 14.782753188498905}, "ref_regrid": {"min": -57.030914306640625, "max": 29.195465087890625, "mean": 14.782753188498905, "std": 13.919762365963352}, "test": {"min": -56.59431457519531, "max": 29.138580322265625, "mean": 14.791302871751745}, "test_regrid": {"min": -56.59431457519531, "max": 29.138580322265625, "mean": 14.791302871751745, "std": 13.816433169137524}, "diff": {"min": -1.567840576171875, "max": 1.63250732421875, "mean": 0.008549683252840118}, "misc": {"rmse": 0.29615364634592356, "corr": 0.9997999260756621}, "unit": "DegC"}