{"ref": {"min": -68.75123596191406, "max": 38.902435302734375, "mean": 14.265391068553715}, "ref_regrid": {"min": -68.75123596191406, "max": 38.902435302734375, "mean": 14.265391068553715, "std": 20.5224525234213}, "test": {"min": -66.28192138671875, "max": 39.24554443359375, "mean": 14.472727848325276}, "test_regrid": {"min": -66.28192138671875, "max": 39.24554443359375, "mean": 14.472727848325276, "std": 20.379847925891077}, "diff": {"min": -5.9716339111328125, "max": 5.322113037109375, "mean": 0.20733677977155918}, "misc": {"rmse": 1.2702785109418204, "corr": 0.9981466787244202}, "unit": "DegC"}