{"ref": {"min": -41.084259033203125, "max": 33.285552978515625, "mean": 5.00490649381607}, "ref_regrid": {"min": -41.084259033203125, "max": 33.285552978515625, "mean": 5.00490649381607, "std": 18.930604944321875}, "test": {"min": -41.72871398925781, "max": 32.452484130859375, "mean": 4.651435782586131}, "test_regrid": {"min": -41.72871398925781, "max": 32.452484130859375, "mean": 4.651435782586131, "std": 19.077789140877133}, "diff": {"min": -8.478469848632812, "max": 9.43878173828125, "mean": -0.3534707112299377}, "misc": {"rmse": 1.6932124924527399, "corr": 0.996233790786901}, "unit": "DegC"}