{"ref": {"min": -40.156890869140625, "max": 32.881439208984375, "mean": 13.237839524753662}, "ref_regrid": {"min": -40.156890869140625, "max": 32.881439208984375, "mean": 13.237839524753662, "std": 15.305200580654251}, "test": {"min": -39.597869873046875, "max": 33.426910400390625, "mean": 13.21359360190889}, "test_regrid": {"min": -39.597869873046875, "max": 33.426910400390625, "mean": 13.21359360190889, "std": 15.249610591205482}, "diff": {"min": -4.219573974609375, "max": 3.25445556640625, "mean": -0.024245922844771197}, "misc": {"rmse": 0.562585742680701, "corr": 0.9993298477653889}, "unit": "DegC"}