{"ref": {"min": -57.56329345703125, "max": 30.97412109375, "mean": 14.956076969596218}, "ref_regrid": {"min": -57.56329345703125, "max": 30.97412109375, "mean": 14.956076969596218, "std": 13.827419665897574}, "test": {"min": -57.00849914550781, "max": 30.7392578125, "mean": 14.960847419242802}, "test_regrid": {"min": -57.00849914550781, "max": 30.7392578125, "mean": 14.960847419242802, "std": 13.73559412105954}, "diff": {"min": -3.4271087646484375, "max": 3.9461212158203125, "mean": 0.004770449646583375}, "misc": {"rmse": 0.5715083287386922, "corr": 0.9991623997776888}, "unit": "DegC"}