{"ref": {"min": -15.13780689239502, "max": 66.92986297607422, "mean": 16.25792764634049}, "ref_regrid": {"min": -15.13780689239502, "max": 66.92986297607422, "mean": 16.25792764634049, "std": 14.001786209642932}, "test": {"min": -15.424524307250977, "max": 68.38827514648438, "mean": 16.29792111567004}, "test_regrid": {"min": -15.424524307250977, "max": 68.38827514648438, "mean": 16.29792111567004, "std": 14.253404625969072}, "diff": {"min": -7.102703094482422, "max": 7.829128265380859, "mean": 0.03999346926596191}, "misc": {"rmse": 2.0001408212424963, "corr": 0.9901398246562345}, "unit": "m/s"}