{"ref": {"min": -22.98082733154297, "max": 53.93212890625, "mean": 12.970547862127633}, "ref_regrid": {"min": -22.98082733154297, "max": 53.93212890625, "mean": 12.970547862127633, "std": 16.705173522042035}, "test": {"min": -23.275609970092773, "max": 53.783634185791016, "mean": 12.732781855789643}, "test_regrid": {"min": -23.275609970092773, "max": 53.783634185791016, "mean": 12.732781855789643, "std": 16.929112437037766}, "diff": {"min": -11.597003936767578, "max": 12.21658706665039, "mean": -0.23776600632146455}, "misc": {"rmse": 3.638453298830381, "corr": 0.9767830858175981}, "unit": "m/s"}