{"ref": {"min": -11.60446834564209, "max": 38.5020637512207, "mean": 15.683893982309005}, "ref_regrid": {"min": -11.60446834564209, "max": 38.5020637512207, "mean": 15.683893982309005, "std": 12.189057917858662}, "test": {"min": -13.825318336486816, "max": 41.18168640136719, "mean": 15.506530900843487}, "test_regrid": {"min": -13.825318336486816, "max": 41.18168640136719, "mean": 15.506530900843487, "std": 12.344837020348356}, "diff": {"min": -10.505586624145508, "max": 6.076316833496094, "mean": -0.1773630814574705}, "misc": {"rmse": 2.0746494321793465, "corr": 0.98588293050773}, "unit": "m/s"}