{"ref": {"min": -11.69499397277832, "max": 38.90935134887695, "mean": 15.569366664086349}, "ref_regrid": {"min": -11.69499397277832, "max": 38.90935134887695, "mean": 15.569366664086349, "std": 11.962585470650343}, "test": {"min": -12.433026313781738, "max": 38.37298583984375, "mean": 15.546273352854545}, "test_regrid": {"min": -12.433026313781738, "max": 38.37298583984375, "mean": 15.546273352854545, "std": 11.985166877798854}, "diff": {"min": -3.952259063720703, "max": 3.926668167114258, "mean": -0.023093311237880606}, "misc": {"rmse": 1.1391482611501187, "corr": 0.9954781920882231}, "unit": "m/s"}