{"ref": {"min": -15.5773344039917, "max": 60.27924346923828, "mean": 16.46325889219809}, "ref_regrid": {"min": -15.5773344039917, "max": 60.27924346923828, "mean": 16.46325889219809, "std": 13.837104857080496}, "test": {"min": -16.73004913330078, "max": 60.306060791015625, "mean": 16.391853855775434}, "test_regrid": {"min": -16.73004913330078, "max": 60.306060791015625, "mean": 16.391853855775434, "std": 14.138817175479424}, "diff": {"min": -11.386499404907227, "max": 14.133651733398438, "mean": -0.07140503637064805}, "misc": {"rmse": 3.2589756565378005, "corr": 0.9731016726736075}, "unit": "m/s"}