{"ref": {"min": -22.727441787719727, "max": 49.6116943359375, "mean": 12.99789158766489}, "ref_regrid": {"min": -22.727441787719727, "max": 49.6116943359375, "mean": 12.99789158766489, "std": 16.503997192888185}, "test": {"min": -22.855669021606445, "max": 48.931854248046875, "mean": 13.007550145840224}, "test_regrid": {"min": -22.855669021606445, "max": 48.931854248046875, "mean": 13.007550145840224, "std": 16.54621771511943}, "diff": {"min": -7.541604042053223, "max": 6.151445388793945, "mean": 0.009658558093471298}, "misc": {"rmse": 1.9662412895647141, "corr": 0.9929246982091436}, "unit": "m/s"}