{"ref": {"min": -10.591331481933594, "max": 50.988677978515625, "mean": 17.05706541158412}, "ref_regrid": {"min": -10.591331481933594, "max": 50.988677978515625, "mean": 17.05706541158412, "std": 11.792610277185853}, "test": {"min": -10.070064544677734, "max": 51.61555480957031, "mean": 16.689391722079296}, "test_regrid": {"min": -10.070064544677734, "max": 51.61555480957031, "mean": 16.689391722079296, "std": 11.919269330928442}, "diff": {"min": -8.362752914428711, "max": 10.620475769042969, "mean": -0.36767368948146156}, "misc": {"rmse": 2.2796109518718928, "corr": 0.9820524162719148}, "unit": "m/s"}