{"ref": {"min": -12.084793090820312, "max": 42.11076354980469, "mean": 15.96486062381451}, "ref_regrid": {"min": -12.084793090820312, "max": 42.11076354980469, "mean": 15.96486062381451, "std": 12.645721911260445}, "test": {"min": -13.36614990234375, "max": 44.0225944519043, "mean": 16.190893921369714}, "test_regrid": {"min": -13.36614990234375, "max": 44.0225944519043, "mean": 16.190893921369714, "std": 12.734323553824558}, "diff": {"min": -8.063591003417969, "max": 12.419296264648438, "mean": 0.22603329766052122}, "misc": {"rmse": 2.484494015544754, "corr": 0.9810172317210355}, "unit": "m/s"}