{"ref": {"min": -17.371036529541016, "max": 18.681947708129883, "mean": 1.1989410247226444}, "ref_regrid": {"min": -17.371036529541016, "max": 18.681947708129883, "mean": 1.1989410247226444, "std": 7.362572404014311}, "test": {"min": -16.479408264160156, "max": 18.431316375732422, "mean": 1.121726718725656}, "test_regrid": {"min": -16.479408264160156, "max": 18.431316375732422, "mean": 1.121726718725656, "std": 7.188897025234642}, "diff": {"min": -4.492491245269775, "max": 3.6763343811035156, "mean": -0.07595821611768012}, "misc": {"rmse": 1.0427639993953723, "corr": 0.9900679436806011}, "unit": "m/s"}