{"ref": {"min": -13.637964248657227, "max": 18.148818969726562, "mean": 0.9986324034357544}, "ref_regrid": {"min": -13.637964248657227, "max": 18.148818969726562, "mean": 0.9986324034357544, "std": 7.2330741374035}, "test": {"min": -13.489777565002441, "max": 19.242778778076172, "mean": 0.8485989005021172}, "test_regrid": {"min": -13.489777565002441, "max": 19.242778778076172, "mean": 0.8485989005021172, "std": 7.272334577191008}, "diff": {"min": -5.914002418518066, "max": 5.6641106605529785, "mean": -0.15042067628894126}, "misc": {"rmse": 1.675737845130456, "corr": 0.9735412848553029}, "unit": "m/s"}