{"ref": {"min": -17.357397079467773, "max": 19.201034545898438, "mean": 1.2359925356494796}, "ref_regrid": {"min": -17.357397079467773, "max": 19.201034545898438, "mean": 1.2359925356494796, "std": 7.523118933045686}, "test": {"min": -16.89681625366211, "max": 17.676233291625977, "mean": 1.0595360219620569}, "test_regrid": {"min": -16.89681625366211, "max": 17.676233291625977, "mean": 1.0595360219620569, "std": 7.329125595797965}, "diff": {"min": -8.160772323608398, "max": 6.568082809448242, "mean": -0.17458617899665868}, "misc": {"rmse": 1.797092150941777, "corr": 0.9713363998498418}, "unit": "m/s"}