{"ref": {"min": -16.662263870239258, "max": 18.082021713256836, "mean": 1.0636928407205568}, "ref_regrid": {"min": -16.662263870239258, "max": 18.082021713256836, "mean": 1.0636928407205568, "std": 6.797994290876177}, "test": {"min": -15.551470756530762, "max": 18.654529571533203, "mean": 1.0488608778430109}, "test_regrid": {"min": -15.551470756530762, "max": 18.654529571533203, "mean": 1.0488608778430109, "std": 6.775136513614624}, "diff": {"min": -4.2856950759887695, "max": 3.9681413173675537, "mean": -0.01463016570208993}, "misc": {"rmse": 1.0168015756180782, "corr": 0.9887849393483205}, "unit": "m/s"}