{"ref": {"min": -14.931920051574707, "max": 16.81325912475586, "mean": 1.0738715019194456}, "ref_regrid": {"min": -14.931920051574707, "max": 16.81325912475586, "mean": 1.0738715019194456, "std": 6.7531416809311935}, "test": {"min": -14.543410301208496, "max": 17.16982650756836, "mean": 0.9748340549139343}, "test_regrid": {"min": -14.543410301208496, "max": 17.16982650756836, "mean": 0.9748340549139343, "std": 6.754867146897416}, "diff": {"min": -4.313224792480469, "max": 3.1801090240478516, "mean": -0.09933967062317302}, "misc": {"rmse": 0.9328296791571487, "corr": 0.9905710395785027}, "unit": "m/s"}