{"ref": {"min": -13.758569717407227, "max": 16.606327056884766, "mean": 0.837019267077877}, "ref_regrid": {"min": -13.758569717407227, "max": 16.606327056884766, "mean": 0.837019267077877, "std": 7.056107632323005}, "test": {"min": -12.729925155639648, "max": 16.5677490234375, "mean": 0.8957850539602514}, "test_regrid": {"min": -12.729925155639648, "max": 16.5677490234375, "mean": 0.8957850539602514, "std": 7.025876560272593}, "diff": {"min": -4.4308929443359375, "max": 3.4781494140625, "mean": 0.058697359624413796}, "misc": {"rmse": 1.0742458025868311, "corr": 0.9884063431628257}, "unit": "m/s"}