{"ref": {"min": -14.324350357055664, "max": 16.63568115234375, "mean": 1.0068588724692527}, "ref_regrid": {"min": -14.324350357055664, "max": 16.63568115234375, "mean": 1.0068588724692527, "std": 6.666537045633853}, "test": {"min": -13.985137939453125, "max": 16.586219787597656, "mean": 1.001859089005667}, "test_regrid": {"min": -13.985137939453125, "max": 16.586219787597656, "mean": 1.001859089005667, "std": 6.65171375312667}, "diff": {"min": -1.93440842628479, "max": 2.1976919174194336, "mean": -0.004925752376396366}, "misc": {"rmse": 0.5243228975978961, "corr": 0.996903258355448}, "unit": "m/s"}