{"ref": {"min": -14.000639915466309, "max": 17.400548934936523, "mean": 0.9491133415514282}, "ref_regrid": {"min": -14.000639915466309, "max": 17.400548934936523, "mean": 0.9491133415514282, "std": 6.747747943889311}, "test": {"min": -15.405686378479004, "max": 17.492733001708984, "mean": 0.9634918462022286}, "test_regrid": {"min": -15.405686378479004, "max": 17.492733001708984, "mean": 0.9634918462022286, "std": 6.9374437659876}, "diff": {"min": -3.766867160797119, "max": 5.653149127960205, "mean": 0.014071431449790065}, "misc": {"rmse": 1.1369657855055555, "corr": 0.9865796099155647}, "unit": "m/s"}