{"ref": {"min": 48.382171630859375, "max": 58.96211624145508, "mean": 56.56511225357791}, "ref_regrid": {"min": 48.382171630859375, "max": 58.96211624145508, "mean": 56.56511225357791, "std": 2.823091996388008}, "test": {"min": 48.205413818359375, "max": 58.98305892944336, "mean": 56.576585282320025}, "test_regrid": {"min": 48.205413818359375, "max": 58.98305892944336, "mean": 56.576585282320025, "std": 2.844927610088643}, "diff": {"min": -1.1183967590332031, "max": 0.6810073852539062, "mean": 0.011473028742114219}, "misc": {"rmse": 0.2029290020469178, "corr": 0.9974742082913618}, "unit": "hectometer"}