{"ref": {"min": 50.1335334777832, "max": 58.86818313598633, "mean": 56.34204344301248}, "ref_regrid": {"min": 50.1335334777832, "max": 58.86818313598633, "mean": 56.34204344301248, "std": 2.7880363570210913}, "test": {"min": 50.35873794555664, "max": 58.837650299072266, "mean": 56.34020792691881}, "test_regrid": {"min": 50.35873794555664, "max": 58.837650299072266, "mean": 56.34020792691881, "std": 2.793900129129051}, "diff": {"min": -0.5755462646484375, "max": 0.6011772155761719, "mean": -0.0018355160936738965}, "misc": {"rmse": 0.1596997864244221, "corr": 0.9983653452112716}, "unit": "hectometer"}