{"ref": {"min": 49.366859436035156, "max": 58.87921905517578, "mean": 56.359114701267984}, "ref_regrid": {"min": 49.366859436035156, "max": 58.87921905517578, "mean": 56.359114701267984, "std": 2.8682077823880885}, "test": {"min": 49.14797592163086, "max": 58.80540466308594, "mean": 56.34494093857836}, "test_regrid": {"min": 49.14797592163086, "max": 58.80540466308594, "mean": 56.34494093857836, "std": 2.850320022232059}, "diff": {"min": -1.0288963317871094, "max": 1.1936912536621094, "mean": -0.014173762689616485}, "misc": {"rmse": 0.29488094516654073, "corr": 0.9947137231708518}, "unit": "hectometer"}