{"ref": {"min": 47.41204071044922, "max": 59.47773742675781, "mean": 56.88534680281194}, "ref_regrid": {"min": 47.41204071044922, "max": 59.47773742675781, "mean": 56.88534680281194, "std": 2.9219177213698173}, "test": {"min": 47.98994827270508, "max": 59.632686614990234, "mean": 56.92634756861182}, "test_regrid": {"min": 47.98994827270508, "max": 59.632686614990234, "mean": 56.92634756861182, "std": 2.8489557141780897}, "diff": {"min": -1.0070953369140625, "max": 1.3394775390625, "mean": 0.041000765799870866}, "misc": {"rmse": 0.28810050139725635, "corr": 0.9954352713388562}, "unit": "hectometer"}