{"ref": {"min": 48.18394088745117, "max": 58.94540786743164, "mean": 56.51302367015181}, "ref_regrid": {"min": 48.18394088745117, "max": 58.94540786743164, "mean": 56.51302367015181, "std": 2.836160983560594}, "test": {"min": 48.239463806152344, "max": 58.90525817871094, "mean": 56.511789003061054}, "test_regrid": {"min": 48.239463806152344, "max": 58.90525817871094, "mean": 56.511789003061054, "std": 2.798253921586607}, "diff": {"min": -0.7106781005859375, "max": 0.8245506286621094, "mean": -0.001234667090751647}, "misc": {"rmse": 0.18472089661024663, "corr": 0.9979408956257325}, "unit": "hectometer"}