{"ref": {"min": 47.56349182128906, "max": 59.41093826293945, "mean": 56.887417731849624}, "ref_regrid": {"min": 47.56349182128906, "max": 59.41093826293945, "mean": 56.887417731849624, "std": 2.894295542491317}, "test": {"min": 47.88198471069336, "max": 59.441627502441406, "mean": 56.906065609930785}, "test_regrid": {"min": 47.88198471069336, "max": 59.441627502441406, "mean": 56.906065609930785, "std": 2.8328489218112645}, "diff": {"min": -0.4774894714355469, "max": 0.7003059387207031, "mean": 0.018647878081165595}, "misc": {"rmse": 0.1476132881089319, "corr": 0.9989226712581386}, "unit": "hectometer"}