{"ref": {"min": 48.644290924072266, "max": 58.88575744628906, "mean": 56.577149103065324}, "ref_regrid": {"min": 48.644290924072266, "max": 58.88575744628906, "mean": 56.577149103065324, "std": 2.7533081532824535}, "test": {"min": 48.7126579284668, "max": 58.88225555419922, "mean": 56.58394824693892}, "test_regrid": {"min": 48.7126579284668, "max": 58.88225555419922, "mean": 56.58394824693892, "std": 2.735965009864797}, "diff": {"min": -0.3954277038574219, "max": 0.32410430908203125, "mean": 0.006799143873581082}, "misc": {"rmse": 0.07997389295212076, "corr": 0.9995985100529846}, "unit": "hectometer"}