{"ref": {"min": 48.37824630737305, "max": 58.914730072021484, "mean": 56.58374127088555}, "ref_regrid": {"min": 48.37824630737305, "max": 58.914730072021484, "mean": 56.58374127088555, "std": 2.78596955403251}, "test": {"min": 48.222984313964844, "max": 58.88345718383789, "mean": 56.59035342370238}, "test_regrid": {"min": 48.222984313964844, "max": 58.88345718383789, "mean": 56.59035342370238, "std": 2.7736148356712675}, "diff": {"min": -0.4919586181640625, "max": 0.8244209289550781, "mean": 0.00661215281683204}, "misc": {"rmse": 0.1444135111753667, "corr": 0.9986632356848649}, "unit": "hectometer"}