{"ref": {"min": -10.104402542114258, "max": 7.896889686584473, "mean": -0.2911008318371215}, "ref_regrid": {"min": -10.104402542114258, "max": 7.896889686584473, "mean": -0.2911008318371215, "std": 2.0991176677612566}, "test": {"min": -7.197878360748291, "max": 13.851078033447266, "mean": 0.005057495541345378}, "test_regrid": {"min": -7.197878360748291, "max": 13.851078033447266, "mean": 0.005057495541345378, "std": 2.325533161171954}, "diff": {"min": -7.24600887298584, "max": 10.446237564086914, "mean": 0.05702425468093108}, "misc": {"rmse": 1.4661810024262376, "corr": 0.8243183359583753}, "unit": "mm/day"}