{"ref": {"min": -15.407512664794922, "max": 13.545710563659668, "mean": -0.29258091858562585}, "ref_regrid": {"min": -15.407512664794922, "max": 13.545710563659668, "mean": -0.29258091858562585, "std": 2.8244214005405675}, "test": {"min": -11.014734268188477, "max": 26.329832077026367, "mean": -0.013186975077954627}, "test_regrid": {"min": -11.014734268188477, "max": 26.329832077026367, "mean": -0.013186975077954627, "std": 3.3893576760518336}, "diff": {"min": -11.159226417541504, "max": 14.557843208312988, "mean": 0.15852563886975798}, "misc": {"rmse": 2.2166964442173325, "corr": 0.8142958441252285}, "unit": "mm/day"}