{"ref": {"min": -8.459531784057617, "max": 10.382805824279785, "mean": -0.34660408099773177}, "ref_regrid": {"min": -8.459531784057617, "max": 10.382805824279785, "mean": -0.34660408099773177, "std": 2.5144801803177663}, "test": {"min": -8.317103385925293, "max": 25.327123641967773, "mean": 0.021614762910735958}, "test_regrid": {"min": -8.317103385925293, "max": 25.327123641967773, "mean": 0.021614762910735958, "std": 2.9645720451014927}, "diff": {"min": -8.418015480041504, "max": 16.565044403076172, "mean": 0.02052038048591736}, "misc": {"rmse": 1.895202438663971, "corr": 0.8052926262341596}, "unit": "mm/day"}