{"ref": {"min": 0.2270626276731491, "max": 59.2551155090332, "mean": 24.943936764858275}, "ref_regrid": {"min": 0.22852668166160583, "max": 58.54743957519531, "mean": 24.943760026226258, "std": 14.816076802632542}, "test": {"min": 0.20233449339866638, "max": 56.122108459472656, "mean": 24.422380504092633}, "test_regrid": {"min": 0.20233449339866638, "max": 56.122108459472656, "mean": 24.422380504092633, "std": 13.843210056112683}, "diff": {"min": -15.742019653320312, "max": 7.692455291748047, "mean": -0.5213795221336239}, "misc": {"rmse": 2.7160638383579956, "corr": 0.984986264213405}, "unit": "kg/m2"}