{"ref": {"min": -17.458698272705078, "max": 16.4194393157959, "mean": 0.9545441959947591}, "ref_regrid": {"min": -13.009808540344238, "max": 16.28705406188965, "mean": 0.942835590404455, "std": 5.6457059710608295}, "test": {"min": -14.541582107543945, "max": 17.864559173583984, "mean": 1.475153743548793}, "test_regrid": {"min": -14.541582107543945, "max": 17.864559173583984, "mean": 1.475153743548793, "std": 6.122971725623557}, "diff": {"min": -7.70778226852417, "max": 8.111966133117676, "mean": 0.5142436520254087}, "misc": {"rmse": 1.699289997522629, "corr": 0.965156184120718}, "unit": "m/s"}