{"ref": {"min": -2.566114902496338, "max": 233.6974334716797, "mean": 84.3741141140984}, "ref_regrid": {"min": -1.0183565616607666, "max": 221.16839599609375, "mean": 84.37358479971864, "std": 52.092434627374}, "test": {"min": -0.8005520701408386, "max": 304.8630676269531, "mean": 89.52338121046098}, "test_regrid": {"min": -0.8005520701408386, "max": 304.8630676269531, "mean": 89.52338121046098, "std": 53.24739118778663}, "diff": {"min": -110.83013916015625, "max": 182.20802307128906, "mean": 5.1497964102633285}, "misc": {"rmse": 17.316646436145053, "corr": 0.950967397458952}, "unit": "W/m2"}