{"ref": {"min": -5.623546123504639, "max": 312.9667663574219, "mean": 83.74274008525938}, "ref_regrid": {"min": -2.5693840980529785, "max": 297.89923095703125, "mean": 83.74216708937958, "std": 60.35234318017796}, "test": {"min": -4.337216377258301, "max": 439.252685546875, "mean": 88.82859948944913}, "test_regrid": {"min": -4.337216377258301, "max": 439.252685546875, "mean": 88.82859948944913, "std": 62.08562788713193}, "diff": {"min": -107.45891571044922, "max": 270.0615234375, "mean": 5.0864324006742745}, "misc": {"rmse": 20.64616574396212, "corr": 0.9469726845702908}, "unit": "W/m2"}