{"ref": {"min": 0.00020900201343465596, "max": 0.6249966025352478, "mean": 0.08061085458288891}, "ref_regrid": {"min": 8.973419608082622e-05, "max": 0.3075907230377197, "mean": 0.07773482610712296, "std": 0.052965313341341136}, "test": {"min": 0.0002477070374879986, "max": 0.8189523816108704, "mean": 0.07948674113572415}, "test_regrid": {"min": 0.0002477070374879986, "max": 0.8189523816108704, "mean": 0.07948674113572415, "std": 0.061049236127896714}, "diff": {"min": -0.23922070860862732, "max": 0.6070221662521362, "mean": -0.0004985447909255363}, "misc": {"rmse": 0.040110238936622536, "corr": 0.7603169966154827}, "unit": "N/m^2"}