{"ref": {"min": 0.0, "max": 341.23236083984375, "mean": 167.77708399653017}, "ref_regrid": {"min": 0.0, "max": 338.0509033203125, "mean": 167.77626675230107, "std": 86.17360654202153}, "test": {"min": 0.0, "max": 349.4738464355469, "mean": 165.3430765097378}, "test_regrid": {"min": 0.0, "max": 349.4738464355469, "mean": 165.3430765097378, "std": 89.45890579685955}, "diff": {"min": -117.15027618408203, "max": 97.37651824951172, "mean": -2.433190242361508}, "misc": {"rmse": 20.874252878619696, "corr": 0.9728226084969519}, "unit": "W/m2"}