{"ref": {"min": -641.582275390625, "max": 945.7405395507812, "mean": 0.21485950794010078}, "ref_regrid": {"min": -427.6431884765625, "max": 586.0521240234375, "mean": 0.21281322858808446, "std": 37.31473005153037}, "test": {"min": -273.99249267578125, "max": 715.655029296875, "mean": -0.1310135337524066}, "test_regrid": {"min": -273.99249267578125, "max": 715.655029296875, "mean": -0.1310135337524066, "std": 34.410520216362656}, "diff": {"min": -396.7203369140625, "max": 710.5460205078125, "mean": -0.31217248832972466}, "misc": {"rmse": 29.7111107597508, "corr": 0.6385338739104885}, "unit": "mbar/day"}