{"ref": {"min": 15.38058090209961, "max": 266.1417236328125, "mean": 164.06926955182263}, "ref_regrid": {"min": 17.842575073242188, "max": 263.3030090332031, "mean": 164.06846874342742, "std": 61.91062335574702}, "test": {"min": 16.9984188079834, "max": 271.7208251953125, "mean": 160.75601126076273}, "test_regrid": {"min": 16.9984188079834, "max": 271.7208251953125, "mean": 160.75601126076273, "std": 63.273314537553325}, "diff": {"min": -104.8096923828125, "max": 78.26214599609375, "mean": -3.312457482647781}, "misc": {"rmse": 16.121303684095455, "corr": 0.9684645367121114}, "unit": "W/m2"}