{"ref": {"min": 4.878586332779378e-05, "max": 0.394756019115448, "mean": 0.08372786221057048}, "ref_regrid": {"min": 3.06006841128692e-05, "max": 0.38199684023857117, "mean": 0.08043861594023831, "std": 0.062675763125235}, "test": {"min": 0.0004816750588361174, "max": 1.0450958013534546, "mean": 0.08531652700310804}, "test_regrid": {"min": 0.0004816750588361174, "max": 1.0450958013534546, "mean": 0.08531652700310804, "std": 0.06973311169975807}, "diff": {"min": -0.09672734141349792, "max": 0.9583627581596375, "mean": 0.002239133930514952}, "misc": {"rmse": 0.03519990128500682, "corr": 0.8643608498369239}, "unit": "N/m^2"}