{"ref": {"min": 242.76829528808594, "max": 298.9334716796875, "mean": 279.98089869014547}, "ref_regrid": {"min": 3.901951789855957, "max": 298.8380126953125, "mean": 276.4916780636264, "std": 27.618977631285784}, "test": {"min": 243.7737579345703, "max": 297.3442077636719, "mean": 279.0918140411092}, "test_regrid": {"min": 243.7737579345703, "max": 297.3442077636719, "mean": 279.0918140411092, "std": 11.137293044396362}, "diff": {"min": -5.36883544921875, "max": 285.6014099121094, "mean": 0.5186820247018031}, "misc": {"rmse": 14.234500860102662, "corr": 0.6362772108675633}, "unit": "K"}