{"ref": {"min": 230.79356384277344, "max": 304.79962158203125, "mean": 282.90306756869364}, "ref_regrid": {"min": 3.890601634979248, "max": 304.730224609375, "mean": 279.2858840092014, "std": 27.29226273646872}, "test": {"min": 233.07373046875, "max": 303.50189208984375, "mean": 282.067786234126}, "test_regrid": {"min": 233.07373046875, "max": 303.50189208984375, "mean": 282.067786234126, "std": 10.17470734895515}, "diff": {"min": -12.612533569335938, "max": 280.7713623046875, "mean": 0.7332557013330324}, "misc": {"rmse": 15.581930018295337, "corr": 0.500989920394414}, "unit": "K"}