{"ref": {"min": 49.13059997558594, "max": 58.74609375, "mean": 56.59720668521222}, "ref_regrid": {"min": 49.13539505004883, "max": 58.728721618652344, "mean": 56.59717312623799, "std": 2.569043367350601}, "test": {"min": 48.49365997314453, "max": 58.857635498046875, "mean": 56.474184116797076}, "test_regrid": {"min": 48.49365997314453, "max": 58.857635498046875, "mean": 56.474184116797076, "std": 2.7776761522979228}, "diff": {"min": -1.3339805603027344, "max": 0.476531982421875, "mean": -0.12298900944091282}, "misc": {"rmse": 0.32645950755031516, "corr": 0.9966422312214622}, "unit": "hectometer"}