{"ref": {"min": 0.0, "max": 321.6463928222656, "mean": 159.98685643009244}, "ref_regrid": {"min": 0.0, "max": 321.3592529296875, "mean": 159.9862214180647, "std": 79.86428563052806}, "test": {"min": 0.0, "max": 314.5813903808594, "mean": 155.21429020049663}, "test_regrid": {"min": 0.0, "max": 314.5813903808594, "mean": 155.21429020049663, "std": 79.73385004401175}, "diff": {"min": -110.29601287841797, "max": 114.74786376953125, "mean": -4.771931217654161}, "misc": {"rmse": 23.623370750104748, "corr": 0.9579707281103648}, "unit": "W/m2"}