{"ref": {"min": 210.3267822265625, "max": 227.08116149902344, "mean": 219.08703898017555}, "ref_regrid": {"min": 210.35211181640625, "max": 227.07122802734375, "mean": 219.0870372625877, "std": 3.00431035256287}, "test": {"min": 204.77964782714844, "max": 226.9691162109375, "mean": 216.94849485605167}, "test_regrid": {"min": 204.77964782714844, "max": 226.9691162109375, "mean": 216.94849485605167, "std": 3.023667363364031}, "diff": {"min": -19.371551513671875, "max": 9.943756103515625, "mean": -2.138542406535992}, "misc": {"rmse": 4.8782652985803425, "corr": -0.058105437963844535}, "unit": "K"}