{"ref": {"min": 19.78826904296875, "max": 150.44979858398438, "mean": 62.11230807531204}, "ref_regrid": {"min": 22.815181732177734, "max": 147.7487030029297, "mean": 62.1122165811271, "std": 17.835787476292133}, "test": {"min": 13.38487434387207, "max": 137.30117797851562, "mean": 52.22758507625927}, "test_regrid": {"min": 13.38487434387207, "max": 137.30117797851562, "mean": 52.22758507625927, "std": 18.43876998739778}, "diff": {"min": -56.800559997558594, "max": 22.849227905273438, "mean": -9.884631504983385}, "misc": {"rmse": 13.008365978493066, "corr": 0.8918295053415162}, "unit": "W/m2"}