{"ref": {"min": -11.452173233032227, "max": 44.63422393798828, "mean": 16.087493321418762}, "ref_regrid": {"min": -11.410863876342773, "max": 44.537635803222656, "mean": 16.087535213357448, "std": 11.967606503581457}, "test": {"min": -8.078003883361816, "max": 44.526302337646484, "mean": 17.651147473781787}, "test_regrid": {"min": -8.078003883361816, "max": 44.526302337646484, "mean": 17.651147473781787, "std": 11.766184466685761}, "diff": {"min": -9.161460876464844, "max": 15.52517318725586, "mean": 1.5636122602085367}, "misc": {"rmse": 4.167674523245571, "corr": 0.9471495893203129}, "unit": "m/s"}