{"ref": {"min": -8.710506439208984, "max": 243.7362060546875, "mean": 87.69771278728898}, "ref_regrid": {"min": -7.357471942901611, "max": 234.22547912597656, "mean": 87.69720494875696, "std": 55.76431721820458}, "test": {"min": -22.57526206970215, "max": 326.4154357910156, "mean": 91.58762276720454}, "test_regrid": {"min": -22.57526206970215, "max": 326.4154357910156, "mean": 91.58762276720454, "std": 59.88840660724552}, "diff": {"min": -154.98719787597656, "max": 163.96653747558594, "mean": 3.890417819824336}, "misc": {"rmse": 24.455369494351974, "corr": 0.9152719603734112}, "unit": "W/m2"}