{"ref": {"min": 10.98046875, "max": 170.84945678710938, "mean": 62.11041538435488}, "ref_regrid": {"min": 11.102725982666016, "max": 167.16139221191406, "mean": 62.11032508098547, "std": 21.97978679527919}, "test": {"min": 2.482710599899292, "max": 153.9519805908203, "mean": 52.84886866554516}, "test_regrid": {"min": 2.482710599899292, "max": 153.9519805908203, "mean": 52.84886866554516, "std": 22.915837444922122}, "diff": {"min": -63.7418327331543, "max": 48.92279052734375, "mean": -9.261456415208649}, "misc": {"rmse": 14.157820856303585, "corr": 0.8870394425253492}, "unit": "W/m2"}