{"ref": {"min": -40.80287170410156, "max": 33.502166748046875, "mean": 2.8087843388071105}, "ref_regrid": {"min": -40.435279846191406, "max": 33.34882354736328, "mean": 2.5836702932081836, "std": 19.473932118485607}, "test": {"min": -38.894317626953125, "max": 32.71942138671875, "mean": 4.576547965990376}, "test_regrid": {"min": -38.894317626953125, "max": 32.71942138671875, "mean": 4.576547965990376, "std": 18.316579130806126}, "diff": {"min": -15.087833404541016, "max": 19.41889762878418, "mean": 1.8985366724887316}, "misc": {"rmse": 4.4199339339417, "corr": 0.9832626692211481}, "unit": "DegC"}