{"ref": {"min": -528.9629516601562, "max": 560.1906127929688, "mean": 0.05615286515942856}, "ref_regrid": {"min": -378.8468017578125, "max": 345.086181640625, "mean": 0.05615680329032677, "std": 28.953392315586115}, "test": {"min": -356.8830261230469, "max": 302.85040283203125, "mean": -0.32052567048288144}, "test_regrid": {"min": -356.8830261230469, "max": 302.85040283203125, "mean": -0.32052567048288144, "std": 30.439790263360624}, "diff": {"min": -288.3279724121094, "max": 322.51104736328125, "mean": -0.3766824697070779}, "misc": {"rmse": 25.18074857890315, "corr": 0.6416126145483758}, "unit": "mbar/day"}