{"ref": {"min": -11.312132835388184, "max": 74.76339721679688, "mean": 17.331108417928153}, "ref_regrid": {"min": -11.289176940917969, "max": 74.41836547851562, "mean": 17.331133083888187, "std": 14.562832510443894}, "test": {"min": -11.79297161102295, "max": 61.71705627441406, "mean": 18.275671011172214}, "test_regrid": {"min": -11.79297161102295, "max": 61.71705627441406, "mean": 18.275671011172214, "std": 13.881300858106371}, "diff": {"min": -19.82443618774414, "max": 18.390365600585938, "mean": 0.9445379272922392}, "misc": {"rmse": 5.4720197958136145, "corr": 0.9292945485566636}, "unit": "m/s"}