{"ref": {"min": -40.80287170410156, "max": 33.502166748046875, "mean": 12.582884895506714}, "ref_regrid": {"min": -40.435279846191406, "max": 33.34882354736328, "mean": 12.58268678863551, "std": 16.081570813636056}, "test": {"min": -38.894317626953125, "max": 32.71942138671875, "mean": 12.886185224993367}, "test_regrid": {"min": -38.894317626953125, "max": 32.71942138671875, "mean": 12.886185224993367, "std": 14.617040690623048}, "diff": {"min": -11.01102066040039, "max": 16.336252212524414, "mean": 0.3034984363798404}, "misc": {"rmse": 2.5515846812373466, "corr": 0.9909096922048183}, "unit": "DegC"}