{"ref": {"min": -51.707340240478516, "max": 132.26235961914062, "mean": 18.96153281986774}, "ref_regrid": {"min": -48.41863250732422, "max": 126.36589813232422, "mean": 18.961475007420972, "std": 20.663141166217002}, "test": {"min": -109.08405303955078, "max": 111.1372299194336, "mean": 15.88127334388929}, "test_regrid": {"min": -109.08405303955078, "max": 111.1372299194336, "mean": 15.88127334388929, "std": 18.609133409048578}, "diff": {"min": -122.63011932373047, "max": 62.843505859375, "mean": -3.0802016635903473}, "misc": {"rmse": 11.754620820087068, "corr": 0.8381573115128497}, "unit": "W/m2"}