{"ref": {"min": -66.08293151855469, "max": 38.54779052734375, "mean": 13.90718710939481}, "ref_regrid": {"min": -65.72840881347656, "max": 38.124656677246094, "mean": 12.79366285014699, "std": 20.23787846046978}, "test": {"min": -67.50636291503906, "max": 37.669830322265625, "mean": 14.12618806812706}, "test_regrid": {"min": -67.50636291503906, "max": 37.669830322265625, "mean": 14.12618806812706, "std": 20.583927424092266}, "diff": {"min": -16.177597045898438, "max": 21.94708824157715, "mean": 0.5413791558192802}, "misc": {"rmse": 2.811520106744988, "corr": 0.9911692228866201}, "unit": "DegC"}