{"ref": {"min": -66.08293151855469, "max": 38.54779052734375, "mean": 16.058924188473338}, "ref_regrid": {"min": -65.72840881347656, "max": 38.124656677246094, "mean": 16.058763096577522, "std": 14.670739081345562}, "test": {"min": -67.50636291503906, "max": 37.669830322265625, "mean": 15.873084863377507}, "test_regrid": {"min": -67.50636291503906, "max": 37.669830322265625, "mean": 15.873084863377507, "std": 14.521715909623248}, "diff": {"min": -11.930704116821289, "max": 11.956954956054688, "mean": -0.18567823319793172}, "misc": {"rmse": 1.6057296982394933, "corr": 0.9940817864707617}, "unit": "DegC"}