{"ref": {"min": -238.28248596191406, "max": 190.43524169921875, "mean": -0.09908887221498992}, "ref_regrid": {"min": -167.90179443359375, "max": 143.94007873535156, "mean": -0.09908639024443762, "std": 14.304690242855068}, "test": {"min": -172.38687133789062, "max": 55.80830001831055, "mean": 0.18285655562120687}, "test_regrid": {"min": -172.38687133789062, "max": 55.80830001831055, "mean": 0.18285655562120687, "std": 17.103191067492826}, "diff": {"min": -194.494384765625, "max": 127.34066772460938, "mean": 0.2819429441963699}, "misc": {"rmse": 12.079374479574883, "corr": 0.7179707989093636}, "unit": "mbar/day"}