{"ref": {"min": 232.2449951171875, "max": 297.6130065917969, "mean": 281.39898695069235}, "ref_regrid": {"min": 3.9751274585723877, "max": 297.29962158203125, "mean": 277.9336498848856, "std": 26.87685410888829}, "test": {"min": 244.38282775878906, "max": 296.4333190917969, "mean": 280.42613883418915}, "test_regrid": {"min": 244.38282775878906, "max": 296.4333190917969, "mean": 280.42613883418915, "std": 9.858026404679775}, "diff": {"min": -7.78753662109375, "max": 275.6071472167969, "mean": 0.4196548529015846}, "misc": {"rmse": 14.324172201774482, "corr": 0.5619475755553051}, "unit": "K"}