{"ref": {"min": 1.4862531315884553e-05, "max": 105.28132629394531, "mean": 2.926099003686952}, "ref_regrid": {"min": 5.7700348406797275e-05, "max": 65.74150848388672, "mean": 2.9260860538776727, "std": 3.045200292398542}, "test": {"min": 0.0006091607501730323, "max": 28.662425994873047, "mean": 3.088266968229615}, "test_regrid": {"min": 0.0006091607501730323, "max": 28.662425994873047, "mean": 3.088266968229615, "std": 2.9061579609534367}, "diff": {"min": -55.459686279296875, "max": 14.846456527709961, "mean": 0.16218091449041}, "misc": {"rmse": 2.0396317489130604, "corr": 0.7675401237352296}, "unit": "mm/day"}