{"ref": {"min": -536.2984619140625, "max": 497.25152587890625, "mean": 0.049934521596622074}, "ref_regrid": {"min": -351.4071960449219, "max": 286.54095458984375, "mean": 0.04993641761623178, "std": 22.137428632743617}, "test": {"min": -230.66683959960938, "max": 121.61998748779297, "mean": -0.33693033343688966}, "test_regrid": {"min": -230.66683959960938, "max": 121.61998748779297, "mean": -0.33693033343688966, "std": 22.05926947748015}, "diff": {"min": -279.9460754394531, "max": 326.636962890625, "mean": -0.3868667480158712}, "misc": {"rmse": 18.875207026956815, "corr": 0.6353760210059133}, "unit": "mbar/day"}