{"ref": {"min": 1.4565139094813162e-09, "max": 80.3289566040039, "mean": 3.0663737487506006}, "ref_regrid": {"min": 1.6760431265083753e-07, "max": 59.18979263305664, "mean": 3.066363908656107, "std": 3.1874407644070293}, "test": {"min": 2.956644857476931e-05, "max": 29.732885360717773, "mean": 3.150081786429222}, "test_regrid": {"min": 2.956644857476931e-05, "max": 29.732885360717773, "mean": 3.150081786429222, "std": 3.2031506962917833}, "diff": {"min": -52.50650405883789, "max": 21.25473403930664, "mean": 0.08371787743335499}, "misc": {"rmse": 2.2956983280447782, "corr": 0.7422599877436628}, "unit": "mm/day"}