{"ref": {"min": -184.89154052734375, "max": 126.89299011230469, "mean": -0.09771537562308936}, "ref_regrid": {"min": -137.71844482421875, "max": 96.65689849853516, "mean": -0.09770862390171416, "std": 12.783002680817516}, "test": {"min": -159.99778747558594, "max": 68.6224136352539, "mean": 0.17727942827613577}, "test_regrid": {"min": -159.99778747558594, "max": 68.6224136352539, "mean": 0.17727942827613577, "std": 16.58544752075649}, "diff": {"min": -129.1942138671875, "max": 91.3757095336914, "mean": 0.27498805011407107}, "misc": {"rmse": 11.422117375764854, "corr": 0.726594115420642}, "unit": "mbar/day"}