{"ref": {"min": 0.0001950217701960355, "max": 0.5456681847572327, "mean": 0.07509915095382984}, "ref_regrid": {"min": 4.1387189412489533e-05, "max": 0.28624483942985535, "mean": 0.07235326541877486, "std": 0.05338615486436323}, "test": {"min": 0.00036742084193974733, "max": 0.853203535079956, "mean": 0.0724641287800178}, "test_regrid": {"min": 0.00036742084193974733, "max": 0.853203535079956, "mean": 0.0724641287800178, "std": 0.058404461536433076}, "diff": {"min": -0.08300605416297913, "max": 0.7421666383743286, "mean": -0.002128064754684772}, "misc": {"rmse": 0.02538910588854433, "corr": 0.901324992147612}, "unit": "N/m^2"}