{"ref": {"min": 978.4526977539062, "max": 1022.9426879882812, "mean": 1010.9005350928765}, "ref_regrid": {"min": 978.8312377929688, "max": 1022.9332275390625, "mean": 1010.900482253606, "std": 8.312646714745856}, "test": {"min": 973.203857421875, "max": 1026.0361328125, "mean": 1011.2178516764864}, "test_regrid": {"min": 973.203857421875, "max": 1026.0361328125, "mean": 1011.2178516764864, "std": 10.58174465760232}, "diff": {"min": -14.951171875, "max": 19.55621337890625, "mean": 0.31736942288035314}, "misc": {"rmse": 3.3617390802355005, "corr": 0.9656002597397573}, "unit": "mbar"}