{"ref": {"min": 0.002624000422656536, "max": 97.70462036132812, "mean": 2.953191109554541}, "ref_regrid": {"min": 0.0028894497081637383, "max": 60.26029586791992, "mean": 2.9531798958998015, "std": 2.560101299429919}, "test": {"min": 0.01058169361203909, "max": 16.336036682128906, "mean": 3.095989224910129}, "test_regrid": {"min": 0.01058169361203909, "max": 16.336036682128906, "mean": 3.095989224910129, "std": 2.2787912155085266}, "diff": {"min": -51.38452911376953, "max": 9.145164489746094, "mean": 0.14280932900049476}, "misc": {"rmse": 1.7567443047918911, "corr": 0.7440304037198204}, "unit": "mm/day"}