{"ref": {"min": 10.214599609375, "max": 159.88917541503906, "mean": 61.179710889024896}, "ref_regrid": {"min": 10.976105690002441, "max": 157.37603759765625, "mean": 61.179609990937394, "std": 19.581813633844366}, "test": {"min": 8.042327880859375, "max": 161.51133728027344, "mean": 50.993941632108935}, "test_regrid": {"min": 8.042327880859375, "max": 161.51133728027344, "mean": 50.993941632108935, "std": 19.39389846503933}, "diff": {"min": -69.95563507080078, "max": 41.87647247314453, "mean": -10.185668359010029}, "misc": {"rmse": 14.666907155345953, "corr": 0.8534169547515356}, "unit": "W/m2"}