{"ref": {"min": -15.462023735046387, "max": 16.09974479675293, "mean": 0.9203519924978827}, "ref_regrid": {"min": -12.485705375671387, "max": 15.767805099487305, "mean": 0.9089285901611658, "std": 6.061446916632157}, "test": {"min": -13.09142780303955, "max": 17.870691299438477, "mean": 1.2783301059052399}, "test_regrid": {"min": -13.09142780303955, "max": 17.870691299438477, "mean": 1.2783301059052399, "std": 6.798295293679197}, "diff": {"min": -7.244919300079346, "max": 8.524105072021484, "mean": 0.3528149980424831}, "misc": {"rmse": 2.11937625599135, "corr": 0.9532972487266437}, "unit": "m/s"}