{"ref": {"min": -49.335018157958984, "max": 182.07032775878906, "mean": 17.320582304784576}, "ref_regrid": {"min": -48.53752899169922, "max": 172.1108856201172, "mean": 17.320515789541446, "std": 25.203696856347147}, "test": {"min": -116.88508605957031, "max": 213.83062744140625, "mean": 14.315730631050084}, "test_regrid": {"min": -116.88508605957031, "max": 213.83062744140625, "mean": 14.315730631050084, "std": 24.215384413775944}, "diff": {"min": -153.54904174804688, "max": 128.33746337890625, "mean": -3.004785157393108}, "misc": {"rmse": 13.516237611521232, "corr": 0.8585299765445906}, "unit": "W/m2"}