{"ref": {"min": -216.5708770751953, "max": 193.94285583496094, "mean": -1.3786854522705678}, "ref_regrid": {"min": -199.9464111328125, "max": 178.7472381591797, "mean": -1.378807650248816, "std": 27.25263614855949}, "test": {"min": -310.98187255859375, "max": 159.8605499267578, "mean": 3.1237716527996153}, "test_regrid": {"min": -310.98187255859375, "max": 159.8605499267578, "mean": 3.1237716527996153, "std": 29.17604769477301}, "diff": {"min": -268.664306640625, "max": 151.4342041015625, "mean": 4.502579302034711}, "misc": {"rmse": 21.743495401184372, "corr": 0.7177756263387212}, "unit": "W/m2"}