{"ref": {"min": -66.09595489501953, "max": 191.71615600585938, "mean": 20.502415271364946}, "ref_regrid": {"min": -60.898651123046875, "max": 143.4254150390625, "mean": 20.502376360999598, "std": 25.72402507466351}, "test": {"min": -105.16020202636719, "max": 152.3235626220703, "mean": 17.837168423866256}, "test_regrid": {"min": -105.16020202636719, "max": 152.3235626220703, "mean": 17.837168423866256, "std": 23.26681623564722}, "diff": {"min": -143.6978759765625, "max": 121.51806640625, "mean": -2.6652079366754324}, "misc": {"rmse": 14.45795575919405, "corr": 0.836352563099636}, "unit": "W/m2"}