{"ref": {"min": -453.4320983886719, "max": 266.9935607910156, "mean": 5.534050720116152}, "ref_regrid": {"min": -423.8876037597656, "max": 251.3378143310547, "mean": 5.533973830240094, "std": 80.93122224749781}, "test": {"min": -684.64013671875, "max": 230.7329864501953, "mean": 11.204804737730369}, "test_regrid": {"min": -684.64013671875, "max": 230.7329864501953, "mean": 11.204804737730369, "std": 86.70836591645103}, "diff": {"min": -412.0474853515625, "max": 222.4424591064453, "mean": 5.670830908501434}, "misc": {"rmse": 29.937371446107083, "corr": 0.9408106385205673}, "unit": "W/m2"}