{"ref": {"min": 209.88514709472656, "max": 223.16871643066406, "mean": 218.6399242393072}, "ref_regrid": {"min": 209.89027404785156, "max": 223.1389617919922, "mean": 218.63991252074933, "std": 2.071716672075997}, "test": {"min": 203.65907287597656, "max": 225.7931671142578, "mean": 216.98160549070948}, "test_regrid": {"min": 203.65907287597656, "max": 225.7931671142578, "mean": 216.98160549070948, "std": 3.458457482891886}, "diff": {"min": -7.16827392578125, "max": 5.790618896484375, "mean": -1.6583070300398488}, "misc": {"rmse": 2.5648283993676886, "corr": 0.8670392655171897}, "unit": "K"}