{"ref": {"min": -480.5536193847656, "max": 1057.3720703125, "mean": 0.03843761983839003}, "ref_regrid": {"min": -354.4910888671875, "max": 705.299560546875, "mean": 0.038435777725724915, "std": 29.231751455386867}, "test": {"min": -222.66429138183594, "max": 192.5150146484375, "mean": -0.3470914774973933}, "test_regrid": {"min": -222.66429138183594, "max": 192.5150146484375, "mean": -0.3470914774973933, "std": 31.036568382975876}, "diff": {"min": -583.387451171875, "max": 377.82171630859375, "mean": -0.3855272576028104}, "misc": {"rmse": 24.574711980484814, "corr": 0.6690502498832896}, "unit": "mbar/day"}