{"ref": {"min": 982.9292602539062, "max": 1031.5582275390625, "mean": 1011.0619973658356}, "ref_regrid": {"min": 982.9443359375, "max": 1030.72265625, "mean": 1011.0619498274193, "std": 8.615452095955643}, "test": {"min": 966.2369384765625, "max": 1037.9722900390625, "mean": 1011.3559261596445}, "test_regrid": {"min": 966.2369384765625, "max": 1037.9722900390625, "mean": 1011.3559261596445, "std": 11.991845255953269}, "diff": {"min": -18.84808349609375, "max": 17.83270263671875, "mean": 0.2939763322251884}, "misc": {"rmse": 4.564257222353961, "corr": 0.9547695110783889}, "unit": "mbar"}