{"ref": {"min": 0.12817658483982086, "max": 67.48468017578125, "mean": 26.551346641382327}, "ref_regrid": {"min": 0.12906011939048767, "max": 67.32577514648438, "mean": 26.55118916966265, "std": 15.516939793826541}, "test": {"min": 0.10860220342874527, "max": 62.524147033691406, "mean": 26.04320653610191}, "test_regrid": {"min": 0.10860220342874527, "max": 62.524147033691406, "mean": 26.04320653610191, "std": 14.859991586210718}, "diff": {"min": -16.97650909423828, "max": 11.166141510009766, "mean": -0.507982633563408}, "misc": {"rmse": 3.2109217608514666, "corr": 0.9791388568862625}, "unit": "kg/m2"}