{"ref": {"min": 199.10519409179688, "max": 230.66734313964844, "mean": 218.55932344362233}, "ref_regrid": {"min": 199.1072540283203, "max": 230.6650390625, "mean": 218.55930291016156, "std": 5.041863526279374}, "test": {"min": 199.02426147460938, "max": 228.2450408935547, "mean": 216.81100041896437}, "test_regrid": {"min": 199.02426147460938, "max": 228.2450408935547, "mean": 216.81100041896437, "std": 5.0427920974857985}, "diff": {"min": -6.0142669677734375, "max": 2.949005126953125, "mean": -1.7483024911971647}, "misc": {"rmse": 2.1831948920245905, "corr": 0.9663761496019961}, "unit": "K"}