{"ref": {"min": -20.438913345336914, "max": 53.70705032348633, "mean": 13.413108828759505}, "ref_regrid": {"min": -20.419200897216797, "max": 53.6425895690918, "mean": 13.413172838674157, "std": 15.665955803871817}, "test": {"min": -17.412887573242188, "max": 62.62779235839844, "mean": 15.67366503623181}, "test_regrid": {"min": -17.412887573242188, "max": 62.62779235839844, "mean": 15.67366503623181, "std": 16.19143808030899}, "diff": {"min": -10.683465003967285, "max": 18.16248321533203, "mean": 2.26049219739565}, "misc": {"rmse": 5.163620181905423, "corr": 0.9580590323726746}, "unit": "m/s"}