{"ref": {"min": 48.28676223754883, "max": 59.2333984375, "mean": 56.876200600305474}, "ref_regrid": {"min": 48.292633056640625, "max": 59.23106384277344, "mean": 56.876170871739106, "std": 2.6128406192594733}, "test": {"min": 47.50230026245117, "max": 59.291709899902344, "mean": 56.75861927920998}, "test_regrid": {"min": 47.50230026245117, "max": 59.291709899902344, "mean": 56.75861927920998, "std": 2.9261969899645695}, "diff": {"min": -1.8575706481933594, "max": 0.611907958984375, "mean": -0.11755159252911412}, "misc": {"rmse": 0.42119648566008616, "corr": 0.9957233476058066}, "unit": "hectometer"}