{"ref": {"min": -19.848066329956055, "max": 17.766868591308594, "mean": 1.0209258132525754}, "ref_regrid": {"min": -14.809175491333008, "max": 17.706043243408203, "mean": 1.0079153920452397, "std": 6.0965880337727}, "test": {"min": -16.683597564697266, "max": 19.458303451538086, "mean": 1.7815518637571308}, "test_regrid": {"min": -16.683597564697266, "max": 19.458303451538086, "mean": 1.7815518637571308, "std": 6.920317538372494}, "diff": {"min": -10.824060440063477, "max": 11.373703002929688, "mean": 0.7532718972336645}, "misc": {"rmse": 2.4445856540933724, "corr": 0.9436755143564907}, "unit": "m/s"}