{"ref": {"min": 0.4199467897415161, "max": 60.30523681640625, "mean": 23.70146171496171}, "ref_regrid": {"min": 0.4228368401527405, "max": 59.75767517089844, "mean": 23.701279982139873, "std": 15.943136103330472}, "test": {"min": 0.38687774538993835, "max": 58.36069869995117, "mean": 23.325234879358163}, "test_regrid": {"min": 0.38687774538993835, "max": 58.36069869995117, "mean": 23.325234879358163, "std": 14.738082178747295}, "diff": {"min": -17.42945098876953, "max": 12.159379959106445, "mean": -0.37604510278171516}, "misc": {"rmse": 3.0928279692445435, "corr": 0.983036179940611}, "unit": "kg/m2"}