{"ref": {"min": -54.90130615234375, "max": 32.95135498046875, "mean": 14.339241250592549}, "ref_regrid": {"min": -54.707054138183594, "max": 30.30478858947754, "mean": 14.339057346756103, "std": 14.440660923034041}, "test": {"min": -56.983306884765625, "max": 31.071533203125, "mean": 14.330432341342481}, "test_regrid": {"min": -56.983306884765625, "max": 31.071533203125, "mean": 14.330432341342481, "std": 13.669724453278821}, "diff": {"min": -9.624456405639648, "max": 9.469627380371094, "mean": -0.008625005394473608}, "misc": {"rmse": 1.736893164100836, "corr": 0.9938642809246505}, "unit": "DegC"}