{"ref": {"min": -326.09521484375, "max": 233.44981384277344, "mean": -10.323687017619093}, "ref_regrid": {"min": -275.00384521484375, "max": 225.84532165527344, "mean": -10.323684985961984, "std": 75.19580947918902}, "test": {"min": -392.3397216796875, "max": 228.04922485351562, "mean": -7.059369652740198}, "test_regrid": {"min": -392.3397216796875, "max": 228.04922485351562, "mean": -7.059369652740198, "std": 78.2255281773746}, "diff": {"min": -172.41085815429688, "max": 233.6969451904297, "mean": 3.264315330300727}, "misc": {"rmse": 30.355432399380664, "corr": 0.9233609510119233}, "unit": "W/m2"}