{"ref": {"min": 976.323974609375, "max": 1026.2747802734375, "mean": 1010.7162205449276}, "ref_regrid": {"min": 976.7631225585938, "max": 1026.2646484375, "mean": 1010.7161615358236, "std": 8.912977224065198}, "test": {"min": 968.6351318359375, "max": 1029.86669921875, "mean": 1011.0768191960492}, "test_regrid": {"min": 968.6351318359375, "max": 1029.86669921875, "mean": 1011.0768191960492, "std": 11.485162442947221}, "diff": {"min": -22.31878662109375, "max": 30.27886962890625, "mean": 0.3606576602255848}, "misc": {"rmse": 4.401129316206465, "corr": 0.9383408244815016}, "unit": "mbar"}