{"ref": {"min": -134.3373565673828, "max": 108.75334167480469, "mean": -0.0995135455949663}, "ref_regrid": {"min": -99.04593658447266, "max": 81.38826751708984, "mean": -0.09950876426939766, "std": 9.30643782995385}, "test": {"min": -109.19024658203125, "max": 40.229862213134766, "mean": 0.18352545521558858}, "test_regrid": {"min": -109.19024658203125, "max": 40.229862213134766, "mean": 0.18352545521558858, "std": 11.407408814786738}, "diff": {"min": -138.093505859375, "max": 70.78852844238281, "mean": 0.2830342195814033}, "misc": {"rmse": 8.14965688149475, "corr": 0.708358354868949}, "unit": "mbar/day"}