{"ref": {"min": 50.17735290527344, "max": 58.77117919921875, "mean": 56.371322908989846}, "ref_regrid": {"min": 50.20186996459961, "max": 58.76686477661133, "mean": 56.371287345522745, "std": 2.690649465888186}, "test": {"min": 49.238948822021484, "max": 58.82809829711914, "mean": 56.26290106960061}, "test_regrid": {"min": 49.238948822021484, "max": 58.82809829711914, "mean": 56.26290106960061, "std": 2.840307577127136}, "diff": {"min": -1.7039604187011719, "max": 1.2278633117675781, "mean": -0.10838627592212498}, "misc": {"rmse": 0.447897967711102, "corr": 0.9891087718934322}, "unit": "hectometer"}