{"ref": {"min": -54.90130615234375, "max": 32.95135498046875, "mean": 8.426483659528484}, "ref_regrid": {"min": -54.707054138183594, "max": 30.25112533569336, "mean": 7.751670648044432, "std": 18.423592808564024}, "test": {"min": -56.983306884765625, "max": 31.071533203125, "mean": 9.123684694106098}, "test_regrid": {"min": -56.983306884765625, "max": 31.071533203125, "mean": 9.123684694106098, "std": 18.166699292648786}, "diff": {"min": -11.391690254211426, "max": 20.897411346435547, "mean": 0.9237614278589876}, "misc": {"rmse": 2.9189635066919393, "corr": 0.9900399561357263}, "unit": "DegC"}