{"ref": {"min": 0.0, "max": 0.6457499861717224, "mean": 0.1315115186494924}, "ref_regrid": {"min": 0.0, "max": 0.6457499861717224, "mean": 0.13189059700897243, "std": 0.0893362085119713}, "test": {"min": 0.0001259027631022036, "max": 1.8594553470611572, "mean": 0.14077405178777058}, "test_regrid": {"min": 0.0001259027631022036, "max": 1.8594553470611572, "mean": 0.14077405178777058, "std": 0.13513314372609533}, "diff": {"min": -0.35331374406814575, "max": 1.4028719663619995, "mean": 0.008326961318116973}, "misc": {"rmse": 0.0947392485692365, "corr": 0.7181428504114793}, "unit": "dimensionless"}