{"ref": {"min": 0.0, "max": 0.6457499861717224, "mean": 0.1315115186494924}, "ref_regrid": {"min": 0.0, "max": 0.6457499861717224, "mean": 0.13189059700897243, "std": 0.0893362085119713}, "test": {"min": 0.005526083055883646, "max": 2.0172815322875977, "mean": 0.15398949032806905}, "test_regrid": {"min": 0.005526083055883646, "max": 2.0172815322875977, "mean": 0.15398949032806905, "std": 0.14367494548879217}, "diff": {"min": -0.24240551888942719, "max": 1.7028648853302002, "mean": 0.022106455576468943}, "misc": {"rmse": 0.09543966007785448, "corr": 0.7792463502962416}, "unit": "dimensionless"}