{"ref": {"min": 0.0, "max": 0.6457499861717224, "mean": 0.1315115186494924}, "ref_regrid": {"min": 0.0, "max": 0.6457499861717224, "mean": 0.13189059700897243, "std": 0.0893362085119713}, "test": {"min": 4.608326946708985e-07, "max": 2.590575695037842, "mean": 0.17135180936689118}, "test_regrid": {"min": 4.608326946708985e-07, "max": 2.590575695037842, "mean": 0.17135180936689118, "std": 0.18450120406741366}, "diff": {"min": -0.29454123973846436, "max": 2.232825756072998, "mean": 0.038780837331618856}, "misc": {"rmse": 0.13972197532472863, "corr": 0.7289411199224983}, "unit": "dimensionless"}