{"ref": {"min": 0.09805119037628174, "max": 0.7343645095825195, "mean": 0.3285654527922623}, "ref_regrid": {"min": 0.09805119037628174, "max": 0.7343645095825195, "mean": 0.3285654527922623, "std": 0.14506646708451246}, "test": {"min": 0.09907405823469162, "max": 0.7306007742881775, "mean": 0.3316858345773676}, "test_regrid": {"min": 0.09907405823469162, "max": 0.7306007742881775, "mean": 0.3316858345773676, "std": 0.1440308261870839}, "diff": {"min": -0.13394606113433838, "max": 0.1183885931968689, "mean": 0.0031203817851052276}, "misc": {"rmse": 0.020656106469941742, "corr": 0.9900482306114123}, "unit": "dimensionless"}