{"ref": {"min": 0.0045266347005963326, "max": 0.8683344125747681, "mean": 0.16625444200292377}, "ref_regrid": {"min": 0.0045266347005963326, "max": 0.8683344125747681, "mean": 0.16625444200292377, "std": 0.21033273345582412}, "test": {"min": 0.004526564851403236, "max": 0.8613744974136353, "mean": 0.1668178548120117}, "test_regrid": {"min": 0.004526564851403236, "max": 0.8613744974136353, "mean": 0.1668178548120117, "std": 0.21139930647321586}, "diff": {"min": -0.16617754101753235, "max": 0.20641914010047913, "mean": 0.0005634128090879095}, "misc": {"rmse": 0.015448572608445833, "corr": 0.9973326466285775}, "unit": "dimensionless"}