{"ref": {"min": 0.043825663626194, "max": 0.8709313273429871, "mean": 0.15251225984951117}, "ref_regrid": {"min": 0.043825663626194, "max": 0.8709313273429871, "mean": 0.15251225984951117, "std": 0.1988126358115461}, "test": {"min": 0.043499905616045, "max": 0.8684735894203186, "mean": 0.153057500209758}, "test_regrid": {"min": 0.043499905616045, "max": 0.8684735894203186, "mean": 0.153057500209758, "std": 0.1991218367485068}, "diff": {"min": -0.1858864724636078, "max": 0.1280255913734436, "mean": 0.0005452403602468213}, "misc": {"rmse": 0.010390265350597146, "corr": 0.9986414457041235}, "unit": "dimensionless"}