{"ref": {"min": 0.08573082089424133, "max": 0.7510257959365845, "mean": 0.1743063146568081}, "ref_regrid": {"min": 0.08573082089424133, "max": 0.7510257959365845, "mean": 0.1743063146568081, "std": 0.13409766363719566}, "test": {"min": 0.08568320423364639, "max": 0.7483299374580383, "mean": 0.17346283512307162}, "test_regrid": {"min": 0.08568320423364639, "max": 0.7483299374580383, "mean": 0.17346283512307162, "std": 0.13407961189205503}, "diff": {"min": -0.11541679501533508, "max": 0.1630326211452484, "mean": -0.0008434795337365177}, "misc": {"rmse": 0.0073941470372208325, "corr": 0.9984993789022532}, "unit": "dimensionless"}