{"ref": {"min": 0.08558686822652817, "max": 0.7211068272590637, "mean": 0.1793768799397036}, "ref_regrid": {"min": 0.08558686822652817, "max": 0.7211068272590637, "mean": 0.1793768799397036, "std": 0.13829533081426718}, "test": {"min": 0.08496454358100891, "max": 0.7188631296157837, "mean": 0.17977789840438327}, "test_regrid": {"min": 0.08496454358100891, "max": 0.7188631296157837, "mean": 0.17977789840438327, "std": 0.1381261116437243}, "diff": {"min": -0.10576224327087402, "max": 0.10037973523139954, "mean": 0.0004010184646796193}, "misc": {"rmse": 0.007043097118631202, "corr": 0.998706542644915}, "unit": "dimensionless"}