{"ref": {"min": 0.044002383947372437, "max": 0.8569917678833008, "mean": 0.14392769742259215}, "ref_regrid": {"min": 0.044002383947372437, "max": 0.8569917678833008, "mean": 0.14392769742259215, "std": 0.17314153021311254}, "test": {"min": 0.04384882003068924, "max": 0.8525558114051819, "mean": 0.1441430516652058}, "test_regrid": {"min": 0.04384882003068924, "max": 0.8525558114051819, "mean": 0.1441430516652058, "std": 0.1735048664688851}, "diff": {"min": -0.09079664945602417, "max": 0.09468036890029907, "mean": 0.0002153542426136202}, "misc": {"rmse": 0.007612056380314225, "corr": 0.999038560667035}, "unit": "dimensionless"}