{"ref": {"min": 0.10577225685119629, "max": 0.7164916396141052, "mean": 0.31972090084328425}, "ref_regrid": {"min": 0.10577225685119629, "max": 0.7164916396141052, "mean": 0.31972090084328425, "std": 0.1345413894230763}, "test": {"min": 0.10642565041780472, "max": 0.7313627600669861, "mean": 0.3204102562529437}, "test_regrid": {"min": 0.10642565041780472, "max": 0.7313627600669861, "mean": 0.3204102562529437, "std": 0.13595388159557828}, "diff": {"min": -0.11302462220191956, "max": 0.09354132413864136, "mean": 0.0006893554096595651}, "misc": {"rmse": 0.01846319676222094, "corr": 0.990749236631422}, "unit": "dimensionless"}