{"ref": {"min": 0.042782485485076904, "max": 0.8643456697463989, "mean": 0.14296370291146235}, "ref_regrid": {"min": 0.042782485485076904, "max": 0.8643456697463989, "mean": 0.14296370291146235, "std": 0.18161712151376}, "test": {"min": 0.04251651093363762, "max": 0.8581737279891968, "mean": 0.14254726972880508}, "test_regrid": {"min": 0.04251651093363762, "max": 0.8581737279891968, "mean": 0.14254726972880508, "std": 0.1821645312879246}, "diff": {"min": -0.3020724654197693, "max": 0.3972631096839905, "mean": -0.00041643318265727355}, "misc": {"rmse": 0.014385471225344127, "corr": 0.9968796470447245}, "unit": "dimensionless"}