{"ref": {"min": 0.08680553734302521, "max": 0.7360461950302124, "mean": 0.17015888698818588}, "ref_regrid": {"min": 0.08680553734302521, "max": 0.7360461950302124, "mean": 0.17015888698818588, "std": 0.12054491352254466}, "test": {"min": 0.08668582886457443, "max": 0.7338343858718872, "mean": 0.17003254011867605}, "test_regrid": {"min": 0.08668582886457443, "max": 0.7338343858718872, "mean": 0.17003254011867605, "std": 0.12055064620852818}, "diff": {"min": -0.047350943088531494, "max": 0.06429290771484375, "mean": -0.00012634686950981533}, "misc": {"rmse": 0.005065957014818608, "corr": 0.9991175220553152}, "unit": "dimensionless"}