{"ref": {"min": 0.10056015104055405, "max": 0.7532660365104675, "mean": 0.31506707648211457}, "ref_regrid": {"min": 0.10056015104055405, "max": 0.7532660365104675, "mean": 0.31506707648211457, "std": 0.13761247846516775}, "test": {"min": 0.0987900048494339, "max": 0.7503740191459656, "mean": 0.31521197515329036}, "test_regrid": {"min": 0.0987900048494339, "max": 0.7503740191459656, "mean": 0.31521197515329036, "std": 0.1367514244625044}, "diff": {"min": -0.13578900694847107, "max": 0.10618036985397339, "mean": 0.0001448986711757617}, "misc": {"rmse": 0.019934796208026614, "corr": 0.9894617149782741}, "unit": "dimensionless"}