{"ref": {"min": 0.10774537920951843, "max": 0.7260359525680542, "mean": 0.31805504486952657}, "ref_regrid": {"min": 0.10774537920951843, "max": 0.7260359525680542, "mean": 0.31805504486952657, "std": 0.14181616770667058}, "test": {"min": 0.11295793205499649, "max": 0.724860429763794, "mean": 0.31953968545791944}, "test_regrid": {"min": 0.11295793205499649, "max": 0.724860429763794, "mean": 0.31953968545791944, "std": 0.1410409371820868}, "diff": {"min": -0.08844804763793945, "max": 0.07627357542514801, "mean": 0.0014846405883928036}, "misc": {"rmse": 0.017411338931323173, "corr": 0.9924919682158618}, "unit": "dimensionless"}