{"ref": {"min": 0.10903258621692657, "max": 0.739473283290863, "mean": 0.3107046945946068}, "ref_regrid": {"min": 0.10903258621692657, "max": 0.739473283290863, "mean": 0.3107046945946068, "std": 0.12594781506752312}, "test": {"min": 0.11279318481683731, "max": 0.7359436750411987, "mean": 0.31238845214979705}, "test_regrid": {"min": 0.11279318481683731, "max": 0.7359436750411987, "mean": 0.31238845214979705, "std": 0.12582365530947848}, "diff": {"min": -0.04916849732398987, "max": 0.04556328058242798, "mean": 0.0016837575551901785}, "misc": {"rmse": 0.010607655604642807, "corr": 0.9965397106169034}, "unit": "dimensionless"}