{"ref": {"min": 0.08388476073741913, "max": 0.7304392457008362, "mean": 0.18917990511494712}, "ref_regrid": {"min": 0.08388476073741913, "max": 0.7304392457008362, "mean": 0.18917990511494712, "std": 0.14639345388809663}, "test": {"min": 0.08451232314109802, "max": 0.7289543747901917, "mean": 0.18940041505180294}, "test_regrid": {"min": 0.08451232314109802, "max": 0.7289543747901917, "mean": 0.18940041505180294, "std": 0.14693583886409034}, "diff": {"min": -0.10207211971282959, "max": 0.1263294816017151, "mean": 0.00022050993685580956}, "misc": {"rmse": 0.009643896305668724, "corr": 0.997846117469053}, "unit": "dimensionless"}