{"ref": {"min": 0.0844695046544075, "max": 0.7085102796554565, "mean": 0.17805062341587297}, "ref_regrid": {"min": 0.0844695046544075, "max": 0.7085102796554565, "mean": 0.17805062341587297, "std": 0.12342825699166764}, "test": {"min": 0.08410269021987915, "max": 0.7134860754013062, "mean": 0.17772005604985666}, "test_regrid": {"min": 0.08410269021987915, "max": 0.7134860754013062, "mean": 0.17772005604985666, "std": 0.12415509586073736}, "diff": {"min": -0.07287496328353882, "max": 0.09624740481376648, "mean": -0.00033056736601630205}, "misc": {"rmse": 0.005393249175316398, "corr": 0.9990717465010454}, "unit": "dimensionless"}