{"ref": {"min": 0.04364059492945671, "max": 0.96174156665802, "mean": 0.1431685451698525}, "ref_regrid": {"min": 0.04364059492945671, "max": 0.96174156665802, "mean": 0.1431685451698525, "std": 0.1800424613791623}, "test": {"min": 0.04396902769804001, "max": 0.9591223001480103, "mean": 0.14303116770445598}, "test_regrid": {"min": 0.04396902769804001, "max": 0.9591223001480103, "mean": 0.14303116770445598, "std": 0.1806236548134137}, "diff": {"min": -0.1792244017124176, "max": 0.14770248532295227, "mean": -0.00013737746539652397}, "misc": {"rmse": 0.008920189854750106, "corr": 0.9987820832691348}, "unit": "dimensionless"}