{"ref": {"min": 0.00012762135884258896, "max": 1.8867155313491821, "mean": 0.14248144213679567}, "ref_regrid": {"min": 0.00012762135884258896, "max": 1.8867155313491821, "mean": 0.14248144213679567, "std": 0.14367457869305672}, "test": {"min": 0.00014836143236607313, "max": 1.8251737356185913, "mean": 0.14145696284899775}, "test_regrid": {"min": 0.00014836143236607313, "max": 1.8251737356185913, "mean": 0.14145696284899775, "std": 0.13514834791465022}, "diff": {"min": -0.14108037948608398, "max": 0.18074098229408264, "mean": -0.0010244792877979498}, "misc": {"rmse": 0.021907427713436553, "corr": 0.9895405775735903}, "unit": "dimensionless"}