{"ref": {"min": 0.003618525108322501, "max": 1.8545924425125122, "mean": 0.15078011736658803}, "ref_regrid": {"min": 0.003618525108322501, "max": 1.8545924425125122, "mean": 0.15078011736658803, "std": 0.1467557038373003}, "test": {"min": 0.003768208436667919, "max": 2.157508611679077, "mean": 0.1515701355619231}, "test_regrid": {"min": 0.003768208436667919, "max": 2.157508611679077, "mean": 0.1515701355619231, "std": 0.143196125910935}, "diff": {"min": -0.35100507736206055, "max": 0.6525194644927979, "mean": 0.0007900181953399085}, "misc": {"rmse": 0.03117170356451661, "corr": 0.9771975435438631}, "unit": "dimensionless"}