{"ref": {"min": 0.008760700933635235, "max": 1.8414766788482666, "mean": 0.15130234976773388}, "ref_regrid": {"min": 0.008760700933635235, "max": 1.8414766788482666, "mean": 0.15130234976773388, "std": 0.12201478419784874}, "test": {"min": 0.009347627870738506, "max": 1.4612772464752197, "mean": 0.1442404352810803}, "test_regrid": {"min": 0.009347627870738506, "max": 1.4612772464752197, "mean": 0.1442404352810803, "std": 0.10232437627825494}, "diff": {"min": -0.3801994323730469, "max": 0.2282273769378662, "mean": -0.007061914486653538}, "misc": {"rmse": 0.03199738771141103, "corr": 0.9765219843699035}, "unit": "dimensionless"}