{"ref": {"min": 0.006670806091278791, "max": 1.913831353187561, "mean": 0.1571806462864955}, "ref_regrid": {"min": 0.006670806091278791, "max": 1.913831353187561, "mean": 0.1571806462864955, "std": 0.1417263163114043}, "test": {"min": 0.007156106177717447, "max": 1.7180473804473877, "mean": 0.15422831876335777}, "test_regrid": {"min": 0.007156106177717447, "max": 1.7180473804473877, "mean": 0.15422831876335777, "std": 0.1315031541951303}, "diff": {"min": -0.20376181602478027, "max": 0.22382968664169312, "mean": -0.00295232752313773}, "misc": {"rmse": 0.017841342222006295, "corr": 0.9944980636896449}, "unit": "dimensionless"}