{"ref": {"min": 5.691304068022873e-07, "max": 2.5339503288269043, "mean": 0.18508642503378941}, "ref_regrid": {"min": 5.691304068022873e-07, "max": 2.5339503288269043, "mean": 0.18508642503378941, "std": 0.2007222700722504}, "test": {"min": 5.395497737481492e-07, "max": 2.4631009101867676, "mean": 0.1805194194337388}, "test_regrid": {"min": 5.395497737481492e-07, "max": 2.4631009101867676, "mean": 0.1805194194337388, "std": 0.19095244358893518}, "diff": {"min": -0.356986403465271, "max": 0.36459386348724365, "mean": -0.004567005600050587}, "misc": {"rmse": 0.03005805323054622, "corr": 0.9897311217270665}, "unit": "dimensionless"}