{"ref": {"min": 0.0, "max": 99.03326416015625, "mean": 47.583662293707235}, "ref_regrid": {"min": 0.0, "max": 99.03326416015625, "mean": 47.583662293707235, "std": 23.847344362551638}, "test": {"min": 0.0, "max": 99.22644805908203, "mean": 48.04560885592093}, "test_regrid": {"min": 0.0, "max": 99.22644805908203, "mean": 48.04560885592093, "std": 23.576071133524977}, "diff": {"min": -28.57752227783203, "max": 28.366981506347656, "mean": 0.46194656223157593}, "misc": {"rmse": 5.271361221478926, "corr": 0.9755434364262653}, "unit": "%"}