{"ref": {"min": 0.5241255164146423, "max": 81.93994903564453, "mean": 31.01117319003594}, "ref_regrid": {"min": 0.5241255164146423, "max": 81.93994903564453, "mean": 31.01117319003594, "std": 20.217846847282342}, "test": {"min": 0.3667856454849243, "max": 82.50526428222656, "mean": 31.225562857312333}, "test_regrid": {"min": 0.3667856454849243, "max": 82.50526428222656, "mean": 31.225562857312333, "std": 19.97817961895151}, "diff": {"min": -12.644508361816406, "max": 15.713363647460938, "mean": 0.21438966727770806}, "misc": {"rmse": 2.3667906799331426, "corr": 0.9931937604939771}, "unit": "%"}