{"ref": {"min": 0.0, "max": 86.29244995117188, "mean": 34.5745298642274}, "ref_regrid": {"min": 0.0, "max": 86.29244995117188, "mean": 34.5745298642274, "std": 23.76591453608713}, "test": {"min": 0.0, "max": 84.35308074951172, "mean": 35.1426339643095}, "test_regrid": {"min": 0.0, "max": 84.35308074951172, "mean": 35.1426339643095, "std": 23.57912059645289}, "diff": {"min": -29.62732696533203, "max": 26.39260482788086, "mean": 0.5681041000870475}, "misc": {"rmse": 4.223924878965899, "corr": 0.9843999372735254}, "unit": "%"}