{"ref": {"min": 0.0, "max": 100.0, "mean": 23.18539693362705}, "ref_regrid": {"min": 0.0, "max": 100.0, "mean": 23.18539693362705, "std": 10.819008367121555}, "test": {"min": 0.0, "max": 100.0, "mean": 22.67241843863713}, "test_regrid": {"min": 0.0, "max": 100.0, "mean": 22.67241843863713, "std": 9.902728862080735}, "diff": {"min": -69.00285339355469, "max": 65.0, "mean": -0.5129784949624966}, "misc": {"rmse": 4.270720117777403, "corr": 0.9200265898281736}, "unit": "%"}