{"ref": {"min": 0.0, "max": 100.0, "mean": 18.091358704199994}, "ref_regrid": {"min": 0.0, "max": 100.0, "mean": 18.091358704199994, "std": 11.646234263950676}, "test": {"min": 0.0, "max": 100.0, "mean": 17.714766741205747}, "test_regrid": {"min": 0.0, "max": 100.0, "mean": 17.714766741205747, "std": 10.797252916242607}, "diff": {"min": -69.96163177490234, "max": 65.0, "mean": -0.3765919629207165}, "misc": {"rmse": 4.062163263202932, "corr": 0.9378174523597401}, "unit": "%"}