{"ref": {"min": 0.0, "max": 67.2151107788086, "mean": 11.247044626128643}, "ref_regrid": {"min": 0.0, "max": 67.2151107788086, "mean": 11.247044626128643, "std": 9.16477971157025}, "test": {"min": 0.0, "max": 57.133094787597656, "mean": 11.711690833126228}, "test_regrid": {"min": 0.0, "max": 57.133094787597656, "mean": 11.711690833126228, "std": 9.693746983837919}, "diff": {"min": -46.968788146972656, "max": 32.47303009033203, "mean": 0.46464620705765625}, "misc": {"rmse": 2.997934518374731, "corr": 0.9522072947143809}, "unit": "%"}