{"ref": {"min": 0.7861377000808716, "max": 91.92212677001953, "mean": 26.89784231167294}, "ref_regrid": {"min": 0.7861377000808716, "max": 91.92212677001953, "mean": 26.89784231167294, "std": 13.744956242613164}, "test": {"min": 0.8147728443145752, "max": 93.89507293701172, "mean": 27.623481214916534}, "test_regrid": {"min": 0.8147728443145752, "max": 93.89507293701172, "mean": 27.623481214916534, "std": 13.818100777223146}, "diff": {"min": -18.697853088378906, "max": 28.35529899597168, "mean": 0.7256389033077726}, "misc": {"rmse": 5.086719971971085, "corr": 0.9332835092082881}, "unit": "%"}