{"ref": {"min": 0.0, "max": 41.30549240112305, "mean": 15.570714152377352}, "ref_regrid": {"min": 0.0, "max": 41.30549240112305, "mean": 15.570714152377352, "std": 10.30577145560879}, "test": {"min": 0.0, "max": 39.3887939453125, "mean": 15.385077854099606}, "test_regrid": {"min": 0.0, "max": 39.3887939453125, "mean": 15.385077854099606, "std": 10.140153328986742}, "diff": {"min": -13.027555465698242, "max": 10.105106353759766, "mean": -0.18563629828704847}, "misc": {"rmse": 1.5657331741073217, "corr": 0.9885665927078781}, "unit": "%"}