{"ref": {"min": 0.0, "max": 64.16677856445312, "mean": 14.12474663374857}, "ref_regrid": {"min": 0.0, "max": 64.16677856445312, "mean": 14.12474663374857, "std": 13.443971074567623}, "test": {"min": 0.0, "max": 72.62957763671875, "mean": 14.036998540619422}, "test_regrid": {"min": 0.0, "max": 72.62957763671875, "mean": 14.036998540619422, "std": 13.270959829977135}, "diff": {"min": -20.907135009765625, "max": 27.79950714111328, "mean": -0.08774809321682317}, "misc": {"rmse": 3.108087486995426, "corr": 0.9730330755598605}, "unit": "%"}