{"ref": {"min": 0.0, "max": 88.77496337890625, "mean": 25.04762162064233}, "ref_regrid": {"min": 0.0, "max": 88.77496337890625, "mean": 25.04762162064233, "std": 16.289349267517178}, "test": {"min": 0.0, "max": 90.65461730957031, "mean": 25.696115061774407}, "test_regrid": {"min": 0.0, "max": 90.65461730957031, "mean": 25.696115061774407, "std": 16.60724321254468}, "diff": {"min": -20.074138641357422, "max": 43.50560760498047, "mean": 0.6484934411382884}, "misc": {"rmse": 4.459147059752749, "corr": 0.9642127983175273}, "unit": "%"}