{"ref": {"min": 0.0, "max": 61.34130096435547, "mean": 23.167501765856645}, "ref_regrid": {"min": 0.0, "max": 61.34130096435547, "mean": 23.167501765856645, "std": 10.245487048366458}, "test": {"min": 0.0, "max": 50.6442985534668, "mean": 23.052522516161122}, "test_regrid": {"min": 0.0, "max": 50.6442985534668, "mean": 23.052522516161122, "std": 10.144856742264336}, "diff": {"min": -20.828933715820312, "max": 35.21390151977539, "mean": -0.1149792497587509}, "misc": {"rmse": 3.2030117052645517, "corr": 0.9507598809306197}, "unit": "%"}