{"ref": {"min": 0.0, "max": 51.893218994140625, "mean": 11.048633942844999}, "ref_regrid": {"min": 0.0, "max": 51.893218994140625, "mean": 11.048633942844999, "std": 10.268717299777734}, "test": {"min": 0.0, "max": 56.30430221557617, "mean": 11.424079402326946}, "test_regrid": {"min": 0.0, "max": 56.30430221557617, "mean": 11.424079402326946, "std": 10.88124813285417}, "diff": {"min": -16.69601058959961, "max": 22.909408569335938, "mean": 0.37544545947581826}, "misc": {"rmse": 2.949041100667108, "corr": 0.963392924518681}, "unit": "%"}