{"ref": {"min": 0.0, "max": 83.81291198730469, "mean": 22.63767711433961}, "ref_regrid": {"min": 0.0, "max": 83.81291198730469, "mean": 22.63767711433961, "std": 11.403443813285705}, "test": {"min": 0.0, "max": 93.63511657714844, "mean": 22.289237254552173}, "test_regrid": {"min": 0.0, "max": 93.63511657714844, "mean": 22.289237254552173, "std": 11.069848264375091}, "diff": {"min": -66.66666412353516, "max": 81.76652526855469, "mean": -0.3484398598042128}, "misc": {"rmse": 3.767066388446941, "corr": 0.9447135901452216}, "unit": "%"}