{"ref": {"min": 0.0, "max": 55.02482604980469, "mean": 17.220304252277757}, "ref_regrid": {"min": 0.0, "max": 55.02482604980469, "mean": 17.220304252277757, "std": 11.33304469862212}, "test": {"min": 0.0, "max": 50.9844856262207, "mean": 17.08342263085051}, "test_regrid": {"min": 0.0, "max": 50.9844856262207, "mean": 17.08342263085051, "std": 11.166377811004436}, "diff": {"min": -35.079566955566406, "max": 22.00166893005371, "mean": -0.1368816214491791}, "misc": {"rmse": 3.1089526470735085, "corr": 0.9619946911561185}, "unit": "%"}