{"ref": {"min": 0.0, "max": 58.777496337890625, "mean": 13.703978026960263}, "ref_regrid": {"min": 0.0, "max": 58.777496337890625, "mean": 13.703978026960263, "std": 11.929947145792939}, "test": {"min": 0.0, "max": 60.9654541015625, "mean": 14.10245660006388}, "test_regrid": {"min": 0.0, "max": 60.9654541015625, "mean": 14.10245660006388, "std": 12.061937309574384}, "diff": {"min": -8.036907196044922, "max": 17.144821166992188, "mean": 0.3984785731012366}, "misc": {"rmse": 1.7373495377285777, "corr": 0.9901243541561864}, "unit": "%"}