{"ref": {"min": 0.0, "max": 74.30948638916016, "mean": 26.27943443634163}, "ref_regrid": {"min": 0.0, "max": 74.30948638916016, "mean": 26.27943443634163, "std": 19.005596264062028}, "test": {"min": 0.0, "max": 71.20088958740234, "mean": 26.498646419018634}, "test_regrid": {"min": 0.0, "max": 71.20088958740234, "mean": 26.498646419018634, "std": 19.504230535008364}, "diff": {"min": -40.883262634277344, "max": 40.883262634277344, "mean": 0.2192119826146433}, "misc": {"rmse": 4.057034010509544, "corr": 0.9781989615866727}, "unit": "%"}