{"ref": {"min": 0.0, "max": 99.30186462402344, "mean": 47.086959005763944}, "ref_regrid": {"min": 0.0, "max": 99.30186462402344, "mean": 47.086959005763944, "std": 24.51851117466015}, "test": {"min": 0.0, "max": 98.28482055664062, "mean": 47.25449053323767}, "test_regrid": {"min": 0.0, "max": 98.28482055664062, "mean": 47.25449053323767, "std": 24.383832333926694}, "diff": {"min": -78.02257537841797, "max": 81.76652526855469, "mean": 0.16753152744722227}, "misc": {"rmse": 5.7420276395065555, "corr": 0.9724643419613747}, "unit": "%"}