{"ref": {"min": 0.872235894203186, "max": 51.30112838745117, "mean": 22.850070337308754}, "ref_regrid": {"min": 0.872235894203186, "max": 51.30112838745117, "mean": 22.850070337308754, "std": 9.414627157554227}, "test": {"min": 0.5266963839530945, "max": 51.12488555908203, "mean": 22.568958015142133}, "test_regrid": {"min": 0.5266963839530945, "max": 51.12488555908203, "mean": 22.568958015142133, "std": 9.06099578273196}, "diff": {"min": -13.837499618530273, "max": 13.574180603027344, "mean": -0.2811123221667864}, "misc": {"rmse": 1.8665704119187523, "corr": 0.9807750347207628}, "unit": "%"}