{"ref": {"min": 0.0, "max": 44.65237808227539, "mean": 10.706996874647318}, "ref_regrid": {"min": 0.0, "max": 44.65237808227539, "mean": 10.706996874647318, "std": 8.641149554366777}, "test": {"min": 0.0, "max": 45.99184036254883, "mean": 10.853607167648038}, "test_regrid": {"min": 0.0, "max": 45.99184036254883, "mean": 10.853607167648038, "std": 8.722345995063966}, "diff": {"min": -15.012588500976562, "max": 16.47330093383789, "mean": 0.14661029301365885}, "misc": {"rmse": 2.2975130222649836, "corr": 0.9651691510257758}, "unit": "%"}