{"ref": {"min": 0.0, "max": 89.1006088256836, "mean": 22.901153240422136}, "ref_regrid": {"min": 0.0, "max": 89.1006088256836, "mean": 22.901153240422136, "std": 17.601915205142106}, "test": {"min": 0.0, "max": 88.55897521972656, "mean": 23.899389100503182}, "test_regrid": {"min": 0.0, "max": 88.55897521972656, "mean": 23.899389100503182, "std": 17.827137145842983}, "diff": {"min": -50.0, "max": 62.74504089355469, "mean": 0.9982358598645545}, "misc": {"rmse": 5.197863502067297, "corr": 0.9586181209832177}, "unit": "%"}