{"ref": {"min": 0.0, "max": 55.77552795410156, "mean": 22.58295255594017}, "ref_regrid": {"min": 0.0, "max": 55.77552795410156, "mean": 22.58295255594017, "std": 10.17965513795395}, "test": {"min": 0.0, "max": 51.8425407409668, "mean": 22.39591098896597}, "test_regrid": {"min": 0.0, "max": 51.8425407409668, "mean": 22.39591098896597, "std": 9.916437531995516}, "diff": {"min": -35.1933708190918, "max": 21.863906860351562, "mean": -0.1870415670300172}, "misc": {"rmse": 3.368465396349556, "corr": 0.9443152743938504}, "unit": "%"}