{"ref": {"min": 0.0, "max": 83.81291198730469, "mean": 22.63761846755294}, "ref_regrid": {"min": 0.0, "max": 83.81291198730469, "mean": 22.63761846755294, "std": 11.403555183331138}, "test": {"min": 0.0, "max": 93.6351089477539, "mean": 22.26489334729234}, "test_regrid": {"min": 0.0, "max": 93.6351089477539, "mean": 22.26489334729234, "std": 11.07376820862753}, "diff": {"min": -66.66666412353516, "max": 81.76652526855469, "mean": -0.3727251202514155}, "misc": {"rmse": 3.7682959140661563, "corr": 0.9447563571512707}, "unit": "%"}