{"ref": {"min": 0.0, "max": 84.47306823730469, "mean": 30.184345320698778}, "ref_regrid": {"min": 0.0, "max": 84.47306823730469, "mean": 30.184345320698778, "std": 21.299702955126808}, "test": {"min": 0.0, "max": 85.71625518798828, "mean": 30.10333446950492}, "test_regrid": {"min": 0.0, "max": 85.71625518798828, "mean": 30.10333446950492, "std": 20.823004213652794}, "diff": {"min": -21.85582733154297, "max": 31.10293960571289, "mean": -0.0810108512924981}, "misc": {"rmse": 4.000127327550606, "corr": 0.982225063565077}, "unit": "%"}