{"ref": {"min": 0.0, "max": 78.54291534423828, "mean": 23.925794201416185}, "ref_regrid": {"min": 0.0, "max": 78.54291534423828, "mean": 23.925794201416185, "std": 15.884410027996413}, "test": {"min": 0.0, "max": 81.23580932617188, "mean": 24.249119559881844}, "test_regrid": {"min": 0.0, "max": 81.23580932617188, "mean": 24.249119559881844, "std": 15.737087003814663}, "diff": {"min": -21.153018951416016, "max": 25.720792770385742, "mean": 0.32332535838312554}, "misc": {"rmse": 3.881342694857448, "corr": 0.9701197777337651}, "unit": "%"}