{"ref": {"min": 0.0, "max": 100.00000762939453, "mean": 48.20787579384451}, "ref_regrid": {"min": 0.0, "max": 100.00000762939453, "mean": 48.20787579384451, "std": 24.031805089598745}, "test": {"min": 0.0, "max": 100.0, "mean": 48.73575881818291}, "test_regrid": {"min": 0.0, "max": 100.0, "mean": 48.73575881818291, "std": 23.50239093601077}, "diff": {"min": -100.0, "max": 99.33991241455078, "mean": 0.5278830241192964}, "misc": {"rmse": 6.379874953558895, "corr": 0.9644621827432803}, "unit": "%"}