{"ref": {"min": 0.0, "max": 98.82935333251953, "mean": 44.983685915602024}, "ref_regrid": {"min": 0.0, "max": 98.82935333251953, "mean": 44.983685915602024, "std": 24.493723756271763}, "test": {"min": 0.0, "max": 98.06149291992188, "mean": 45.13607950658299}, "test_regrid": {"min": 0.0, "max": 98.06149291992188, "mean": 45.13607950658299, "std": 24.406462818124737}, "diff": {"min": -68.29759216308594, "max": 81.76652526855469, "mean": 0.1523935911248148}, "misc": {"rmse": 5.563818930443991, "corr": 0.9741343459234395}, "unit": "%"}