{"ref": {"min": 0.0, "max": 84.76119995117188, "mean": 24.449281870021892}, "ref_regrid": {"min": 0.0, "max": 84.76119995117188, "mean": 24.449281870021892, "std": 17.081763385738387}, "test": {"min": 0.0, "max": 86.9643783569336, "mean": 24.965253313407366}, "test_regrid": {"min": 0.0, "max": 86.9643783569336, "mean": 24.965253313407366, "std": 17.545143223274362}, "diff": {"min": -63.40172576904297, "max": 50.0, "mean": 0.5159714435329377}, "misc": {"rmse": 4.574899333191621, "corr": 0.9658848495830294}, "unit": "%"}