{"ref": {"min": 0.0, "max": 94.88713836669922, "mean": 47.097268987091866}, "ref_regrid": {"min": 0.0, "max": 94.88713836669922, "mean": 47.097268987091866, "std": 23.764857614521922}, "test": {"min": 0.5412490963935852, "max": 94.30235290527344, "mean": 47.32916423615459}, "test_regrid": {"min": 0.5412490963935852, "max": 94.30235290527344, "mean": 47.32916423615459, "std": 23.594096021742192}, "diff": {"min": -31.126014709472656, "max": 31.959537506103516, "mean": 0.2318952490568289}, "misc": {"rmse": 4.832002439503282, "corr": 0.9792537147398159}, "unit": "%"}