{"ref": {"min": 0.0, "max": 62.038692474365234, "mean": 14.806791603136084}, "ref_regrid": {"min": 0.0, "max": 62.038692474365234, "mean": 14.806791603136084, "std": 13.955798460390605}, "test": {"min": 0.0, "max": 63.39976501464844, "mean": 14.995884049422635}, "test_regrid": {"min": 0.0, "max": 63.39976501464844, "mean": 14.995884049422635, "std": 13.982507261482809}, "diff": {"min": -19.314456939697266, "max": 22.623050689697266, "mean": 0.189092446310134}, "misc": {"rmse": 3.2306676655290256, "corr": 0.9733501555661599}, "unit": "%"}