{"ref": {"min": 0.0, "max": 70.7027587890625, "mean": 26.790868194338675}, "ref_regrid": {"min": 0.0, "max": 70.7027587890625, "mean": 26.790868194338675, "std": 17.329058485716597}, "test": {"min": 0.0, "max": 69.64342498779297, "mean": 26.994351127352708}, "test_regrid": {"min": 0.0, "max": 69.64342498779297, "mean": 26.994351127352708, "std": 17.398895531475343}, "diff": {"min": -13.329322814941406, "max": 14.348682403564453, "mean": 0.2034829330120499}, "misc": {"rmse": 2.20399020355788, "corr": 0.9920212481247328}, "unit": "%"}