{"ref": {"min": 0.0, "max": 87.18089294433594, "mean": 26.837372746714987}, "ref_regrid": {"min": 0.0, "max": 87.18089294433594, "mean": 26.837372746714987, "std": 18.717277169507977}, "test": {"min": 0.0, "max": 88.81062316894531, "mean": 27.161319019802903}, "test_regrid": {"min": 0.0, "max": 88.81062316894531, "mean": 27.161319019802903, "std": 19.055475944743215}, "diff": {"min": -48.46497344970703, "max": 31.506446838378906, "mean": 0.3239462730720432}, "misc": {"rmse": 4.052098140469818, "corr": 0.9772894647131126}, "unit": "%"}