{"ref": {"min": 0.0, "max": 45.297340393066406, "mean": 11.220154033127628}, "ref_regrid": {"min": 0.0, "max": 45.297340393066406, "mean": 11.220154033127628, "std": 8.44332937733782}, "test": {"min": 0.0, "max": 43.984153747558594, "mean": 11.609273277030386}, "test_regrid": {"min": 0.0, "max": 43.984153747558594, "mean": 11.609273277030386, "std": 8.691814252068857}, "diff": {"min": -10.134407043457031, "max": 12.327232360839844, "mean": 0.3891192438984001}, "misc": {"rmse": 1.5528515476542344, "corr": 0.985023477607743}, "unit": "%"}