{"ref": {"min": 0.0, "max": 92.63848876953125, "mean": 44.97822398708643}, "ref_regrid": {"min": 0.0, "max": 92.63848876953125, "mean": 44.97822398708643, "std": 23.966377057606604}, "test": {"min": 0.0, "max": 92.47872161865234, "mean": 45.21985436448431}, "test_regrid": {"min": 0.0, "max": 92.47872161865234, "mean": 45.21985436448431, "std": 23.808800898537452}, "diff": {"min": -29.056446075439453, "max": 29.77941131591797, "mean": 0.24163037734342457}, "misc": {"rmse": 4.815313670312462, "corr": 0.9797549973872467}, "unit": "%"}