{"ref": {"min": 0.0, "max": 94.88714599609375, "mean": 47.08921908894634}, "ref_regrid": {"min": 0.0, "max": 94.88714599609375, "mean": 47.08921908894634, "std": 23.779784572554085}, "test": {"min": 0.0, "max": 94.3023452758789, "mean": 47.29811525837595}, "test_regrid": {"min": 0.0, "max": 94.3023452758789, "mean": 47.29811525837595, "std": 23.61693384062202}, "diff": {"min": -31.126007080078125, "max": 31.95952606201172, "mean": 0.20889616938959754}, "misc": {"rmse": 4.83022598470773, "corr": 0.9792906936994528}, "unit": "%"}