{"ref": {"min": 0.0, "max": 49.065773010253906, "mean": 17.195554624539405}, "ref_regrid": {"min": 0.0, "max": 49.065773010253906, "mean": 17.195554624539405, "std": 11.153617362922319}, "test": {"min": 0.0, "max": 46.39788818359375, "mean": 17.08980905485502}, "test_regrid": {"min": 0.0, "max": 46.39788818359375, "mean": 17.08980905485502, "std": 10.946184234686635}, "diff": {"min": -20.891307830810547, "max": 30.95587921142578, "mean": -0.10574556970695596}, "misc": {"rmse": 2.9056267936164795, "corr": 0.9656462966680364}, "unit": "%"}