{"ref": {"min": 0.0, "max": 89.28399658203125, "mean": 33.17321010340167}, "ref_regrid": {"min": 0.0, "max": 89.28399658203125, "mean": 33.17321010340167, "std": 23.72542421594354}, "test": {"min": 0.0, "max": 90.47930908203125, "mean": 33.568046578544426}, "test_regrid": {"min": 0.0, "max": 90.47930908203125, "mean": 33.568046578544426, "std": 23.899755683577816}, "diff": {"min": -29.597929000854492, "max": 34.2733039855957, "mean": 0.40048920776782415}, "misc": {"rmse": 4.102840589555758, "corr": 0.9853237171698934}, "unit": "%"}