{"ref": {"min": 0.0, "max": 44.838077545166016, "mean": 15.448483969045748}, "ref_regrid": {"min": 0.0, "max": 44.838077545166016, "mean": 15.448483969045748, "std": 10.912590675559779}, "test": {"min": 0.0, "max": 41.43701934814453, "mean": 15.28791292452134}, "test_regrid": {"min": 0.0, "max": 41.43701934814453, "mean": 15.28791292452134, "std": 10.78719755322302}, "diff": {"min": -25.169193267822266, "max": 20.863094329833984, "mean": -0.1605710445349605}, "misc": {"rmse": 2.6792406093814005, "corr": 0.969686334275209}, "unit": "%"}