{"ref": {"min": 0.0, "max": 84.6671142578125, "mean": 22.292610026510825}, "ref_regrid": {"min": 0.0, "max": 84.6671142578125, "mean": 22.292610026510825, "std": 17.438952778795272}, "test": {"min": 0.0, "max": 86.70649719238281, "mean": 22.815535961980697}, "test_regrid": {"min": 0.0, "max": 86.70649719238281, "mean": 22.815535961980697, "std": 17.931903007138537}, "diff": {"min": -63.401519775390625, "max": 50.0, "mean": 0.5229259354672162}, "misc": {"rmse": 4.47653581723261, "corr": 0.9687846625515203}, "unit": "%"}