{"ref": {"min": 1.4369029998779297, "max": 93.68476104736328, "mean": 47.57775929143754}, "ref_regrid": {"min": 1.4369029998779297, "max": 93.68476104736328, "mean": 47.57775929143754, "std": 22.214347394606342}, "test": {"min": 1.1149859428405762, "max": 94.20028686523438, "mean": 47.95383705954283}, "test_regrid": {"min": 1.1149859428405762, "max": 94.20028686523438, "mean": 47.95383705954283, "std": 21.871108058389314}, "diff": {"min": -15.600757598876953, "max": 17.63418960571289, "mean": 0.3760777681057266}, "misc": {"rmse": 2.8610531734464075, "corr": 0.9918428135978171}, "unit": "%"}