{"ref": {"min": 1.0713237524032593, "max": 93.68476867675781, "mean": 47.57583948332514}, "ref_regrid": {"min": 1.0713237524032593, "max": 93.68476867675781, "mean": 47.57583948332514, "std": 22.218120277784525}, "test": {"min": 0.5266963839530945, "max": 94.20028686523438, "mean": 47.928977277885636}, "test_regrid": {"min": 0.5266963839530945, "max": 94.20028686523438, "mean": 47.928977277885636, "std": 21.883915032067208}, "diff": {"min": -15.600761413574219, "max": 17.634193420410156, "mean": 0.3531377945595202}, "misc": {"rmse": 2.8575228355855495, "corr": 0.9918462360380051}, "unit": "%"}