{"ref": {"min": 0.0, "max": 55.69413375854492, "mean": 23.263205367764368}, "ref_regrid": {"min": 0.0, "max": 55.69413375854492, "mean": 23.263205367764368, "std": 10.193919397070443}, "test": {"min": 0.0, "max": 49.80241394042969, "mean": 23.17374848068278}, "test_regrid": {"min": 0.0, "max": 49.80241394042969, "mean": 23.17374848068278, "std": 10.118643519684596}, "diff": {"min": -16.03829574584961, "max": 31.623886108398438, "mean": -0.08945688707331978}, "misc": {"rmse": 3.211934292412737, "corr": 0.9500582205784706}, "unit": "%"}