{"ref": {"min": 0.0, "max": 71.3333740234375, "mean": 14.412792443783836}, "ref_regrid": {"min": 0.0, "max": 71.3333740234375, "mean": 14.412792443783836, "std": 13.735422523410708}, "test": {"min": 0.0, "max": 86.97221374511719, "mean": 15.112342228187057}, "test_regrid": {"min": 0.0, "max": 86.97221374511719, "mean": 15.112342228187057, "std": 14.09982180847585}, "diff": {"min": -47.48538589477539, "max": 62.74504089355469, "mean": 0.6995497843998217}, "misc": {"rmse": 4.037629878146346, "corr": 0.959517375758788}, "unit": "%"}