{"ref": {"min": 5.9375505447387695, "max": 96.9496841430664, "mean": 57.294628713548356}, "ref_regrid": {"min": 5.9375505447387695, "max": 96.9496841430664, "mean": 57.294628713548356, "std": 21.143721170343568}, "test": {"min": 7.0947723388671875, "max": 96.6934585571289, "mean": 58.10597863474449}, "test_regrid": {"min": 7.0947723388671875, "max": 96.6934585571289, "mean": 58.10597863474449, "std": 20.67624309396942}, "diff": {"min": -9.438972473144531, "max": 13.336929321289062, "mean": 0.811349921196134}, "misc": {"rmse": 2.8225535154432384, "corr": 0.991891095111679}, "unit": "%"}