{"ref": {"min": 0.0, "max": 79.1552734375, "mean": 24.725769141822266}, "ref_regrid": {"min": 0.0, "max": 79.1552734375, "mean": 24.725769141822266, "std": 15.047659568805631}, "test": {"min": 0.0, "max": 82.48956298828125, "mean": 25.360019259089515}, "test_regrid": {"min": 0.0, "max": 82.48956298828125, "mean": 25.360019259089515, "std": 15.163811814887097}, "diff": {"min": -12.468360900878906, "max": 21.052413940429688, "mean": 0.6342501172673002}, "misc": {"rmse": 2.359826298421083, "corr": 0.9887084353915967}, "unit": "%"}