{"ref": {"min": 0.499372661113739, "max": 99.19530487060547, "mean": 28.397668874566175}, "ref_regrid": {"min": 0.499372661113739, "max": 99.19530487060547, "mean": 28.397668874566175, "std": 16.631726025433473}, "test": {"min": 0.15674008429050446, "max": 98.94302368164062, "mean": 29.034045418498785}, "test_regrid": {"min": 0.15674008429050446, "max": 98.94302368164062, "mean": 29.034045418498785, "std": 16.575597999739458}, "diff": {"min": -20.970699310302734, "max": 17.70567512512207, "mean": 0.6363765440271576}, "misc": {"rmse": 4.604193440708619, "corr": 0.9622924921179674}, "unit": "%"}