{"ref": {"min": 0.0, "max": 52.52130126953125, "mean": 15.590328110002933}, "ref_regrid": {"min": 0.0, "max": 52.52130126953125, "mean": 15.590328110002933, "std": 11.125053888613898}, "test": {"min": 0.0, "max": 49.542144775390625, "mean": 15.449628186497112}, "test_regrid": {"min": 0.0, "max": 49.542144775390625, "mean": 15.449628186497112, "std": 11.066722956866803}, "diff": {"min": -34.27348709106445, "max": 33.89228439331055, "mean": -0.14069992345100532}, "misc": {"rmse": 2.789461214930527, "corr": 0.9684940389710406}, "unit": "%"}