{"ref": {"min": 0.0, "max": 78.54290771484375, "mean": 23.921717309235085}, "ref_regrid": {"min": 0.0, "max": 78.54290771484375, "mean": 23.921717309235085, "std": 15.89030052209518}, "test": {"min": 0.0, "max": 81.23580169677734, "mean": 24.24559274744856}, "test_regrid": {"min": 0.0, "max": 81.23580169677734, "mean": 24.24559274744856, "std": 15.742180812502491}, "diff": {"min": -21.15302276611328, "max": 25.720794677734375, "mean": 0.3238754382517605}, "misc": {"rmse": 3.8803794658941344, "corr": 0.9701566455225435}, "unit": "%"}