{"ref": {"min": 0.0, "max": 92.21372985839844, "mean": 25.02247619726565}, "ref_regrid": {"min": 0.0, "max": 92.21372985839844, "mean": 25.02247619726565, "std": 17.192876377677887}, "test": {"min": 0.0, "max": 90.80652618408203, "mean": 26.042972135390777}, "test_regrid": {"min": 0.0, "max": 90.80652618408203, "mean": 26.042972135390777, "std": 17.443478402401293}, "diff": {"min": -50.0, "max": 62.74504089355469, "mean": 1.020495938412319}, "misc": {"rmse": 5.246086653286203, "corr": 0.9559571564522769}, "unit": "%"}