{"ref": {"min": 0.0, "max": 99.03327178955078, "mean": 47.583614601480434}, "ref_regrid": {"min": 0.0, "max": 99.03327178955078, "mean": 47.583614601480434, "std": 23.84743640642973}, "test": {"min": 0.0, "max": 99.22645568847656, "mean": 48.02143328850609}, "test_regrid": {"min": 0.0, "max": 99.22645568847656, "mean": 48.02143328850609, "std": 23.585861598873702}, "diff": {"min": -28.577526092529297, "max": 28.366981506347656, "mean": 0.437818687012689}, "misc": {"rmse": 5.268888643127425, "corr": 0.9755529577504838}, "unit": "%"}