{"ref": {"min": 0.4365200996398926, "max": 91.67881774902344, "mean": 28.639382851361958}, "ref_regrid": {"min": 0.4365200996398926, "max": 91.67881774902344, "mean": 28.639382851361958, "std": 12.813072591874512}, "test": {"min": 0.31740209460258484, "max": 91.48150634765625, "mean": 29.884288260945617}, "test_regrid": {"min": 0.31740209460258484, "max": 91.48150634765625, "mean": 29.884288260945617, "std": 13.037699578270447}, "diff": {"min": -22.64501953125, "max": 25.350732803344727, "mean": 1.244905409522305}, "misc": {"rmse": 5.193212732363774, "corr": 0.9240683696377482}, "unit": "%"}