{"ref": {"min": 0.0, "max": 92.21373748779297, "mean": 25.022475055266064}, "ref_regrid": {"min": 0.0, "max": 92.21373748779297, "mean": 25.022475055266064, "std": 17.19287782504551}, "test": {"min": 0.0, "max": 90.80652618408203, "mean": 26.04295300496989}, "test_regrid": {"min": 0.0, "max": 90.80652618408203, "mean": 26.04295300496989, "std": 17.443484822881615}, "diff": {"min": -50.0, "max": 62.74504089355469, "mean": 1.0204779501041605}, "misc": {"rmse": 5.246102428553389, "corr": 0.9559568435278873}, "unit": "%"}