{"ref": {"min": 0.0, "max": 44.91173553466797, "mean": 15.230800504391448}, "ref_regrid": {"min": 0.0, "max": 44.91173553466797, "mean": 15.230800504391448, "std": 11.56676765657574}, "test": {"min": 0.0, "max": 50.000003814697266, "mean": 15.074567018155513}, "test_regrid": {"min": 0.0, "max": 50.000003814697266, "mean": 15.074567018155513, "std": 11.595689394213714}, "diff": {"min": -40.883262634277344, "max": 40.883262634277344, "mean": -0.1562334863306963}, "misc": {"rmse": 2.8608337332384317, "corr": 0.9695837968342623}, "unit": "%"}