{"ref": {"min": 0.0, "max": 61.28360366821289, "mean": 13.956649762261904}, "ref_regrid": {"min": 0.0, "max": 61.28360366821289, "mean": 13.956649762261904, "std": 12.489614411054287}, "test": {"min": 0.0, "max": 69.27616882324219, "mean": 13.958710860839288}, "test_regrid": {"min": 0.0, "max": 69.27616882324219, "mean": 13.958710860839288, "std": 12.451455706793709}, "diff": {"min": -7.96086311340332, "max": 16.187225341796875, "mean": 0.0020610985588065014}, "misc": {"rmse": 1.7239783302778406, "corr": 0.9904489517629238}, "unit": "%"}