{"ref": {"min": 0.0, "max": 98.81952667236328, "mean": 45.585990876485}, "ref_regrid": {"min": 0.0, "max": 98.81952667236328, "mean": 45.585990876485, "std": 24.013908540301177}, "test": {"min": 0.0, "max": 99.06694793701172, "mean": 46.017346481374794}, "test_regrid": {"min": 0.0, "max": 99.06694793701172, "mean": 46.017346481374794, "std": 23.78244728914784}, "diff": {"min": -28.291122436523438, "max": 31.723350524902344, "mean": 0.43135560490115094}, "misc": {"rmse": 5.24917281004109, "corr": 0.9760867462163182}, "unit": "%"}