{"ref": {"min": 0.0, "max": 64.15980529785156, "mean": 12.920626942684507}, "ref_regrid": {"min": 0.0, "max": 64.15980529785156, "mean": 12.920626942684507, "std": 12.498854473141298}, "test": {"min": 0.0, "max": 77.15994262695312, "mean": 12.771596500587371}, "test_regrid": {"min": 0.0, "max": 77.15994262695312, "mean": 12.771596500587371, "std": 12.239240525937351}, "diff": {"min": -17.260398864746094, "max": 20.314739227294922, "mean": -0.14903044220346956}, "misc": {"rmse": 3.0817194807977133, "corr": 0.969252185651754}, "unit": "%"}