{"ref": {"min": 0.0, "max": 83.99703979492188, "mean": 13.95277574560844}, "ref_regrid": {"min": 0.0, "max": 83.99703979492188, "mean": 13.95277574560844, "std": 13.021227112240172}, "test": {"min": 0.0, "max": 81.72175598144531, "mean": 14.472897754128915}, "test_regrid": {"min": 0.0, "max": 81.72175598144531, "mean": 14.472897754128915, "std": 13.567056799619255}, "diff": {"min": -22.516510009765625, "max": 43.286617279052734, "mean": 0.5201220085118655}, "misc": {"rmse": 3.390238467550661, "corr": 0.9690782368303955}, "unit": "%"}