{"ref": {"min": 0.0, "max": 56.18808364868164, "mean": 22.536040695643546}, "ref_regrid": {"min": 0.0, "max": 56.18808364868164, "mean": 22.536040695643546, "std": 10.291233464623202}, "test": {"min": 0.0, "max": 52.71845626831055, "mean": 22.349493793536194}, "test_regrid": {"min": 0.0, "max": 52.71845626831055, "mean": 22.349493793536194, "std": 9.990693489626254}, "diff": {"min": -34.863895416259766, "max": 23.418928146362305, "mean": -0.18654690210127145}, "misc": {"rmse": 3.385653467675279, "corr": 0.9448652748118338}, "unit": "%"}