{"ref": {"min": 1.0740818977355957, "max": 99.45050048828125, "mean": 58.31550138999021}, "ref_regrid": {"min": 1.0740818977355957, "max": 99.45050048828125, "mean": 58.31550138999021, "std": 23.302626699808332}, "test": {"min": 2.0463387966156006, "max": 99.22643280029297, "mean": 59.21233588510741}, "test_regrid": {"min": 2.0463387966156006, "max": 99.22643280029297, "mean": 59.21233588510741, "std": 22.524279168239737}, "diff": {"min": -31.496429443359375, "max": 25.335247039794922, "mean": 0.8968344953180871}, "misc": {"rmse": 5.846109654708033, "corr": 0.9687860259538539}, "unit": "%"}