{"ref": {"min": 0.0, "max": 100.00000762939453, "mean": 48.207872009665074}, "ref_regrid": {"min": 0.0, "max": 100.00000762939453, "mean": 48.207872009665074, "std": 24.03181182608976}, "test": {"min": 0.0, "max": 100.0, "mean": 48.71537143310869}, "test_regrid": {"min": 0.0, "max": 100.0, "mean": 48.71537143310869, "std": 23.510034445871497}, "diff": {"min": -100.0, "max": 99.33991241455078, "mean": 0.5074994232564717}, "misc": {"rmse": 6.375127956606054, "corr": 0.9645015487874172}, "unit": "%"}