{"ref": {"min": 0.0, "max": 100.0, "mean": 16.115040685908138}, "ref_regrid": {"min": 0.0, "max": 100.0, "mean": 16.115040685908138, "std": 11.134800151026218}, "test": {"min": 0.0, "max": 100.0, "mean": 15.735122055932553}, "test_regrid": {"min": 0.0, "max": 100.0, "mean": 15.735122055932553, "std": 10.467377867056394}, "diff": {"min": -69.4086685180664, "max": 82.94337463378906, "mean": -0.3799186299173362}, "misc": {"rmse": 3.8690433935029946, "corr": 0.9383121422355255}, "unit": "%"}