{"ref": {"min": 0.0, "max": 90.10601806640625, "mean": 32.10418290892083}, "ref_regrid": {"min": 0.0, "max": 90.10601806640625, "mean": 32.10418290892083, "std": 23.7318532422743}, "test": {"min": 0.0, "max": 90.11377716064453, "mean": 32.53697980066015}, "test_regrid": {"min": 0.0, "max": 90.11377716064453, "mean": 32.53697980066015, "std": 24.30871675501979}, "diff": {"min": -21.205707550048828, "max": 26.933712005615234, "mean": 0.4327968916845897}, "misc": {"rmse": 4.040660420508852, "corr": 0.9862999639560267}, "unit": "%"}