{"ref": {"min": 0.0, "max": 80.57183837890625, "mean": 32.12550053317644}, "ref_regrid": {"min": 0.0, "max": 80.57183837890625, "mean": 32.12550053317644, "std": 23.062620573427502}, "test": {"min": 0.0, "max": 84.6678695678711, "mean": 32.279041967497825}, "test_regrid": {"min": 0.0, "max": 84.6678695678711, "mean": 32.279041967497825, "std": 23.04524686609718}, "diff": {"min": -22.347501754760742, "max": 17.840457916259766, "mean": 0.15660518943804394}, "misc": {"rmse": 3.8872119928109528, "corr": 0.9858075228055342}, "unit": "%"}