{"ref": {"min": 0.8515913486480713, "max": 48.45643997192383, "mean": 22.928952045301703}, "ref_regrid": {"min": 0.8515913486480713, "max": 48.45643997192383, "mean": 22.928952045301703, "std": 9.314715984661062}, "test": {"min": 0.5266963839530945, "max": 47.42704772949219, "mean": 22.661241771493273}, "test_regrid": {"min": 0.5266963839530945, "max": 47.42704772949219, "mean": 22.661241771493273, "std": 8.985021189899616}, "diff": {"min": -13.543670654296875, "max": 10.776815414428711, "mean": -0.26771027380774154}, "misc": {"rmse": 1.8541516106040203, "corr": 0.9805389114284606}, "unit": "%"}