{"ref": {"min": 0.0, "max": 88.77497100830078, "mean": 25.04759898706322}, "ref_regrid": {"min": 0.0, "max": 88.77497100830078, "mean": 25.04759898706322, "std": 16.28938407636685}, "test": {"min": 0.0, "max": 90.65461730957031, "mean": 25.69611506329211}, "test_regrid": {"min": 0.0, "max": 90.65461730957031, "mean": 25.69611506329211, "std": 16.607243181259545}, "diff": {"min": -20.074134826660156, "max": 43.50559997558594, "mean": 0.6485160761107949}, "misc": {"rmse": 4.459146927961394, "corr": 0.9642128904703285}, "unit": "%"}