{"ref": {"min": 0.0, "max": 61.3412971496582, "mean": 23.171474790625687}, "ref_regrid": {"min": 0.0, "max": 61.3412971496582, "mean": 23.171474790625687, "std": 10.237370569051286}, "test": {"min": 0.5381654500961304, "max": 50.64429473876953, "mean": 23.08004468143945}, "test_regrid": {"min": 0.5381654500961304, "max": 50.64429473876953, "mean": 23.08004468143945, "std": 10.129839232013017}, "diff": {"min": -20.828937530517578, "max": 35.213897705078125, "mean": -0.09143010918530468}, "misc": {"rmse": 3.201282191338918, "corr": 0.9506846797270716}, "unit": "%"}