{"ref": {"min": 0.872235894203186, "max": 51.30113220214844, "mean": 22.851020945177392}, "ref_regrid": {"min": 0.872235894203186, "max": 51.30113220214844, "mean": 22.851020945177392, "std": 9.412681862283613}, "test": {"min": 0.7461413741111755, "max": 51.124881744384766, "mean": 22.592974835192464}, "test_regrid": {"min": 0.7461413741111755, "max": 51.124881744384766, "mean": 22.592974835192464, "std": 9.051033696037436}, "diff": {"min": -13.837503433227539, "max": 13.574186325073242, "mean": -0.2580461099849284}, "misc": {"rmse": 1.8652889574354048, "corr": 0.9807386294841998}, "unit": "%"}