{"ref": {"min": 1.9310731887817383, "max": 85.78912353515625, "mean": 27.53590811912788}, "ref_regrid": {"min": 1.9310731887817383, "max": 85.78912353515625, "mean": 27.53590811912788, "std": 11.967557520146858}, "test": {"min": 1.8905582427978516, "max": 85.02177429199219, "mean": 28.352967683272126}, "test_regrid": {"min": 1.8905582427978516, "max": 85.02177429199219, "mean": 28.352967683272126, "std": 12.100376543584703}, "diff": {"min": -9.451543807983398, "max": 11.715545654296875, "mean": 0.8170595641442521}, "misc": {"rmse": 2.6016909575966474, "corr": 0.9789949356345735}, "unit": "%"}