{"ref": {"min": 1.0671155452728271, "max": 91.5658950805664, "mean": 45.527207989380805}, "ref_regrid": {"min": 1.0671155452728271, "max": 91.5658950805664, "mean": 45.527207989380805, "std": 22.36296383558996}, "test": {"min": 0.5266963839530945, "max": 92.40350341796875, "mean": 45.88361146031891}, "test_regrid": {"min": 0.5266963839530945, "max": 92.40350341796875, "mean": 45.88361146031891, "std": 22.039252940906643}, "diff": {"min": -15.387054443359375, "max": 17.235301971435547, "mean": 0.3564034709379417}, "misc": {"rmse": 2.8259188440526843, "corr": 0.9921337114610971}, "unit": "%"}