{"ref": {"min": 0.0, "max": 72.8366928100586, "mean": 13.004466560073103}, "ref_regrid": {"min": 0.0, "max": 72.8366928100586, "mean": 13.004466560073103, "std": 13.136448871437572}, "test": {"min": 0.0, "max": 76.22760009765625, "mean": 13.330636232267327}, "test_regrid": {"min": 0.0, "max": 76.22760009765625, "mean": 13.330636232267327, "std": 13.592763027967772}, "diff": {"min": -28.34992218017578, "max": 23.616249084472656, "mean": 0.3261696719721048}, "misc": {"rmse": 3.3105142647939507, "corr": 0.9701924902475206}, "unit": "%"}