{"ref": {"min": 0.0, "max": 61.35806655883789, "mean": 13.97443388188433}, "ref_regrid": {"min": 0.0, "max": 61.35806655883789, "mean": 13.97443388188433, "std": 13.44636985630099}, "test": {"min": 0.0, "max": 72.67338562011719, "mean": 14.03036434809577}, "test_regrid": {"min": 0.0, "max": 72.67338562011719, "mean": 14.03036434809577, "std": 13.427450941667024}, "diff": {"min": -16.917558670043945, "max": 18.37166976928711, "mean": 0.05593046613824332}, "misc": {"rmse": 2.7779690236957504, "corr": 0.9786385893361955}, "unit": "%"}