{"ref": {"min": 2.432565450668335, "max": 99.89996337890625, "mean": 56.71027016213705}, "ref_regrid": {"min": 2.432565450668335, "max": 99.89996337890625, "mean": 56.71027016213705, "std": 24.00931936391956}, "test": {"min": 2.122547149658203, "max": 99.67405700683594, "mean": 57.26924985376617}, "test_regrid": {"min": 2.122547149658203, "max": 99.67405700683594, "mean": 57.26924985376617, "std": 23.79961934332206}, "diff": {"min": -21.24413299560547, "max": 25.656307220458984, "mean": 0.5589796916291605}, "misc": {"rmse": 4.883923861626151, "corr": 0.9794401825334749}, "unit": "%"}