{"ref": {"min": 0.0, "max": 76.57710266113281, "mean": 22.598255936724097}, "ref_regrid": {"min": 0.0, "max": 76.57710266113281, "mean": 22.598255936724097, "std": 15.571071046182096}, "test": {"min": 0.0, "max": 79.5247573852539, "mean": 23.222369711834926}, "test_regrid": {"min": 0.0, "max": 79.5247573852539, "mean": 23.222369711834926, "std": 15.684806365347413}, "diff": {"min": -12.242546081542969, "max": 20.81169891357422, "mean": 0.6241137750967316}, "misc": {"rmse": 2.322896368689875, "corr": 0.9897772395931668}, "unit": "%"}