{"ref": {"min": 0.0, "max": 56.188079833984375, "mean": 22.536015618100077}, "ref_regrid": {"min": 0.0, "max": 56.188079833984375, "mean": 22.536015618100077, "std": 10.29128389682013}, "test": {"min": 0.0, "max": 52.71845626831055, "mean": 22.325318240473027}, "test_regrid": {"min": 0.0, "max": 52.71845626831055, "mean": 22.325318240473027, "std": 9.999136840230134}, "diff": {"min": -34.863895416259766, "max": 23.418930053710938, "mean": -0.2106973775511397}, "misc": {"rmse": 3.3846808869099534, "corr": 0.9449665402984618}, "unit": "%"}