{"ref": {"min": 0.0, "max": 60.15152359008789, "mean": 16.789023412744807}, "ref_regrid": {"min": 0.0, "max": 60.15152359008789, "mean": 16.789023412744807, "std": 12.05436435210063}, "test": {"min": 0.0, "max": 88.67922973632812, "mean": 16.585213315547527}, "test_regrid": {"min": 0.0, "max": 88.67922973632812, "mean": 16.585213315547527, "std": 11.937675169182922}, "diff": {"min": -50.0, "max": 81.76652526855469, "mean": -0.2038100973049824}, "misc": {"rmse": 3.1369322119683702, "corr": 0.9660002961931018}, "unit": "%"}