{"ref": {"min": 0.0, "max": 75.50172424316406, "mean": 21.7150186190272}, "ref_regrid": {"min": 0.0, "max": 75.50172424316406, "mean": 21.7150186190272, "std": 16.42852580367319}, "test": {"min": 0.0, "max": 78.9079818725586, "mean": 22.04610589026146}, "test_regrid": {"min": 0.0, "max": 78.9079818725586, "mean": 22.04610589026146, "std": 16.245332708382527}, "diff": {"min": -21.347354888916016, "max": 25.552644729614258, "mean": 0.33108727117829134}, "misc": {"rmse": 3.854487385067346, "corr": 0.9724342104095313}, "unit": "%"}