{"ref": {"min": 0.0, "max": 86.53136444091797, "mean": 29.793489976075307}, "ref_regrid": {"min": 0.0, "max": 86.53136444091797, "mean": 29.793489976075307, "std": 21.480141177996547}, "test": {"min": 0.0, "max": 88.67922973632812, "mean": 29.915849541653486}, "test_regrid": {"min": 0.0, "max": 88.67922973632812, "mean": 29.915849541653486, "std": 21.64926792938534}, "diff": {"min": -50.0, "max": 81.76652526855469, "mean": 0.1223595655739076}, "misc": {"rmse": 4.352040393830322, "corr": 0.9796822696969518}, "unit": "%"}