{"ref": {"min": 0.0, "max": 100.0, "mean": 23.185399592101888}, "ref_regrid": {"min": 0.0, "max": 100.0, "mean": 23.185399592101888, "std": 10.819003715701534}, "test": {"min": 0.0, "max": 100.0, "mean": 22.692786688570767}, "test_regrid": {"min": 0.0, "max": 100.0, "mean": 22.692786688570767, "std": 9.897064873353445}, "diff": {"min": -69.00284576416016, "max": 65.0, "mean": -0.4926129035570049}, "misc": {"rmse": 4.272134723789777, "corr": 0.9198773063709479}, "unit": "%"}