{"ref": {"min": 0.0, "max": 93.63912200927734, "mean": 31.173080001167534}, "ref_regrid": {"min": 0.0, "max": 93.63912200927734, "mean": 31.173080001167534, "std": 21.927740809106595}, "test": {"min": 0.0, "max": 93.98698425292969, "mean": 31.556320378238176}, "test_regrid": {"min": 0.0, "max": 93.98698425292969, "mean": 31.556320378238176, "std": 22.043664888159967}, "diff": {"min": -34.076438903808594, "max": 32.575401306152344, "mean": 0.38324037709448594}, "misc": {"rmse": 4.388429221115812, "corr": 0.9802448564365988}, "unit": "%"}