{"ref": {"min": 0.0, "max": 100.0, "mean": 32.504151147358115}, "ref_regrid": {"min": 0.0, "max": 100.0, "mean": 32.504151147358115, "std": 22.005095697537804}, "test": {"min": 0.0, "max": 100.0, "mean": 32.8271089550773}, "test_regrid": {"min": 0.0, "max": 100.0, "mean": 32.8271089550773, "std": 21.54114779855634}, "diff": {"min": -80.0, "max": 99.33991241455078, "mean": 0.3229578078473601}, "misc": {"rmse": 5.36303650650638, "corr": 0.9699981958809546}, "unit": "%"}