{"ref": {"min": 0.0, "max": 67.99637603759766, "mean": 26.155480839829195}, "ref_regrid": {"min": 0.0, "max": 67.99637603759766, "mean": 26.155480839829195, "std": 18.173745883125846}, "test": {"min": 0.0, "max": 69.43611145019531, "mean": 26.141520086437023}, "test_regrid": {"min": 0.0, "max": 69.43611145019531, "mean": 26.141520086437023, "std": 18.16059945416739}, "diff": {"min": -24.907508850097656, "max": 20.863094329833984, "mean": -0.01396075328682692}, "misc": {"rmse": 3.711078870647578, "corr": 0.9791366454773828}, "unit": "%"}