{"ref": {"min": 0.0, "max": 79.1552734375, "mean": 24.726738336894673}, "ref_regrid": {"min": 0.0, "max": 79.1552734375, "mean": 24.726738336894673, "std": 15.046089864096038}, "test": {"min": 0.0, "max": 82.48956298828125, "mean": 25.36086222463911}, "test_regrid": {"min": 0.0, "max": 82.48956298828125, "mean": 25.36086222463911, "std": 15.162437477646762}, "diff": {"min": -12.468362808227539, "max": 21.05240821838379, "mean": 0.634123887743769}, "misc": {"rmse": 2.3599159527883913, "corr": 0.9887050552616246}, "unit": "%"}