{"ref": {"min": 0.0, "max": 99.30186462402344, "mean": 47.08681116146677}, "ref_regrid": {"min": 0.0, "max": 99.30186462402344, "mean": 47.08681116146677, "std": 24.518788711468567}, "test": {"min": 0.0, "max": 98.2848129272461, "mean": 47.23014664883541}, "test_regrid": {"min": 0.0, "max": 98.2848129272461, "mean": 47.23014664883541, "std": 24.390537619313097}, "diff": {"min": -78.0225830078125, "max": 81.76652526855469, "mean": 0.14333548743326965}, "misc": {"rmse": 5.743188397064076, "corr": 0.97245337534582}, "unit": "%"}