{"ref": {"min": 0.0, "max": 58.3001594543457, "mean": 12.98879069961802}, "ref_regrid": {"min": 0.0, "max": 58.3001594543457, "mean": 12.98879069961802, "std": 12.284694250018505}, "test": {"min": 0.0, "max": 62.0878791809082, "mean": 13.013525403623612}, "test_regrid": {"min": 0.0, "max": 62.0878791809082, "mean": 13.013525403623612, "std": 11.98067535151264}, "diff": {"min": -20.755022048950195, "max": 20.658679962158203, "mean": 0.024734704001438197}, "misc": {"rmse": 2.7273129308241955, "corr": 0.975046712641301}, "unit": "%"}