{"ref": {"min": 2.6881284713745117, "max": 98.10774993896484, "mean": 56.87666128281107}, "ref_regrid": {"min": 2.6881284713745117, "max": 98.10774993896484, "mean": 56.87666128281107, "std": 22.956389408565354}, "test": {"min": 2.891014337539673, "max": 98.57320404052734, "mean": 57.74695453263162}, "test_regrid": {"min": 2.891014337539673, "max": 98.57320404052734, "mean": 57.74695453263162, "std": 22.266182346059963}, "diff": {"min": -22.870014190673828, "max": 26.394859313964844, "mean": 0.8702932499122281}, "misc": {"rmse": 5.374032394526134, "corr": 0.972956699942809}, "unit": "%"}