{"ref": {"min": 5.101232051849365, "max": 97.85694122314453, "mean": 57.27608204920027}, "ref_regrid": {"min": 5.101232051849365, "max": 97.85694122314453, "mean": 57.27608204920027, "std": 22.361463481465798}, "test": {"min": 5.8938798904418945, "max": 97.61727142333984, "mean": 58.1953742476514}, "test_regrid": {"min": 5.8938798904418945, "max": 97.61727142333984, "mean": 58.1953742476514, "std": 22.23530631154592}, "diff": {"min": -22.446197509765625, "max": 25.57769012451172, "mean": 0.9192921984545546}, "misc": {"rmse": 4.9704868465495915, "corr": 0.9760216663962822}, "unit": "%"}