{"ref": {"min": 0.0, "max": 100.0, "mean": 27.722989775374398}, "ref_regrid": {"min": 0.0, "max": 100.0, "mean": 27.722989775374398, "std": 18.63203910939562}, "test": {"min": 0.0, "max": 100.0, "mean": 27.883805286383534}, "test_regrid": {"min": 0.0, "max": 100.0, "mean": 27.883805286383534, "std": 18.347126601022676}, "diff": {"min": -77.0, "max": 82.27814483642578, "mean": 0.1608155111498725}, "misc": {"rmse": 5.0235669112049814, "corr": 0.9632446970069825}, "unit": "%"}