{"ref": {"min": 0.0, "max": 81.61027526855469, "mean": 32.994355861198784}, "ref_regrid": {"min": 0.0, "max": 81.61027526855469, "mean": 32.994355861198784, "std": 22.17626607059756}, "test": {"min": 0.0, "max": 82.22880554199219, "mean": 33.37525578007897}, "test_regrid": {"min": 0.0, "max": 82.22880554199219, "mean": 33.37525578007897, "std": 22.263340580881728}, "diff": {"min": -8.973350524902344, "max": 10.360092163085938, "mean": 0.38968418184561804}, "misc": {"rmse": 2.2079954700483686, "corr": 0.9952230843883326}, "unit": "%"}