{"ref": {"min": 0.0, "max": 100.00000762939453, "mean": 46.18951052367051}, "ref_regrid": {"min": 0.0, "max": 100.00000762939453, "mean": 46.18951052367051, "std": 24.18200354258276}, "test": {"min": 0.0, "max": 100.0, "mean": 46.68390814608588}, "test_regrid": {"min": 0.0, "max": 100.0, "mean": 46.68390814608588, "std": 23.644514486070715}, "diff": {"min": -100.0, "max": 99.33991241455078, "mean": 0.49439762263453424}, "misc": {"rmse": 6.375492743925722, "corr": 0.9649216795700378}, "unit": "%"}