{"ref": {"min": 0.0638423040509224, "max": 93.48088836669922, "mean": 26.20873844606611}, "ref_regrid": {"min": 0.0638423040509224, "max": 93.48088836669922, "mean": 26.20873844606611, "std": 15.487759869222044}, "test": {"min": 0.03879459574818611, "max": 92.85494995117188, "mean": 26.87005583557799}, "test_regrid": {"min": 0.03879459574818611, "max": 92.85494995117188, "mean": 26.87005583557799, "std": 15.784941132797872}, "diff": {"min": -30.69204330444336, "max": 24.93282699584961, "mean": 0.6613173899568165}, "misc": {"rmse": 5.668654710727111, "corr": 0.9353549475132158}, "unit": "%"}