{"ref": {"min": 0.19645243883132935, "max": 42.28575134277344, "mean": 17.307195165395385}, "ref_regrid": {"min": 0.19645243883132935, "max": 42.28575134277344, "mean": 17.307195165395385, "std": 10.46281485492487}, "test": {"min": 0.3667856454849243, "max": 41.734832763671875, "mean": 17.123106257586738}, "test_regrid": {"min": 0.3667856454849243, "max": 41.734832763671875, "mean": 17.123106257586738, "std": 10.171298698917331}, "diff": {"min": -13.790809631347656, "max": 9.59476089477539, "mean": -0.18408890780635934}, "misc": {"rmse": 1.695977613555937, "corr": 0.9870444518589706}, "unit": "%"}