{"ref": {"min": 0.0, "max": 64.17640686035156, "mean": 11.607949093673481}, "ref_regrid": {"min": 0.0, "max": 64.17640686035156, "mean": 11.607949093673481, "std": 9.951890094132995}, "test": {"min": 0.0, "max": 61.97222137451172, "mean": 12.148683220394757}, "test_regrid": {"min": 0.0, "max": 61.97222137451172, "mean": 12.148683220394757, "std": 10.213659967314683}, "diff": {"min": -33.71328353881836, "max": 50.0, "mean": 0.5407341266243415}, "misc": {"rmse": 3.2831399100322423, "corr": 0.9487526753726526}, "unit": "%"}