{"ref": {"min": 0.0, "max": 88.57597351074219, "mean": 23.003038325317952}, "ref_regrid": {"min": 0.0, "max": 88.57597351074219, "mean": 23.003038325317952, "std": 16.758716962133136}, "test": {"min": 0.0, "max": 89.72614288330078, "mean": 23.621435481180423}, "test_regrid": {"min": 0.0, "max": 89.72614288330078, "mean": 23.621435481180423, "std": 17.092021453042534}, "diff": {"min": -20.03701400756836, "max": 43.652706146240234, "mean": 0.6183971559832215}, "misc": {"rmse": 4.427740774967414, "corr": 0.9666398590876032}, "unit": "%"}