{"ref": {"min": 0.0, "max": 100.0, "mean": 23.288357274502424}, "ref_regrid": {"min": 0.0, "max": 100.0, "mean": 23.288357274502424, "std": 10.685699935817848}, "test": {"min": 0.0, "max": 100.0, "mean": 22.78451905704317}, "test_regrid": {"min": 0.0, "max": 100.0, "mean": 22.78451905704317, "std": 9.81457411641716}, "diff": {"min": -69.00284576416016, "max": 65.0, "mean": -0.5038382174489396}, "misc": {"rmse": 4.2777543218167144, "corr": 0.917585835356995}, "unit": "%"}