{"ref": {"min": 0.0, "max": 84.76119995117188, "mean": 24.449192709875412}, "ref_regrid": {"min": 0.0, "max": 84.76119995117188, "mean": 24.449192709875412, "std": 17.081889040257554}, "test": {"min": 0.0, "max": 86.9643783569336, "mean": 24.965253322624424}, "test_regrid": {"min": 0.0, "max": 86.9643783569336, "mean": 24.965253322624424, "std": 17.54514323900368}, "diff": {"min": -63.4017219543457, "max": 50.0, "mean": 0.5160606127479296}, "misc": {"rmse": 4.574892524039367, "corr": 0.9658851648180081}, "unit": "%"}