{"ref": {"min": 0.0, "max": 80.0323715209961, "mean": 22.69107587463962}, "ref_regrid": {"min": 0.0, "max": 80.0323715209961, "mean": 22.69107587463962, "std": 11.278245020538888}, "test": {"min": 0.0, "max": 93.33049011230469, "mean": 22.320543555904823}, "test_regrid": {"min": 0.0, "max": 93.33049011230469, "mean": 22.320543555904823, "std": 10.987882524278765}, "diff": {"min": -65.0, "max": 81.76652526855469, "mean": -0.37053231871983894}, "misc": {"rmse": 3.6459419681319356, "corr": 0.9472608818157039}, "unit": "%"}