{"ref": {"min": 60.63250732421875, "max": 441.64752197265625, "mean": 326.8679966200968}, "ref_regrid": {"min": 60.63250732421875, "max": 441.64752197265625, "mean": 326.8679966200968, "std": 73.95556991131274}, "test": {"min": 58.392574310302734, "max": 446.05987548828125, "mean": 327.6117109610545}, "test_regrid": {"min": 58.392574310302734, "max": 446.05987548828125, "mean": 327.6117109610545, "std": 74.11463629213084}, "diff": {"min": -14.286407470703125, "max": 21.976959228515625, "mean": 0.7437143409577048}, "misc": {"rmse": 3.2739376604664185, "corr": 0.9990749951696191}, "unit": "W/m2"}