{"ref": {"min": 64.1667709350586, "max": 445.2763366699219, "mean": 352.67931139926856}, "ref_regrid": {"min": 64.1667709350586, "max": 445.2763366699219, "mean": 352.67931139926856, "std": 62.58517532978206}, "test": {"min": 63.28712463378906, "max": 448.8220520019531, "mean": 353.15907155299186}, "test_regrid": {"min": 63.28712463378906, "max": 448.8220520019531, "mean": 353.15907155299186, "std": 62.66721370990779}, "diff": {"min": -23.85980224609375, "max": 25.520660400390625, "mean": 0.4797601537232859}, "misc": {"rmse": 3.9792947656448874, "corr": 0.9980115081460316}, "unit": "W/m2"}