{"ref": {"min": 69.62494659423828, "max": 430.8397521972656, "mean": 344.4240664580581}, "ref_regrid": {"min": 69.62494659423828, "max": 430.8397521972656, "mean": 344.4240664580581, "std": 65.35735261683146}, "test": {"min": 71.85063934326172, "max": 430.8697509765625, "mean": 344.55637886332374}, "test_regrid": {"min": 71.85063934326172, "max": 430.8697509765625, "mean": 344.55637886332374, "std": 66.12332246787258}, "diff": {"min": -31.391372680664062, "max": 23.572479248046875, "mean": 0.1323124052656075}, "misc": {"rmse": 4.098667665088319, "corr": 0.9981263084754235}, "unit": "W/m2"}