{"ref": {"min": 65.53256225585938, "max": 419.51043701171875, "mean": 317.1857842086298}, "ref_regrid": {"min": 65.53256225585938, "max": 419.51043701171875, "mean": 317.1857842086298, "std": 78.62443835386}, "test": {"min": 66.28950500488281, "max": 419.83404541015625, "mean": 317.7380456742749}, "test_regrid": {"min": 66.28950500488281, "max": 419.83404541015625, "mean": 317.7380456742749, "std": 79.14432334032855}, "diff": {"min": -21.278488159179688, "max": 14.955535888671875, "mean": 0.5522614656450574}, "misc": {"rmse": 2.97059709372219, "corr": 0.9993371686715732}, "unit": "W/m2"}