{"ref": {"min": 93.9210433959961, "max": 427.6583251953125, "mean": 338.8783262692777}, "ref_regrid": {"min": 93.9210433959961, "max": 427.6583251953125, "mean": 338.8783262692777, "std": 69.0329767802345}, "test": {"min": 88.51010131835938, "max": 429.1811218261719, "mean": 339.2460074776929}, "test_regrid": {"min": 88.51010131835938, "max": 429.1811218261719, "mean": 339.2460074776929, "std": 70.67846182949472}, "diff": {"min": -26.292999267578125, "max": 25.04461669921875, "mean": 0.3676812084152847}, "misc": {"rmse": 5.329488024959793, "corr": 0.9973806234968998}, "unit": "W/m2"}