{"ref": {"min": 68.26902770996094, "max": 429.4424743652344, "mean": 345.2630449949216}, "ref_regrid": {"min": 68.26902770996094, "max": 429.4424743652344, "mean": 345.2630449949216, "std": 63.747972445711305}, "test": {"min": 70.96097564697266, "max": 431.34942626953125, "mean": 345.96633116628726}, "test_regrid": {"min": 70.96097564697266, "max": 431.34942626953125, "mean": 345.96633116628726, "std": 63.3331507496041}, "diff": {"min": -26.048248291015625, "max": 25.840728759765625, "mean": 0.7032861713656455}, "misc": {"rmse": 4.893077462359385, "corr": 0.9971174825140571}, "unit": "W/m2"}