{"ref": {"min": 74.20149230957031, "max": 424.8103942871094, "mean": 345.31118730950203}, "ref_regrid": {"min": 74.20149230957031, "max": 424.8103942871094, "mean": 345.31118730950203, "std": 62.34367058367919}, "test": {"min": 73.66731262207031, "max": 427.3432922363281, "mean": 345.7319471852738}, "test_regrid": {"min": 73.66731262207031, "max": 427.3432922363281, "mean": 345.7319471852738, "std": 62.84187526360071}, "diff": {"min": -12.333740234375, "max": 14.764541625976562, "mean": 0.4207598757718067}, "misc": {"rmse": 2.6792221493390067, "corr": 0.9991381651523533}, "unit": "W/m2"}