{"ref": {"min": 66.95472717285156, "max": 414.5936279296875, "mean": 317.51924511272534}, "ref_regrid": {"min": 66.95472717285156, "max": 414.5936279296875, "mean": 317.51924511272534, "std": 75.43020735452676}, "test": {"min": 66.20761108398438, "max": 416.3906555175781, "mean": 318.22406533842104}, "test_regrid": {"min": 66.20761108398438, "max": 416.3906555175781, "mean": 318.22406533842104, "std": 75.75402530607684}, "diff": {"min": -8.16259765625, "max": 12.0972900390625, "mean": 0.7048202256956668}, "misc": {"rmse": 2.1813964834429966, "corr": 0.9996362655527077}, "unit": "W/m2"}