{"ref": {"min": 63.488407135009766, "max": 415.887939453125, "mean": 317.5469667185531}, "ref_regrid": {"min": 63.488407135009766, "max": 415.887939453125, "mean": 317.5469667185531, "std": 76.9405331919129}, "test": {"min": 65.08035278320312, "max": 415.9744873046875, "mean": 318.5183925087926}, "test_regrid": {"min": 65.08035278320312, "max": 415.9744873046875, "mean": 318.5183925087926, "std": 76.48408097054362}, "diff": {"min": -21.67132568359375, "max": 22.598251342773438, "mean": 0.9714257902394414}, "misc": {"rmse": 4.1398847240253565, "corr": 0.9986416845598804}, "unit": "W/m2"}