{"ref": {"min": 85.84519958496094, "max": 419.00079345703125, "mean": 310.56399781807227}, "ref_regrid": {"min": 85.84519958496094, "max": 419.00079345703125, "mean": 310.56399781807227, "std": 81.74058889234868}, "test": {"min": 81.62820434570312, "max": 420.61724853515625, "mean": 311.1793737253898}, "test_regrid": {"min": 81.62820434570312, "max": 420.61724853515625, "mean": 311.1793737253898, "std": 82.83907720991415}, "diff": {"min": -17.064544677734375, "max": 18.2198486328125, "mean": 0.6153759073175452}, "misc": {"rmse": 3.866884564577383, "corr": 0.9990129367806037}, "unit": "W/m2"}