{"ref": {"min": 46.27388381958008, "max": 172.5535430908203, "mean": 80.70277201315005}, "ref_regrid": {"min": 46.27388381958008, "max": 172.5535430908203, "mean": 80.70277201315005, "std": 15.61102029957228}, "test": {"min": 46.91181182861328, "max": 164.68017578125, "mean": 79.58950632856555}, "test_regrid": {"min": 46.91181182861328, "max": 164.68017578125, "mean": 79.58950632856555, "std": 15.14256589630256}, "diff": {"min": -17.482643127441406, "max": 10.930442810058594, "mean": -1.1132656845845237}, "misc": {"rmse": 2.963616680682076, "corr": 0.9845082577318146}, "unit": "W/m2"}