{"ref": {"min": 12.358139991760254, "max": 151.00233459472656, "mean": 54.04709170092358}, "ref_regrid": {"min": 12.358139991760254, "max": 151.00233459472656, "mean": 54.04709170092358, "std": 19.643203454644006}, "test": {"min": 15.708847999572754, "max": 146.1068572998047, "mean": 53.48000449998053}, "test_regrid": {"min": 15.708847999572754, "max": 146.1068572998047, "mean": 53.48000449998053, "std": 18.644125728550065}, "diff": {"min": -13.355262756347656, "max": 9.374961853027344, "mean": -0.5670872009430363}, "misc": {"rmse": 2.3268834394248894, "corr": 0.9944097447058945}, "unit": "W/m2"}