{"ref": {"min": 9.800562858581543, "max": 168.62669372558594, "mean": 52.849205099926415}, "ref_regrid": {"min": 9.800562858581543, "max": 168.62669372558594, "mean": 52.849205099926415, "std": 21.21939887337289}, "test": {"min": 10.821765899658203, "max": 157.58892822265625, "mean": 51.978744167496586}, "test_regrid": {"min": 10.821765899658203, "max": 157.58892822265625, "mean": 51.978744167496586, "std": 19.900743914495926}, "diff": {"min": -24.58263397216797, "max": 16.15105438232422, "mean": -0.8704609324298208}, "misc": {"rmse": 4.131187754507158, "corr": 0.9827482995555341}, "unit": "W/m2"}