{"ref": {"min": 11.692100524902344, "max": 149.7579803466797, "mean": 54.335272931499574}, "ref_regrid": {"min": 11.692100524902344, "max": 149.7579803466797, "mean": 54.335272931499574, "std": 20.657987973841628}, "test": {"min": 11.896672248840332, "max": 144.10255432128906, "mean": 54.04689145484934}, "test_regrid": {"min": 11.896672248840332, "max": 144.10255432128906, "mean": 54.04689145484934, "std": 20.228120180708544}, "diff": {"min": -16.822425842285156, "max": 16.01610565185547, "mean": -0.28838147665024727}, "misc": {"rmse": 3.4531261842353986, "corr": 0.9860529988727538}, "unit": "W/m2"}