{"ref": {"min": 29.578657150268555, "max": 160.0284881591797, "mean": 79.97037829773879}, "ref_regrid": {"min": 29.578657150268555, "max": 160.0284881591797, "mean": 79.97037829773879, "std": 18.652447043302896}, "test": {"min": 31.284109115600586, "max": 156.18292236328125, "mean": 79.2109948020894}, "test_regrid": {"min": 31.284109115600586, "max": 156.18292236328125, "mean": 79.2109948020894, "std": 17.887413868569638}, "diff": {"min": -23.635826110839844, "max": 14.70819091796875, "mean": -0.7593834956494082}, "misc": {"rmse": 2.8966700403703975, "corr": 0.9891669603180001}, "unit": "W/m2"}