{"ref": {"min": 47.222740173339844, "max": 155.70944213867188, "mean": 80.77352559369048}, "ref_regrid": {"min": 47.222740173339844, "max": 155.70944213867188, "mean": 80.77352559369048, "std": 14.245681545490855}, "test": {"min": 46.96261978149414, "max": 151.3453826904297, "mean": 79.90866200992605}, "test_regrid": {"min": 46.96261978149414, "max": 151.3453826904297, "mean": 79.90866200992605, "std": 13.769523878711754}, "diff": {"min": -10.972633361816406, "max": 5.087432861328125, "mean": -0.8648635837644569}, "misc": {"rmse": 1.7812313027252213, "corr": 0.9943971456801824}, "unit": "W/m2"}