{"ref": {"min": 44.85615539550781, "max": 169.18492126464844, "mean": 81.43993161962574}, "ref_regrid": {"min": 44.85615539550781, "max": 169.18492126464844, "mean": 81.43993161962574, "std": 15.50790318872705}, "test": {"min": 44.855438232421875, "max": 165.68870544433594, "mean": 80.59843869040044}, "test_regrid": {"min": 44.855438232421875, "max": 165.68870544433594, "mean": 80.59843869040044, "std": 14.640764384594151}, "diff": {"min": -23.332260131835938, "max": 14.109909057617188, "mean": -0.8414929292253158}, "misc": {"rmse": 3.253933818659653, "corr": 0.9798983848627578}, "unit": "W/m2"}