{"ref": {"min": 12.259936332702637, "max": 166.24612426757812, "mean": 54.361420664783275}, "ref_regrid": {"min": 12.259936332702637, "max": 166.24612426757812, "mean": 54.361420664783275, "std": 20.82256530860835}, "test": {"min": 13.493951797485352, "max": 161.25767517089844, "mean": 53.76079940189007}, "test_regrid": {"min": 13.493951797485352, "max": 161.25767517089844, "mean": 53.76079940189007, "std": 19.5195937663285}, "diff": {"min": -27.32839584350586, "max": 24.075843811035156, "mean": -0.6006212628932084}, "misc": {"rmse": 4.3284089872376486, "corr": 0.9794849001877205}, "unit": "W/m2"}