{"ref": {"min": 34.68135452270508, "max": 151.98695373535156, "mean": 80.98102045546553}, "ref_regrid": {"min": 34.68135452270508, "max": 151.98695373535156, "mean": 80.98102045546553, "std": 15.92769035132901}, "test": {"min": 37.04042434692383, "max": 148.38169860839844, "mean": 80.23570817666506}, "test_regrid": {"min": 37.04042434692383, "max": 148.38169860839844, "mean": 80.23570817666506, "std": 15.856747420107371}, "diff": {"min": -11.854042053222656, "max": 11.418106079101562, "mean": -0.7453122788004777}, "misc": {"rmse": 2.4206926232755515, "corr": 0.9895090257996138}, "unit": "W/m2"}