{"ref": {"min": 2.1775963306427, "max": 157.77552795410156, "mean": 54.64246808425958}, "ref_regrid": {"min": 2.1775963306427, "max": 157.77552795410156, "mean": 54.64246808425958, "std": 23.415942641076867}, "test": {"min": 4.0662336349487305, "max": 153.11106872558594, "mean": 54.1335829419068}, "test_regrid": {"min": 4.0662336349487305, "max": 153.11106872558594, "mean": 54.1335829419068, "std": 22.57224422518989}, "diff": {"min": -25.32042694091797, "max": 17.648178100585938, "mean": -0.508885142352784}, "misc": {"rmse": 3.863500686583066, "corr": 0.9867979983964766}, "unit": "W/m2"}