{"ref": {"min": 156.76759338378906, "max": 314.0604248046875, "mean": 262.0141043229248}, "ref_regrid": {"min": 156.76759338378906, "max": 314.0604248046875, "mean": 262.0141043229248, "std": 32.25357646804705}, "test": {"min": 153.10140991210938, "max": 311.5494689941406, "mean": 260.88522798445433}, "test_regrid": {"min": 153.10140991210938, "max": 311.5494689941406, "mean": 260.88522798445433, "std": 32.51569937095421}, "diff": {"min": -11.015518188476562, "max": 8.422149658203125, "mean": -1.1288763384704932}, "misc": {"rmse": 2.512311772216603, "corr": 0.9976311552769102}, "unit": "W/m2"}