{"ref": {"min": 111.9739761352539, "max": 313.2637023925781, "mean": 263.66849094345207}, "ref_regrid": {"min": 111.9739761352539, "max": 313.2637023925781, "mean": 263.66849094345207, "std": 31.61517472949274}, "test": {"min": 114.1560287475586, "max": 312.4001770019531, "mean": 262.6728358640479}, "test_regrid": {"min": 114.1560287475586, "max": 312.4001770019531, "mean": 262.6728358640479, "std": 31.497387503465273}, "diff": {"min": -9.310043334960938, "max": 8.705184936523438, "mean": -0.9956550794040265}, "misc": {"rmse": 2.206569385109946, "corr": 0.9980599701813418}, "unit": "W/m2"}