{"ref": {"min": 100.86283874511719, "max": 331.49981689453125, "mean": 267.1811403602579}, "ref_regrid": {"min": 100.86283874511719, "max": 331.49981689453125, "mean": 267.1811403602579, "std": 31.65390575583736}, "test": {"min": 99.50275421142578, "max": 328.0628356933594, "mean": 266.02019767820366}, "test_regrid": {"min": 99.50275421142578, "max": 328.0628356933594, "mean": 266.02019767820366, "std": 31.410977858711377}, "diff": {"min": -10.0799560546875, "max": 8.42010498046875, "mean": -1.160942682054247}, "misc": {"rmse": 2.1259297492211435, "corr": 0.9984346586041498}, "unit": "W/m2"}