{"ref": {"min": 101.76155090332031, "max": 329.674072265625, "mean": 243.6736130009754}, "ref_regrid": {"min": 101.76155090332031, "max": 329.674072265625, "mean": 243.6736130009754, "std": 36.19654280292764}, "test": {"min": 100.70748138427734, "max": 322.3250427246094, "mean": 241.95414428431482}, "test_regrid": {"min": 100.70748138427734, "max": 322.3250427246094, "mean": 241.95414428431482, "std": 35.939030217875775}, "diff": {"min": -31.297576904296875, "max": 28.274398803710938, "mean": -1.7194687166606748}, "misc": {"rmse": 5.5028427937096245, "corr": 0.9895230029881461}, "unit": "W/m2"}