{"ref": {"min": 119.48538208007812, "max": 305.0117492675781, "mean": 241.4652073140453}, "ref_regrid": {"min": 119.48538208007812, "max": 305.0117492675781, "mean": 241.4652073140453, "std": 33.803280227183535}, "test": {"min": 120.84609985351562, "max": 302.4691162109375, "mean": 239.8311252569617}, "test_regrid": {"min": 120.84609985351562, "max": 302.4691162109375, "mean": 239.8311252569617, "std": 33.19607983743878}, "diff": {"min": -32.31507873535156, "max": 21.871124267578125, "mean": -1.634082057083608}, "misc": {"rmse": 5.820776097142228, "corr": 0.986257232961323}, "unit": "W/m2"}