{"ref": {"min": 122.1480712890625, "max": 303.46942138671875, "mean": 264.3185991915965}, "ref_regrid": {"min": 122.1480712890625, "max": 303.46942138671875, "mean": 264.3185991915965, "std": 29.95054975678954}, "test": {"min": 122.07003021240234, "max": 301.14971923828125, "mean": 263.252177608319}, "test_regrid": {"min": 122.07003021240234, "max": 301.14971923828125, "mean": 263.252177608319, "std": 29.73043846692194}, "diff": {"min": -5.481719970703125, "max": 3.590789794921875, "mean": -1.0664215832774404}, "misc": {"rmse": 1.4892578539216477, "corr": 0.9994204091249218}, "unit": "W/m2"}