{"ref": {"min": 118.9878921508789, "max": 308.142333984375, "mean": 264.41066118214604}, "ref_regrid": {"min": 118.9878921508789, "max": 308.142333984375, "mean": 264.41066118214604, "std": 30.48289637600372}, "test": {"min": 120.23481750488281, "max": 305.9749450683594, "mean": 263.4304489098333}, "test_regrid": {"min": 120.23481750488281, "max": 305.9749450683594, "mean": 263.4304489098333, "std": 29.885115070715703}, "diff": {"min": -9.831466674804688, "max": 7.3971405029296875, "mean": -0.9802122723127589}, "misc": {"rmse": 2.3282595552508614, "corr": 0.9977482422435963}, "unit": "W/m2"}