{"ref": {"min": 154.4710693359375, "max": 312.6545104980469, "mean": 239.5006876698174}, "ref_regrid": {"min": 154.4710693359375, "max": 312.6545104980469, "mean": 239.5006876698174, "std": 34.71611943849012}, "test": {"min": 149.96914672851562, "max": 307.9465637207031, "mean": 237.78449760558345}, "test_regrid": {"min": 149.96914672851562, "max": 307.9465637207031, "mean": 237.78449760558345, "std": 34.664340435412086}, "diff": {"min": -36.35896301269531, "max": 40.239044189453125, "mean": -1.716190064233938}, "misc": {"rmse": 6.576998370943366, "corr": 0.983252228419326}, "unit": "W/m2"}