{"ref": {"min": 122.53173065185547, "max": 297.24127197265625, "mean": 241.181064299076}, "ref_regrid": {"min": 122.53173065185547, "max": 297.24127197265625, "mean": 241.181064299076, "std": 32.012693570887585}, "test": {"min": 122.7623062133789, "max": 294.97674560546875, "mean": 239.45259932583446}, "test_regrid": {"min": 122.7623062133789, "max": 294.97674560546875, "mean": 239.45259932583446, "std": 31.626724902679697}, "diff": {"min": -14.526473999023438, "max": 9.103744506835938, "mean": -1.7284649732415476}, "misc": {"rmse": 3.3215353444843383, "corr": 0.9961005568844371}, "unit": "W/m2"}