{"ref": {"min": 112.78977966308594, "max": 306.18707275390625, "mean": 240.08474921721591}, "ref_regrid": {"min": 112.78977966308594, "max": 306.18707275390625, "mean": 240.08474921721591, "std": 33.96355265473793}, "test": {"min": 115.3756332397461, "max": 301.8477478027344, "mean": 238.24062994277796}, "test_regrid": {"min": 115.3756332397461, "max": 301.8477478027344, "mean": 238.24062994277796, "std": 34.008484899191444}, "diff": {"min": -36.58502197265625, "max": 24.486480712890625, "mean": -1.8441192744379724}, "misc": {"rmse": 5.756199840148559, "corr": 0.9871299647686426}, "unit": "W/m2"}