{"ref": {"min": 118.958740234375, "max": 323.5604553222656, "mean": 243.5397552940684}, "ref_regrid": {"min": 118.958740234375, "max": 323.5604553222656, "mean": 243.5397552940684, "std": 50.08950173625328}, "test": {"min": 119.95808410644531, "max": 324.0478820800781, "mean": 243.51962411200108}, "test_regrid": {"min": 119.95808410644531, "max": 324.0478820800781, "mean": 243.51962411200108, "std": 50.163900664082256}, "diff": {"min": -7.550079345703125, "max": 8.969223022460938, "mean": -0.020131182067352624}, "misc": {"rmse": 0.9189698277503664, "corr": 0.9998331334768493}, "unit": "W/m2"}