{"ref": {"min": 4.348249912261963, "max": 355.1075439453125, "mean": 190.99872752112685}, "ref_regrid": {"min": 4.348249912261963, "max": 355.1075439453125, "mean": 190.99872752112685, "std": 73.29593376838143}, "test": {"min": 5.419876575469971, "max": 354.0487365722656, "mean": 190.3764143593918}, "test_regrid": {"min": 5.419876575469971, "max": 354.0487365722656, "mean": 190.3764143593918, "std": 72.91671416244718}, "diff": {"min": -36.357078552246094, "max": 37.4989013671875, "mean": -0.6223131617350562}, "misc": {"rmse": 7.936777647906399, "corr": 0.9941564809240321}, "unit": "W/m2"}