{"ref": {"min": 10.92508316040039, "max": 341.1412048339844, "mean": 189.04516416506377}, "ref_regrid": {"min": 10.92508316040039, "max": 341.1412048339844, "mean": 189.04516416506377, "std": 76.44696284003942}, "test": {"min": 10.988493919372559, "max": 335.1605529785156, "mean": 188.4040724348865}, "test_regrid": {"min": 10.988493919372559, "max": 335.1605529785156, "mean": 188.4040724348865, "std": 76.27448368068671}, "diff": {"min": -34.12452697753906, "max": 40.81394958496094, "mean": -0.64109173017729}, "misc": {"rmse": 7.802498921779103, "corr": 0.9948174647155335}, "unit": "W/m2"}