{"ref": {"min": 48.10824966430664, "max": 307.40771484375, "mean": 188.66384317738627}, "ref_regrid": {"min": 48.10824966430664, "max": 307.40771484375, "mean": 188.66384317738627, "std": 61.035892750750364}, "test": {"min": 47.41223907470703, "max": 305.9743347167969, "mean": 187.85441390992497}, "test_regrid": {"min": 47.41223907470703, "max": 305.9743347167969, "mean": 187.85441390992497, "std": 60.94656633188191}, "diff": {"min": -17.618362426757812, "max": 18.633041381835938, "mean": -0.8094292674612541}, "misc": {"rmse": 4.404307113827575, "corr": 0.9974818373369122}, "unit": "W/m2"}