{"ref": {"min": 0.0, "max": 400.4013671875, "mean": 195.3792951989506}, "ref_regrid": {"min": 0.0, "max": 400.4013671875, "mean": 195.3792951989506, "std": 95.8482577167471}, "test": {"min": 0.0, "max": 393.04547119140625, "mean": 193.79616475857523}, "test_regrid": {"min": 0.0, "max": 393.04547119140625, "mean": 193.79616475857523, "std": 95.11084514600923}, "diff": {"min": -40.91912841796875, "max": 57.29789733886719, "mean": -1.583130440375293}, "misc": {"rmse": 9.420801899601555, "corr": 0.9952995025810711}, "unit": "W/m2"}