{"ref": {"min": 14.089232444763184, "max": 366.466064453125, "mean": 242.65720081322075}, "ref_regrid": {"min": 14.089232444763184, "max": 366.466064453125, "mean": 242.65720081322075, "std": 73.08522622260644}, "test": {"min": 14.012608528137207, "max": 366.3688659667969, "mean": 242.54045305238344}, "test_regrid": {"min": 14.012608528137207, "max": 366.3688659667969, "mean": 242.54045305238344, "std": 73.10139378303595}, "diff": {"min": -16.704666137695312, "max": 17.5667724609375, "mean": -0.11674776083730505}, "misc": {"rmse": 1.6730454352903423, "corr": 0.9997393428233844}, "unit": "W/m2"}