{"ref": {"min": 0.0, "max": 387.1608581542969, "mean": 232.47032423836197}, "ref_regrid": {"min": 0.0, "max": 387.1608581542969, "mean": 232.47032423836197, "std": 100.58515602324434}, "test": {"min": 0.0, "max": 388.7676696777344, "mean": 232.5154689123721}, "test_regrid": {"min": 0.0, "max": 388.7676696777344, "mean": 232.5154689123721, "std": 100.61848135140082}, "diff": {"min": -13.271453857421875, "max": 17.227325439453125, "mean": 0.04514467401017775}, "misc": {"rmse": 1.7047429692056477, "corr": 0.9998565808651806}, "unit": "W/m2"}