{"ref": {"min": 0.0, "max": 406.05126953125, "mean": 253.3329471734164}, "ref_regrid": {"min": 0.0, "max": 406.05126953125, "mean": 253.3329471734164, "std": 110.94700756873085}, "test": {"min": 0.0, "max": 404.0655822753906, "mean": 253.17052113413345}, "test_regrid": {"min": 0.0, "max": 404.0655822753906, "mean": 253.17052113413345, "std": 110.8249327868842}, "diff": {"min": -6.378387451171875, "max": 7.43438720703125, "mean": -0.16242603928291757}, "misc": {"rmse": 1.4468835194009777, "corr": 0.9999165486267155}, "unit": "W/m2"}