{"ref": {"min": 13.239768981933594, "max": 365.083984375, "mean": 245.69854901710875}, "ref_regrid": {"min": 13.239768981933594, "max": 365.083984375, "mean": 245.69854901710875, "std": 73.7390527639854}, "test": {"min": 13.375106811523438, "max": 364.8176574707031, "mean": 245.85205347742988}, "test_regrid": {"min": 13.375106811523438, "max": 364.8176574707031, "mean": 245.85205347742988, "std": 73.86009242152006}, "diff": {"min": -8.240814208984375, "max": 15.285919189453125, "mean": 0.15350446032115939}, "misc": {"rmse": 1.763552201879734, "corr": 0.9997179863844415}, "unit": "W/m2"}