{"ref": {"min": 0.0, "max": 363.61175537109375, "mean": 179.23218583821372}, "ref_regrid": {"min": 0.0, "max": 363.61175537109375, "mean": 179.23218583821372, "std": 89.28784513369631}, "test": {"min": 0.0, "max": 355.3742980957031, "mean": 178.84100415539686}, "test_regrid": {"min": 0.0, "max": 355.3742980957031, "mean": 178.84100415539686, "std": 89.53024895543189}, "diff": {"min": -44.39666748046875, "max": 52.99647521972656, "mean": -0.39118168281684756}, "misc": {"rmse": 8.557806401473428, "corr": 0.9954325353588599}, "unit": "W/m2"}