{"ref": {"min": 0.0, "max": 437.9193420410156, "mean": 248.5462098351278}, "ref_regrid": {"min": 0.0, "max": 437.9193420410156, "mean": 248.5462098351278, "std": 121.48083448873241}, "test": {"min": 0.0, "max": 437.40850830078125, "mean": 247.34179340273482}, "test_regrid": {"min": 0.0, "max": 437.40850830078125, "mean": 247.34179340273482, "std": 120.844884768969}, "diff": {"min": -39.36981201171875, "max": 53.81829833984375, "mean": -1.204416432392965}, "misc": {"rmse": 7.6771098717667225, "corr": 0.9980558015027737}, "unit": "W/m2"}