{"ref": {"min": 15.705948829650879, "max": 269.91082763671875, "mean": 165.5522828749867}, "ref_regrid": {"min": 15.705948829650879, "max": 269.91082763671875, "mean": 165.5522828749867, "std": 65.90964794395228}, "test": {"min": 15.153780937194824, "max": 270.32513427734375, "mean": 164.838313757095}, "test_regrid": {"min": 15.153780937194824, "max": 270.32513427734375, "mean": 164.838313757095, "std": 65.8366867814633}, "diff": {"min": -16.077911376953125, "max": 16.96570587158203, "mean": -0.7139691178916675}, "misc": {"rmse": 3.948066304570173, "corr": 0.9982632856950702}, "unit": "W/m2"}