{"ref": {"min": 2.187328815460205, "max": 309.6477966308594, "mean": 211.8590473080743}, "ref_regrid": {"min": 2.187328815460205, "max": 309.6477966308594, "mean": 211.8590473080743, "std": 79.39020270871366}, "test": {"min": 2.173929452896118, "max": 312.06658935546875, "mean": 211.64126163259095}, "test_regrid": {"min": 2.173929452896118, "max": 312.06658935546875, "mean": 211.64126163259095, "std": 79.34872887140801}, "diff": {"min": -31.497337341308594, "max": 29.87242889404297, "mean": -0.2177856754833746}, "misc": {"rmse": 2.522720288164966, "corr": 0.999498773478489}, "unit": "W/m2"}