{"ref": {"min": 0.0, "max": 442.4615173339844, "mean": 296.7911212525274}, "ref_regrid": {"min": 0.0, "max": 442.4615173339844, "mean": 296.7911212525274, "std": 139.12289794178346}, "test": {"min": 0.0, "max": 442.1751708984375, "mean": 296.76132832128417}, "test_regrid": {"min": 0.0, "max": 442.1751708984375, "mean": 296.76132832128417, "std": 139.16780375796682}, "diff": {"min": -42.337738037109375, "max": 31.679412841796875, "mean": -0.029792931243211068}, "misc": {"rmse": 2.409723545544079, "corr": 0.9998501187207632}, "unit": "W/m2"}