{"ref": {"min": 6.611155033111572, "max": 386.3149108886719, "mean": 241.65004252080564}, "ref_regrid": {"min": 6.611155033111572, "max": 386.3149108886719, "mean": 241.65004252080564, "std": 97.66098971822223}, "test": {"min": 6.7290358543396, "max": 383.7432556152344, "mean": 241.04383898709318}, "test_regrid": {"min": 6.7290358543396, "max": 383.7432556152344, "mean": 241.04383898709318, "std": 97.28493294510429}, "diff": {"min": -32.49359130859375, "max": 31.2664794921875, "mean": -0.6062035337124915}, "misc": {"rmse": 6.370790575829988, "corr": 0.9978908372042857}, "unit": "W/m2"}