{"ref": {"min": 0.0, "max": 411.2065124511719, "mean": 236.85087402121917}, "ref_regrid": {"min": 0.0, "max": 411.2065124511719, "mean": 236.85087402121917, "std": 111.08428763981787}, "test": {"min": 0.0, "max": 411.010986328125, "mean": 236.71204272332383}, "test_regrid": {"min": 0.0, "max": 411.010986328125, "mean": 236.71204272332383, "std": 111.34812845148025}, "diff": {"min": -38.328277587890625, "max": 49.51141357421875, "mean": -0.13883129789533857}, "misc": {"rmse": 7.055453840106754, "corr": 0.9979913319398129}, "unit": "W/m2"}