{"ref": {"min": 2.8488240242004395, "max": 316.6451721191406, "mean": 215.85882663444664}, "ref_regrid": {"min": 2.8488240242004395, "max": 316.6451721191406, "mean": 215.85882663444664, "std": 83.87017942876273}, "test": {"min": 3.1489291191101074, "max": 317.6899719238281, "mean": 216.09686146039977}, "test_regrid": {"min": 3.1489291191101074, "max": 317.6899719238281, "mean": 216.09686146039977, "std": 83.98095779061745}, "diff": {"min": -19.354660034179688, "max": 29.769775390625, "mean": 0.23803482595316305}, "misc": {"rmse": 1.9832426862907702, "corr": 0.999725682005732}, "unit": "W/m2"}