{"ref": {"min": 0.0, "max": 352.4398193359375, "mean": 170.33513878600792}, "ref_regrid": {"min": 0.0, "max": 352.4398193359375, "mean": 170.33513878600792, "std": 91.91458803012172}, "test": {"min": 0.0, "max": 350.6341247558594, "mean": 168.7943343480877}, "test_regrid": {"min": 0.0, "max": 350.6341247558594, "mean": 168.7943343480877, "std": 91.11508854249801}, "diff": {"min": -39.30702209472656, "max": 54.91212463378906, "mean": -1.5408044379202084}, "misc": {"rmse": 8.440841073639158, "corr": 0.9959262026595842}, "unit": "W/m2"}