{"ref": {"min": 1.4947896003723145, "max": 313.3951721191406, "mean": 167.2205549437031}, "ref_regrid": {"min": 1.4947896003723145, "max": 313.3951721191406, "mean": 167.2205549437031, "std": 76.43307977474021}, "test": {"min": 1.5934033393859863, "max": 314.88714599609375, "mean": 166.81036058070922}, "test_regrid": {"min": 1.5934033393859863, "max": 314.88714599609375, "mean": 166.81036058070922, "std": 76.18104448575194}, "diff": {"min": -32.640045166015625, "max": 36.45319366455078, "mean": -0.4101943629938611}, "misc": {"rmse": 7.177930977521716, "corr": 0.995595646995584}, "unit": "W/m2"}