{"ref": {"min": 11.409396171569824, "max": 398.3249816894531, "mean": 289.75258933144966}, "ref_regrid": {"min": 11.409396171569824, "max": 398.3249816894531, "mean": 289.75258933144966, "std": 105.08560695190987}, "test": {"min": 11.714591979980469, "max": 398.4147033691406, "mean": 290.0537927743351}, "test_regrid": {"min": 11.714591979980469, "max": 398.4147033691406, "mean": 290.0537927743351, "std": 105.1291666914367}, "diff": {"min": -19.745086669921875, "max": 26.901153564453125, "mean": 0.30120344288545214}, "misc": {"rmse": 1.5785320156411877, "corr": 0.9998914174389361}, "unit": "W/m2"}