{"ref": {"min": 7.032655239105225, "max": 393.58843994140625, "mean": 285.36138720840944}, "ref_regrid": {"min": 7.032655239105225, "max": 393.58843994140625, "mean": 285.36138720840944, "std": 100.6633078952335}, "test": {"min": 7.09018087387085, "max": 393.68426513671875, "mean": 285.2138783689105}, "test_regrid": {"min": 7.09018087387085, "max": 393.68426513671875, "mean": 285.2138783689105, "std": 100.65729938828959}, "diff": {"min": -33.17588806152344, "max": 28.697616577148438, "mean": -0.1475088394989191}, "misc": {"rmse": 2.170862237931381, "corr": 0.9997685248158668}, "unit": "W/m2"}