{"ref": {"min": 24.511810302734375, "max": 288.6195068359375, "mean": 214.26056627190692}, "ref_regrid": {"min": 24.511810302734375, "max": 288.6195068359375, "mean": 214.26056627190692, "std": 65.28612933399769}, "test": {"min": 23.90018081665039, "max": 288.63702392578125, "mean": 214.22608769362355}, "test_regrid": {"min": 23.90018081665039, "max": 288.63702392578125, "mean": 214.22608769362355, "std": 65.37662400272255}, "diff": {"min": -12.457038879394531, "max": 9.305488586425781, "mean": -0.034478578283383375}, "misc": {"rmse": 1.3007395547385876, "corr": 0.9998028969180625}, "unit": "W/m2"}