{"ref": {"min": 45.866695404052734, "max": 362.0577697753906, "mean": 242.88203894599366}, "ref_regrid": {"min": 45.866695404052734, "max": 362.0577697753906, "mean": 242.88203894599366, "std": 82.48448737455747}, "test": {"min": 46.426029205322266, "max": 361.8293762207031, "mean": 242.31883576430664}, "test_regrid": {"min": 46.426029205322266, "max": 361.8293762207031, "mean": 242.31883576430664, "std": 82.41210387578514}, "diff": {"min": -15.507110595703125, "max": 15.206710815429688, "mean": -0.5632031816869996}, "misc": {"rmse": 3.586994435302443, "corr": 0.9990773311108105}, "unit": "W/m2"}