{"ref": {"min": 0.0, "max": 324.8000793457031, "mean": 159.5682802191052}, "ref_regrid": {"min": 0.0, "max": 324.8000793457031, "mean": 159.5682802191052, "std": 81.45958913040194}, "test": {"min": 0.0, "max": 320.0116882324219, "mean": 159.33140267391394}, "test_regrid": {"min": 0.0, "max": 320.0116882324219, "mean": 159.33140267391394, "std": 81.82281845484991}, "diff": {"min": -43.17271423339844, "max": 51.16136169433594, "mean": -0.2368775451912436}, "misc": {"rmse": 7.773901262318608, "corr": 0.9954806295841606}, "unit": "W/m2"}