{"ref": {"min": 0.0, "max": 358.0310363769531, "mean": 222.36724839035537}, "ref_regrid": {"min": 0.0, "max": 358.0310363769531, "mean": 222.36724839035537, "std": 110.53449371904149}, "test": {"min": 0.0, "max": 356.2285461425781, "mean": 222.12059107826323}, "test_regrid": {"min": 0.0, "max": 356.2285461425781, "mean": 222.12059107826323, "std": 110.50504681401628}, "diff": {"min": -42.631446838378906, "max": 29.81572723388672, "mean": -0.24665731209216218}, "misc": {"rmse": 2.5643484740441913, "corr": 0.9997333453559979}, "unit": "W/m2"}