{"ref": {"min": 1.5568920373916626, "max": 297.3031921386719, "mean": 165.0851576669659}, "ref_regrid": {"min": 1.5568920373916626, "max": 297.3031921386719, "mean": 165.0851576669659, "std": 76.96031183079732}, "test": {"min": 1.6423611640930176, "max": 299.7083435058594, "mean": 164.41715742234464}, "test_regrid": {"min": 1.6423611640930176, "max": 299.7083435058594, "mean": 164.41715742234464, "std": 76.57195509360425}, "diff": {"min": -32.874664306640625, "max": 32.784515380859375, "mean": -0.6680002446213018}, "misc": {"rmse": 7.016045497203292, "corr": 0.9958741016453821}, "unit": "W/m2"}