{"ref": {"min": 0.0, "max": 331.8006591796875, "mean": 206.95714255763482}, "ref_regrid": {"min": 0.0, "max": 331.8006591796875, "mean": 206.95714255763482, "std": 93.23989004067909}, "test": {"min": 0.0, "max": 331.49273681640625, "mean": 207.04563654851503}, "test_regrid": {"min": 0.0, "max": 331.49273681640625, "mean": 207.04563654851503, "std": 93.31029282370385}, "diff": {"min": -43.01445007324219, "max": 33.80326843261719, "mean": 0.08849399088017085}, "misc": {"rmse": 2.413938728524608, "corr": 0.9996658536319669}, "unit": "W/m2"}