{"ref": {"min": 46.460838317871094, "max": 379.6934814453125, "mean": 288.3781429399641}, "ref_regrid": {"min": 46.460838317871094, "max": 379.6934814453125, "mean": 288.3781429399641, "std": 82.72309880807475}, "test": {"min": 46.852622985839844, "max": 379.7432556152344, "mean": 288.44939971469296}, "test_regrid": {"min": 46.852622985839844, "max": 379.7432556152344, "mean": 288.44939971469296, "std": 82.8212926457426}, "diff": {"min": -12.330970764160156, "max": 8.778678894042969, "mean": 0.07125677472884813}, "misc": {"rmse": 1.1441227826470133, "corr": 0.9999055426373543}, "unit": "W/m2"}