{"ref": {"min": 9.24953842163086, "max": 391.3297119140625, "mean": 244.48102931390787}, "ref_regrid": {"min": 9.24953842163086, "max": 391.3297119140625, "mean": 244.48102931390787, "std": 97.81604361880744}, "test": {"min": 9.41812515258789, "max": 393.0396423339844, "mean": 244.17766786658905}, "test_regrid": {"min": 9.41812515258789, "max": 393.0396423339844, "mean": 244.17766786658905, "std": 97.48478221935717}, "diff": {"min": -32.417877197265625, "max": 34.795562744140625, "mean": -0.3033614473188445}, "misc": {"rmse": 6.504386601366786, "corr": 0.9977922002671263}, "unit": "W/m2"}