{"ref": {"min": 0.0, "max": 417.6978759765625, "mean": 281.60747388448004}, "ref_regrid": {"min": 0.0, "max": 417.6978759765625, "mean": 281.60747388448004, "std": 123.57371395298952}, "test": {"min": 0.0, "max": 417.2982482910156, "mean": 281.7685993333739}, "test_regrid": {"min": 0.0, "max": 417.2982482910156, "mean": 281.7685993333739, "std": 123.67331517731546}, "diff": {"min": -41.62249755859375, "max": 30.839080810546875, "mean": 0.16112544889386074}, "misc": {"rmse": 1.9828651556229684, "corr": 0.9998725395949568}, "unit": "W/m2"}