{"ref": {"min": -14.81511402130127, "max": 366.48077392578125, "mean": 93.04210130086857}, "ref_regrid": {"min": -14.81511402130127, "max": 366.48077392578125, "mean": 93.04210130086857, "std": 67.5911082370665}, "test": {"min": -9.11147689819336, "max": 389.0231018066406, "mean": 91.54834865535184}, "test_regrid": {"min": -9.11147689819336, "max": 389.0231018066406, "mean": 91.54834865535184, "std": 66.80320961011657}, "diff": {"min": -60.33135986328125, "max": 51.521697998046875, "mean": -1.4937526456231571}, "misc": {"rmse": 12.669532916675262, "corr": 0.9825410405888082}, "unit": "W/m2"}