{"ref": {"min": -3.4343931674957275, "max": 287.260009765625, "mean": 91.43274153146905}, "ref_regrid": {"min": -3.4343931674957275, "max": 287.260009765625, "mean": 91.43274153146905, "std": 57.389084005332}, "test": {"min": -3.836773157119751, "max": 289.68560791015625, "mean": 90.6013313811823}, "test_regrid": {"min": -3.836773157119751, "max": 289.68560791015625, "mean": 90.6013313811823, "std": 56.23871679468653}, "diff": {"min": -57.572174072265625, "max": 65.86874389648438, "mean": -0.8314101504923559}, "misc": {"rmse": 11.82906214018098, "corr": 0.9786347609199632}, "unit": "W/m2"}