{"ref": {"min": -1.7409653663635254, "max": 271.21295166015625, "mean": 93.51572862005618}, "ref_regrid": {"min": -1.7409653663635254, "max": 271.21295166015625, "mean": 93.51572862005618, "std": 55.912874123246006}, "test": {"min": -2.0213663578033447, "max": 253.72235107421875, "mean": 92.31597790699648}, "test_regrid": {"min": -2.0213663578033447, "max": 253.72235107421875, "mean": 92.31597790699648, "std": 54.89436542128079}, "diff": {"min": -28.2376708984375, "max": 22.780166625976562, "mean": -1.1997507131016252}, "misc": {"rmse": 5.975183414063846, "corr": 0.9945873589200488}, "unit": "W/m2"}