{"ref": {"min": -8.354252815246582, "max": 274.5445556640625, "mean": 93.89392241002177}, "ref_regrid": {"min": -8.354252815246582, "max": 274.5445556640625, "mean": 93.89392241002177, "std": 56.90206731109834}, "test": {"min": -4.442447662353516, "max": 269.7847595214844, "mean": 93.2602142323028}, "test_regrid": {"min": -4.442447662353516, "max": 269.7847595214844, "mean": 93.2602142323028, "std": 57.463056035798765}, "diff": {"min": -43.574790954589844, "max": 45.3958740234375, "mean": -0.6337081776695613}, "misc": {"rmse": 9.69464798766801, "corr": 0.9857375285791551}, "unit": "W/m2"}