{"ref": {"min": -23.483022689819336, "max": 365.05303955078125, "mean": 95.69414927936207}, "ref_regrid": {"min": -23.483022689819336, "max": 365.05303955078125, "mean": 95.69414927936207, "std": 61.7727495707937}, "test": {"min": -21.196752548217773, "max": 363.50177001953125, "mean": 93.8540174175955}, "test_regrid": {"min": -21.196752548217773, "max": 363.50177001953125, "mean": 93.8540174175955, "std": 60.241408927882404}, "diff": {"min": -60.18681335449219, "max": 44.90536117553711, "mean": -1.8401318619777702}, "misc": {"rmse": 10.122425096652641, "corr": 0.9870027964883793}, "unit": "W/m2"}