{"ref": {"min": -1.2399526834487915, "max": 113.88384246826172, "mean": 22.945453811343608}, "ref_regrid": {"min": -1.2399526834487915, "max": 113.88384246826172, "mean": 22.945453811343608, "std": 12.091924967381265}, "test": {"min": -1.53008234500885, "max": 117.1817855834961, "mean": 23.599323710377558}, "test_regrid": {"min": -1.53008234500885, "max": 117.1817855834961, "mean": 23.599323710377558, "std": 12.536189951578471}, "diff": {"min": -18.374088287353516, "max": 24.660324096679688, "mean": 0.6538698990657669}, "misc": {"rmse": 4.263745362573911, "corr": 0.9420971260063276}, "unit": "W/m2"}