{"ref": {"min": -2.5688164234161377, "max": 101.75170135498047, "mean": 23.583741684051088}, "ref_regrid": {"min": -2.5688164234161377, "max": 101.75170135498047, "mean": 23.583741684051088, "std": 11.784376041092207}, "test": {"min": -2.521843910217285, "max": 104.83525848388672, "mean": 24.432205888455577}, "test_regrid": {"min": -2.521843910217285, "max": 104.83525848388672, "mean": 24.432205888455577, "std": 12.411650720142775}, "diff": {"min": -20.804540634155273, "max": 29.59204864501953, "mean": 0.848464204392127}, "misc": {"rmse": 4.236642082907447, "corr": 0.9424471442291961}, "unit": "W/m2"}