{"ref": {"min": 0.31391873955726624, "max": 92.74747467041016, "mean": 22.513416685626023}, "ref_regrid": {"min": 0.31391873955726624, "max": 92.74747467041016, "mean": 22.513416685626023, "std": 13.585825904932502}, "test": {"min": 0.23895782232284546, "max": 97.54022216796875, "mean": 23.100730348736484}, "test_regrid": {"min": 0.23895782232284546, "max": 97.54022216796875, "mean": 23.100730348736484, "std": 14.222043667521904}, "diff": {"min": -32.97418975830078, "max": 31.74711799621582, "mean": 0.5873136630864338}, "misc": {"rmse": 4.892950619377904, "corr": 0.9399868797042212}, "unit": "W/m2"}