{"ref": {"min": 0.629730224609375, "max": 72.75840759277344, "mean": 27.078510955878986}, "ref_regrid": {"min": 0.629730224609375, "max": 72.75840759277344, "mean": 27.078510955878986, "std": 19.751764716189637}, "test": {"min": 0.44194793701171875, "max": 72.46337890625, "mean": 26.837639291842297}, "test_regrid": {"min": 0.44194793701171875, "max": 72.46337890625, "mean": 26.837639291842297, "std": 19.259596211095833}, "diff": {"min": -17.132640838623047, "max": 15.33126449584961, "mean": -0.24087166403668853}, "misc": {"rmse": 2.8992811592696524, "corr": 0.9893462835746767}, "unit": "W/m2"}