{"ref": {"min": 0.0545196533203125, "max": 78.13423156738281, "mean": 27.853566915905258}, "ref_regrid": {"min": 0.0545196533203125, "max": 78.13423156738281, "mean": 27.853566915905258, "std": 19.724712149038158}, "test": {"min": 0.123504638671875, "max": 74.84703063964844, "mean": 27.61076216147145}, "test_regrid": {"min": 0.123504638671875, "max": 74.84703063964844, "mean": 27.61076216147145, "std": 19.171805614493216}, "diff": {"min": -14.546882629394531, "max": 16.234092712402344, "mean": -0.24280475443380578}, "misc": {"rmse": 2.9263165956638817, "corr": 0.9891597414200614}, "unit": "W/m2"}