{"ref": {"min": 1.0261001586914062, "max": 70.14682006835938, "mean": 26.726433892035285}, "ref_regrid": {"min": 1.0261001586914062, "max": 70.14682006835938, "mean": 26.726433892035285, "std": 18.691744181776407}, "test": {"min": 1.5822906494140625, "max": 70.466064453125, "mean": 26.428657509083852}, "test_regrid": {"min": 1.5822906494140625, "max": 70.466064453125, "mean": 26.428657509083852, "std": 18.202462758359992}, "diff": {"min": -9.239913940429688, "max": 9.502708435058594, "mean": -0.29777638295143605}, "misc": {"rmse": 1.621572719083038, "corr": 0.9966178878842743}, "unit": "W/m2"}