{"ref": {"min": -0.7092533707618713, "max": 100.66265869140625, "mean": 23.13753490426492}, "ref_regrid": {"min": -0.7092533707618713, "max": 100.66265869140625, "mean": 23.13753490426492, "std": 10.52141101767301}, "test": {"min": -0.827981173992157, "max": 96.72259521484375, "mean": 23.799578350346795}, "test_regrid": {"min": -0.827981173992157, "max": 96.72259521484375, "mean": 23.799578350346795, "std": 10.936194591934978}, "diff": {"min": -8.257522583007812, "max": 11.673030853271484, "mean": 0.6620434460787149}, "misc": {"rmse": 2.2881889865341396, "corr": 0.9799005159847787}, "unit": "W/m2"}