{"ref": {"min": 0.3152618408203125, "max": 72.8061294555664, "mean": 25.32791021271074}, "ref_regrid": {"min": 0.3152618408203125, "max": 72.8061294555664, "mean": 25.32791021271074, "std": 19.20793952134622}, "test": {"min": 0.0656280517578125, "max": 71.83003997802734, "mean": 25.07741186351387}, "test_regrid": {"min": 0.0656280517578125, "max": 71.83003997802734, "mean": 25.07741186351387, "std": 18.96714886827007}, "diff": {"min": -11.531402587890625, "max": 16.191341400146484, "mean": -0.25049834919686953}, "misc": {"rmse": 2.5189013841574655, "corr": 0.9914578705532149}, "unit": "W/m2"}