{"ref": {"min": 0.47869873046875, "max": 71.30358123779297, "mean": 26.645747524911176}, "ref_regrid": {"min": 0.47869873046875, "max": 71.30358123779297, "mean": 26.645747524911176, "std": 19.499755432022155}, "test": {"min": 0.7453384399414062, "max": 70.98806762695312, "mean": 26.18881672056393}, "test_regrid": {"min": 0.7453384399414062, "max": 70.98806762695312, "mean": 26.18881672056393, "std": 18.982184182555574}, "diff": {"min": -15.510040283203125, "max": 13.084552764892578, "mean": -0.4569308043472493}, "misc": {"rmse": 2.52723353831566, "corr": 0.9920163769493582}, "unit": "W/m2"}