{"ref": {"min": -2.362769603729248, "max": 129.2406768798828, "mean": 23.50752742303118}, "ref_regrid": {"min": -2.362769603729248, "max": 129.2406768798828, "mean": 23.50752742303118, "std": 14.476512544710147}, "test": {"min": -2.3235397338867188, "max": 136.45213317871094, "mean": 24.066053455031373}, "test_regrid": {"min": -2.3235397338867188, "max": 136.45213317871094, "mean": 24.066053455031373, "std": 14.830795344926026}, "diff": {"min": -25.846939086914062, "max": 26.87032699584961, "mean": 0.5585260320197656}, "misc": {"rmse": 4.081073482160656, "corr": 0.9622314178571428}, "unit": "W/m2"}