{"ref": {"min": -134.5036163330078, "max": 49.16638946533203, "mean": -21.981849506328505}, "ref_regrid": {"min": -134.5036163330078, "max": 49.16638946533203, "mean": -21.981849506328505, "std": 19.514719958907996}, "test": {"min": -123.8399887084961, "max": 48.17115783691406, "mean": -22.9591164242921}, "test_regrid": {"min": -123.8399887084961, "max": 48.17115783691406, "mean": -22.9591164242921, "std": 19.494407914741732}, "diff": {"min": -14.105045318603516, "max": 13.08450698852539, "mean": -0.9772669179636021}, "misc": {"rmse": 3.227284726690421, "corr": 0.9875667592739485}, "unit": "W/m2"}