{"ref": {"min": -149.04454040527344, "max": 47.026004791259766, "mean": -25.731494672843855}, "ref_regrid": {"min": -149.04454040527344, "max": 47.026004791259766, "mean": -25.731494672843855, "std": 32.03788409823359}, "test": {"min": -147.50259399414062, "max": 45.117496490478516, "mean": -26.318804596493486}, "test_regrid": {"min": -147.50259399414062, "max": 45.117496490478516, "mean": -26.318804596493486, "std": 32.67318207528981}, "diff": {"min": -22.843585968017578, "max": 26.069623947143555, "mean": -0.5873099236046786}, "misc": {"rmse": 5.105434109923529, "corr": 0.9879072345052923}, "unit": "W/m2"}