{"ref": {"min": -159.23138427734375, "max": 65.16680908203125, "mean": -21.55976073791234}, "ref_regrid": {"min": -159.23138427734375, "max": 65.16680908203125, "mean": -21.55976073791234, "std": 27.303901703882335}, "test": {"min": -158.33404541015625, "max": 65.03955841064453, "mean": -22.448861586417845}, "test_regrid": {"min": -158.33404541015625, "max": 65.03955841064453, "mean": -22.448861586417845, "std": 27.710348388008285}, "diff": {"min": -28.147159576416016, "max": 31.59900665283203, "mean": -0.8891008485054952}, "misc": {"rmse": 5.48491613420375, "corr": 0.9807503422503827}, "unit": "W/m2"}