{"ref": {"min": -244.5674285888672, "max": 180.84371948242188, "mean": 1.1765788234809995}, "ref_regrid": {"min": -244.5674285888672, "max": 180.84371948242188, "mean": 1.1765788234809995, "std": 47.05417859710546}, "test": {"min": -237.9656219482422, "max": 176.68716430664062, "mean": 1.4736665058784368}, "test_regrid": {"min": -237.9656219482422, "max": 176.68716430664062, "mean": 1.4736665058784368, "std": 47.94396199806312}, "diff": {"min": -82.31094360351562, "max": 59.6217155456543, "mean": 0.2970876824377544}, "misc": {"rmse": 12.094451053443024, "corr": 0.9677752418089328}, "unit": "W/m2"}