{"ref": {"min": -101.66928100585938, "max": 19.706893920898438, "mean": -22.326106136621117}, "ref_regrid": {"min": -101.66928100585938, "max": 19.706893920898438, "mean": -22.326106136621117, "std": 21.18654135603054}, "test": {"min": -101.79390716552734, "max": 21.200735092163086, "mean": -22.276801235522694}, "test_regrid": {"min": -101.79390716552734, "max": 21.200735092163086, "mean": -22.276801235522694, "std": 22.036724095857465}, "diff": {"min": -21.208690643310547, "max": 19.618385314941406, "mean": 0.04930490113530998}, "misc": {"rmse": 4.398124210816959, "corr": 0.9800610689263679}, "unit": "W/m2"}