{"ref": {"min": -234.41937255859375, "max": 156.80751037597656, "mean": 2.7994396684888887}, "ref_regrid": {"min": -234.41937255859375, "max": 156.80751037597656, "mean": 2.7994396684888887, "std": 31.944495643513008}, "test": {"min": -220.17127990722656, "max": 159.2090606689453, "mean": 3.955437135251164}, "test_regrid": {"min": -220.17127990722656, "max": 159.2090606689453, "mean": 3.955437135251164, "std": 32.26120253625116}, "diff": {"min": -32.92656326293945, "max": 33.76374435424805, "mean": 1.1559974662368862}, "misc": {"rmse": 7.659916163149681, "corr": 0.9722300273154838}, "unit": "W/m2"}