{"ref": {"min": -293.5234375, "max": 186.39346313476562, "mean": 7.068654661242526}, "ref_regrid": {"min": -293.5234375, "max": 186.39346313476562, "mean": 7.068654661242526, "std": 50.72959365141293}, "test": {"min": -277.3197326660156, "max": 183.6438751220703, "mean": 8.213294417707143}, "test_regrid": {"min": -277.3197326660156, "max": 183.6438751220703, "mean": 8.213294417707143, "std": 50.51741903698823}, "diff": {"min": -89.9779052734375, "max": 76.8057861328125, "mean": 1.144639758213616}, "misc": {"rmse": 15.20329931200718, "corr": 0.9551678764954701}, "unit": "W/m2"}