{"ref": {"min": -93.99234771728516, "max": 18.286468505859375, "mean": -20.127603065617418}, "ref_regrid": {"min": -93.99234771728516, "max": 18.286468505859375, "mean": -20.127603065617418, "std": 18.356737176300854}, "test": {"min": -85.01803588867188, "max": 19.821840286254883, "mean": -19.73783347706383}, "test_regrid": {"min": -85.01803588867188, "max": 19.821840286254883, "mean": -19.73783347706383, "std": 18.324479294904176}, "diff": {"min": -22.267112731933594, "max": 27.104175567626953, "mean": 0.38976958857658356}, "misc": {"rmse": 4.332935575297506, "corr": 0.9723207377922485}, "unit": "W/m2"}