{"ref": {"min": -130.12100219726562, "max": 32.528717041015625, "mean": -21.24907236758575}, "ref_regrid": {"min": -130.12100219726562, "max": 32.528717041015625, "mean": -21.24907236758575, "std": 28.329243369543416}, "test": {"min": -129.57577514648438, "max": 32.65877151489258, "mean": -20.990503035796404}, "test_regrid": {"min": -129.57577514648438, "max": 32.65877151489258, "mean": -20.990503035796404, "std": 28.931776135962252}, "diff": {"min": -36.62251281738281, "max": 31.66802215576172, "mean": 0.25856933180654756}, "misc": {"rmse": 5.345305834374075, "corr": 0.9828319512961387}, "unit": "W/m2"}