{"ref": {"min": -70.65333557128906, "max": 14.04226303100586, "mean": -22.35856905634131}, "ref_regrid": {"min": -70.65333557128906, "max": 14.04226303100586, "mean": -22.35856905634131, "std": 14.181098104993481}, "test": {"min": -69.4908676147461, "max": 13.876396179199219, "mean": -22.33098557923979}, "test_regrid": {"min": -69.4908676147461, "max": 13.876396179199219, "mean": -22.33098557923979, "std": 14.524363454108103}, "diff": {"min": -11.00240707397461, "max": 13.78177261352539, "mean": 0.027583477101792445}, "misc": {"rmse": 2.645663656329691, "corr": 0.9832963620258608}, "unit": "W/m2"}