{"ref": {"min": -126.19078063964844, "max": 54.37018966674805, "mean": -20.12814211735314}, "ref_regrid": {"min": -126.19078063964844, "max": 54.37018966674805, "mean": -20.12814211735314, "std": 25.591234616398502}, "test": {"min": -129.80331420898438, "max": 60.0529670715332, "mean": -21.035287487837774}, "test_regrid": {"min": -129.80331420898438, "max": 60.0529670715332, "mean": -21.035287487837774, "std": 25.869388704277693}, "diff": {"min": -29.322799682617188, "max": 27.249248504638672, "mean": -0.9071453704846357}, "misc": {"rmse": 5.565277927409603, "corr": 0.9772879964145452}, "unit": "W/m2"}