{"ref": {"min": -501.88580322265625, "max": 234.11683654785156, "mean": 10.476821012606552}, "ref_regrid": {"min": -501.88580322265625, "max": 234.11683654785156, "mean": 10.476821012606552, "std": 93.4013304252398}, "test": {"min": -541.920166015625, "max": 223.06631469726562, "mean": 11.461100253878689}, "test_regrid": {"min": -541.920166015625, "max": 223.06631469726562, "mean": 11.461100253878689, "std": 93.34290281778468}, "diff": {"min": -83.8094253540039, "max": 87.70535278320312, "mean": 0.9842792417536055}, "misc": {"rmse": 16.946646844851774, "corr": 0.9835853927744175}, "unit": "W/m2"}