{"ref": {"min": -169.64215087890625, "max": 68.02848052978516, "mean": -22.06095211378497}, "ref_regrid": {"min": -169.64215087890625, "max": 68.02848052978516, "mean": -22.06095211378497, "std": 35.93869908797565}, "test": {"min": -171.82086181640625, "max": 67.63275909423828, "mean": -22.636822021759833}, "test_regrid": {"min": -171.82086181640625, "max": 67.63275909423828, "mean": -22.636822021759833, "std": 36.043558677360025}, "diff": {"min": -29.211833953857422, "max": 43.325950622558594, "mean": -0.5758699079648755}, "misc": {"rmse": 6.089604672558277, "corr": 0.9858183428933153}, "unit": "W/m2"}