{"ref": {"min": -343.6581115722656, "max": 225.71900939941406, "mean": -7.524295667999784}, "ref_regrid": {"min": -343.6581115722656, "max": 225.71900939941406, "mean": -7.524295667999784, "std": 80.26051561487697}, "test": {"min": -326.24798583984375, "max": 238.1412811279297, "mean": -5.326312615347118}, "test_regrid": {"min": -326.24798583984375, "max": 238.1412811279297, "mean": -5.326312615347118, "std": 80.85064105288168}, "diff": {"min": -61.823089599609375, "max": 65.52253723144531, "mean": 2.1979830529851525}, "misc": {"rmse": 12.735995869664508, "corr": 0.9879007973462891}, "unit": "W/m2"}