{"ref": {"min": -146.8784942626953, "max": 75.76144409179688, "mean": -24.178542684817696}, "ref_regrid": {"min": -146.8784942626953, "max": 75.76144409179688, "mean": -24.178542684817696, "std": 37.825866327510845}, "test": {"min": -144.70420837402344, "max": 74.20991516113281, "mean": -25.715494569309865}, "test_regrid": {"min": -144.70420837402344, "max": 74.20991516113281, "mean": -25.715494569309865, "std": 38.18019858330316}, "diff": {"min": -33.803810119628906, "max": 46.840309143066406, "mean": -1.5369518844921743}, "misc": {"rmse": 6.834914607271812, "corr": 0.9846876072425083}, "unit": "W/m2"}