{"ref": {"min": -198.07513427734375, "max": 60.20729446411133, "mean": 0.1855634918459508}, "ref_regrid": {"min": -198.07513427734375, "max": 60.20729446411133, "mean": 0.1855634918459508, "std": 12.958713900768466}, "test": {"min": -192.80357360839844, "max": 62.49525833129883, "mean": 0.1940962376848189}, "test_regrid": {"min": -192.80357360839844, "max": 62.49525833129883, "mean": 0.1940962376848189, "std": 13.703744941441311}, "diff": {"min": -51.7738037109375, "max": 41.218505859375, "mean": 0.008532745432007601}, "misc": {"rmse": 6.436242611462125, "corr": 0.8849267763586306}, "unit": "mbar/day"}