{"ref": {"min": -303.2275085449219, "max": 140.07485961914062, "mean": -0.31971181934524534}, "ref_regrid": {"min": -303.2275085449219, "max": 140.07485961914062, "mean": -0.31971181934524534, "std": 25.966801959755923}, "test": {"min": -306.4694519042969, "max": 176.55648803710938, "mean": -0.3360393111479694}, "test_regrid": {"min": -306.4694519042969, "max": 176.55648803710938, "mean": -0.3360393111479694, "std": 26.322249522653426}, "diff": {"min": -61.00840759277344, "max": 93.24500274658203, "mean": -0.01632749417412315}, "misc": {"rmse": 12.85490861780066, "corr": 0.8792092567945416}, "unit": "mbar/day"}