{"ref": {"min": -164.6292724609375, "max": 46.479251861572266, "mean": 0.18059027063045846}, "ref_regrid": {"min": -164.6292724609375, "max": 46.479251861572266, "mean": 0.18059027063045846, "std": 11.08927338912309}, "test": {"min": -164.16326904296875, "max": 54.03937911987305, "mean": 0.18795474326514908}, "test_regrid": {"min": -164.16326904296875, "max": 54.03937911987305, "mean": 0.18795474326514908, "std": 11.699003891347482}, "diff": {"min": -23.37176513671875, "max": 15.309043884277344, "mean": 0.00736447279000017}, "misc": {"rmse": 3.3443971668989234, "corr": 0.9583254497694434}, "unit": "mbar/day"}