{"ref": {"min": -280.229248046875, "max": 239.51858520507812, "mean": -0.3090623792233972}, "ref_regrid": {"min": -280.229248046875, "max": 239.51858520507812, "mean": -0.3090623792233972, "std": 29.745373945020788}, "test": {"min": -332.9747009277344, "max": 240.34996032714844, "mean": -0.31211357814192053}, "test_regrid": {"min": -332.9747009277344, "max": 240.34996032714844, "mean": -0.31211357814192053, "std": 30.55568171297853}, "diff": {"min": -87.54499053955078, "max": 82.47085571289062, "mean": -0.0030511997724571465}, "misc": {"rmse": 14.081555248421495, "corr": 0.89127751790675}, "unit": "mbar/day"}