{"ref": {"min": -362.876220703125, "max": 639.9276733398438, "mean": -0.17568489005168164}, "ref_regrid": {"min": -362.876220703125, "max": 639.9276733398438, "mean": -0.17568489005168164, "std": 33.38365640416813}, "test": {"min": -313.8260498046875, "max": 631.7127685546875, "mean": -0.1567173047148358}, "test_regrid": {"min": -313.8260498046875, "max": 631.7127685546875, "mean": -0.1567173047148358, "std": 33.573154094083}, "diff": {"min": -153.52182006835938, "max": 167.48468017578125, "mean": 0.045034574364158954}, "misc": {"rmse": 11.156678206695082, "corr": 0.944250048817091}, "unit": "mbar/day"}