{"ref": {"min": -235.32858276367188, "max": 116.39055633544922, "mean": -0.31716715571905346}, "ref_regrid": {"min": -235.32858276367188, "max": 116.39055633544922, "mean": -0.31716715571905346, "std": 22.01920680610654}, "test": {"min": -220.60694885253906, "max": 109.07113647460938, "mean": -0.33256855854419626}, "test_regrid": {"min": -220.60694885253906, "max": 109.07113647460938, "mean": -0.33256855854419626, "std": 22.524971537851464}, "diff": {"min": -27.27884292602539, "max": 33.81752014160156, "mean": -0.015401403431404469}, "misc": {"rmse": 6.524079880188907, "corr": 0.9573496796146045}, "unit": "mbar/day"}