{"ref": {"min": -285.3456726074219, "max": 779.7594604492188, "mean": -0.26549749567681497}, "ref_regrid": {"min": -285.3456726074219, "max": 779.7594604492188, "mean": -0.26549749567681497, "std": 31.395356365616003}, "test": {"min": -308.5408020019531, "max": 770.03466796875, "mean": -0.2510100500339235}, "test_regrid": {"min": -308.5408020019531, "max": 770.03466796875, "mean": -0.2510100500339235, "std": 32.010458247073814}, "diff": {"min": -136.54238891601562, "max": 96.72515869140625, "mean": 0.03951673163560279}, "misc": {"rmse": 10.29205097923684, "corr": 0.9473040501670658}, "unit": "mbar/day"}