{"ref": {"min": -172.25628662109375, "max": 62.30968475341797, "mean": 0.17022731411923278}, "ref_regrid": {"min": -172.25628662109375, "max": 62.30968475341797, "mean": 0.17022731411923278, "std": 15.258754227772503}, "test": {"min": -185.21072387695312, "max": 67.29441833496094, "mean": 0.1691673040435512}, "test_regrid": {"min": -185.21072387695312, "max": 67.29441833496094, "mean": 0.1691673040435512, "std": 16.231768227235936}, "diff": {"min": -59.90962219238281, "max": 46.665122985839844, "mean": -0.0010600093896044765}, "misc": {"rmse": 7.361682580318075, "corr": 0.8925057491717083}, "unit": "mbar/day"}