{"ref": {"min": -371.83154296875, "max": 729.45458984375, "mean": -0.12638103622980357}, "ref_regrid": {"min": -371.83154296875, "max": 729.45458984375, "mean": -0.12638103622980357, "std": 35.057701063480664}, "test": {"min": -347.8596496582031, "max": 698.4625854492188, "mean": -0.1344709700899963}, "test_regrid": {"min": -347.8596496582031, "max": 698.4625854492188, "mean": -0.1344709700899963, "std": 34.426583213971305}, "diff": {"min": -165.37850952148438, "max": 240.53868103027344, "mean": 0.031671043553167806}, "misc": {"rmse": 11.271912752506955, "corr": 0.9471858224846929}, "unit": "mbar/day"}