{"ref": {"min": -258.9620361328125, "max": 162.14303588867188, "mean": -0.31367739965546065}, "ref_regrid": {"min": -258.9620361328125, "max": 162.14303588867188, "mean": -0.31367739965546065, "std": 25.072075107150695}, "test": {"min": -239.17007446289062, "max": 160.54469299316406, "mean": -0.3405687545485585}, "test_regrid": {"min": -239.17007446289062, "max": 160.54469299316406, "mean": -0.3405687545485585, "std": 25.71338340498416}, "diff": {"min": -83.32073211669922, "max": 79.22713470458984, "mean": -0.026891354234114807}, "misc": {"rmse": 12.350162237267027, "corr": 0.8820246866319792}, "unit": "mbar/day"}