{"ref": {"min": -297.3538818359375, "max": 193.1539306640625, "mean": -0.32271212675996336}, "ref_regrid": {"min": -297.3538818359375, "max": 193.1539306640625, "mean": -0.32271212675996336, "std": 28.979899936867188}, "test": {"min": -307.5934143066406, "max": 245.44322204589844, "mean": -0.3361901526305869}, "test_regrid": {"min": -307.5934143066406, "max": 245.44322204589844, "mean": -0.3361901526305869, "std": 29.273686103479182}, "diff": {"min": -71.46287536621094, "max": 66.70648193359375, "mean": -0.013478026910933716}, "misc": {"rmse": 11.435816084100768, "corr": 0.92297304912664}, "unit": "mbar/day"}