{"ref": {"min": -303.9031066894531, "max": 655.218017578125, "mean": -0.21229786898225958}, "ref_regrid": {"min": -303.9031066894531, "max": 655.218017578125, "mean": -0.21229786898225958, "std": 28.655710659376055}, "test": {"min": -308.6713562011719, "max": 640.965087890625, "mean": -0.19851935709305046}, "test_regrid": {"min": -308.6713562011719, "max": 640.965087890625, "mean": -0.19851935709305046, "std": 28.633722192925323}, "diff": {"min": -100.5872802734375, "max": 84.92922973632812, "mean": 0.046019655920252665}, "misc": {"rmse": 5.658790400481847, "corr": 0.9803651073629828}, "unit": "mbar/day"}