{"ref": {"min": -176.4545135498047, "max": 49.28145217895508, "mean": 0.1748594566988258}, "ref_regrid": {"min": -176.4545135498047, "max": 49.28145217895508, "mean": 0.1748594566988258, "std": 12.933626005247064}, "test": {"min": -167.01211547851562, "max": 52.05036163330078, "mean": 0.19188542273206066}, "test_regrid": {"min": -167.01211547851562, "max": 52.05036163330078, "mean": 0.19188542273206066, "std": 13.606199223298951}, "diff": {"min": -51.3265266418457, "max": 44.989013671875, "mean": 0.01702596525882049}, "misc": {"rmse": 6.644356186082922, "corr": 0.8758510987643116}, "unit": "mbar/day"}