{"ref": {"min": -279.9316711425781, "max": 930.416748046875, "mean": -0.21418825664799387}, "ref_regrid": {"min": -279.9316711425781, "max": 930.416748046875, "mean": -0.21418825664799387, "std": 35.32614919149812}, "test": {"min": -289.4388732910156, "max": 875.1851806640625, "mean": -0.18474334958474273}, "test_regrid": {"min": -289.4388732910156, "max": 875.1851806640625, "mean": -0.18474334958474273, "std": 34.84343090336414}, "diff": {"min": -151.14938354492188, "max": 243.46981811523438, "mean": 0.10830053371371141}, "misc": {"rmse": 10.79909581576592, "corr": 0.9520362231164302}, "unit": "mbar/day"}