{"ref": {"min": -250.26156616210938, "max": 59.66092300415039, "mean": 0.18554696846880617}, "ref_regrid": {"min": -250.26156616210938, "max": 59.66092300415039, "mean": 0.18554696846880617, "std": 15.379439423406085}, "test": {"min": -281.993896484375, "max": 72.28264617919922, "mean": 0.19063296896640716}, "test_regrid": {"min": -281.993896484375, "max": 72.28264617919922, "mean": 0.19063296896640716, "std": 16.025865184966175}, "diff": {"min": -46.97060775756836, "max": 41.24647903442383, "mean": 0.0050860005095136164}, "misc": {"rmse": 6.228142913698844, "corr": 0.9221567417555973}, "unit": "mbar/day"}