{"ref": {"min": 0.0011646045604720712, "max": 27.48761558532715, "mean": 3.2320773724166583}, "ref_regrid": {"min": 0.0011646045604720712, "max": 27.48761558532715, "mean": 3.2320773724166583, "std": 2.4840769373086884}, "test": {"min": 0.00010280084825353697, "max": 27.49394989013672, "mean": 3.2043040950406243}, "test_regrid": {"min": 0.00010280084825353697, "max": 27.49394989013672, "mean": 3.2043040950406243, "std": 2.537466669378539}, "diff": {"min": -4.7220001220703125, "max": 7.50875997543335, "mean": -0.027773277369349078}, "misc": {"rmse": 0.867548691747565, "corr": 0.9405848205076968}, "unit": "mm/day"}