{"ref": {"min": 1.7666764051682549e-06, "max": 27.695327758789062, "mean": 3.217861411795961}, "ref_regrid": {"min": 1.7666764051682549e-06, "max": 27.695327758789062, "mean": 3.217861411795961, "std": 2.8963101417504316}, "test": {"min": 2.127161224052543e-06, "max": 26.954803466796875, "mean": 3.1683475149421145}, "test_regrid": {"min": 2.127161224052543e-06, "max": 26.954803466796875, "mean": 3.1683475149421145, "std": 2.8789769452323832}, "diff": {"min": -9.91018009185791, "max": 9.046148300170898, "mean": -0.04951389684465877}, "misc": {"rmse": 1.0128242397787999, "corr": 0.9386537176584012}, "unit": "mm/day"}