{"ref": {"min": 4.672433715313673e-05, "max": 43.949195861816406, "mean": 3.293284324952834}, "ref_regrid": {"min": 4.672433715313673e-05, "max": 43.949195861816406, "mean": 3.293284324952834, "std": 3.0736810162288895}, "test": {"min": 1.138796505983919e-06, "max": 44.34596252441406, "mean": 3.23379582574981}, "test_regrid": {"min": 1.138796505983919e-06, "max": 44.34596252441406, "mean": 3.23379582574981, "std": 3.014538901316623}, "diff": {"min": -7.808378219604492, "max": 5.449708938598633, "mean": -0.05948849915050308}, "misc": {"rmse": 0.8667786771655752, "corr": 0.9598375661452853}, "unit": "mm/day"}