{"ref": {"min": 0.0010099336504936218, "max": 39.9781608581543, "mean": 3.18535408194948}, "ref_regrid": {"min": 0.0010099336504936218, "max": 39.9781608581543, "mean": 3.18535408194948, "std": 2.726559694793984}, "test": {"min": 0.0033579987939447165, "max": 40.01630401611328, "mean": 3.155011881572088}, "test_regrid": {"min": 0.0033579987939447165, "max": 40.01630401611328, "mean": 3.155011881572088, "std": 2.723535168517832}, "diff": {"min": -7.330155372619629, "max": 4.9657392501831055, "mean": -0.030342200348464535}, "misc": {"rmse": 0.9122281185956479, "corr": 0.9440315376711037}, "unit": "mm/day"}