{"ref": {"min": 0.0074144755490124226, "max": 30.865861892700195, "mean": 3.232144296288636}, "ref_regrid": {"min": 0.0074144755490124226, "max": 30.865861892700195, "mean": 3.232144296288636, "std": 2.309142762918281}, "test": {"min": 0.004056152887642384, "max": 29.56647491455078, "mean": 3.1903648301764416}, "test_regrid": {"min": 0.004056152887642384, "max": 29.56647491455078, "mean": 3.1903648301764416, "std": 2.3002486461090283}, "diff": {"min": -2.7718262672424316, "max": 2.462984085083008, "mean": -0.04177946611268108}, "misc": {"rmse": 0.4525592181833222, "corr": 0.9808922806067918}, "unit": "mm/day"}