{"ref": {"min": 972.0611572265625, "max": 1026.9632568359375, "mean": 1011.2301645543339}, "ref_regrid": {"min": 972.0611572265625, "max": 1026.9632568359375, "mean": 1011.2301645543339, "std": 10.474070289420013}, "test": {"min": 967.908935546875, "max": 1026.7515869140625, "mean": 1011.2242082338413}, "test_regrid": {"min": 967.908935546875, "max": 1026.7515869140625, "mean": 1011.2242082338413, "std": 10.97986395241405}, "diff": {"min": -5.453125, "max": 5.07586669921875, "mean": -0.005956320492698093}, "misc": {"rmse": 1.2484833450661186, "corr": 0.9943356337534262}, "unit": "mbar"}