{"ref": {"min": 972.3047485351562, "max": 1027.3759765625, "mean": 1011.2532834287643}, "ref_regrid": {"min": 972.3047485351562, "max": 1027.3759765625, "mean": 1011.2532834287643, "std": 9.899879950233375}, "test": {"min": 968.2504272460938, "max": 1026.6639404296875, "mean": 1011.2464775130981}, "test_regrid": {"min": 968.2504272460938, "max": 1026.6639404296875, "mean": 1011.2464775130981, "std": 10.468850397312677}, "diff": {"min": -6.3294677734375, "max": 6.307373046875, "mean": -0.006805915666201393}, "misc": {"rmse": 1.4985641896888882, "corr": 0.9907279319786051}, "unit": "mbar"}