{"ref": {"min": 974.5746459960938, "max": 1028.865966796875, "mean": 1011.0846003712982}, "ref_regrid": {"min": 974.5746459960938, "max": 1028.865966796875, "mean": 1011.0846003712982, "std": 10.542820718862867}, "test": {"min": 968.3384399414062, "max": 1028.123291015625, "mean": 1011.0690030173889}, "test_regrid": {"min": 968.3384399414062, "max": 1028.123291015625, "mean": 1011.0690030173889, "std": 11.241746620673696}, "diff": {"min": -13.26092529296875, "max": 10.98822021484375, "mean": -0.015597353909073713}, "misc": {"rmse": 2.5996480831475353, "corr": 0.9735511126472303}, "unit": "mbar"}