{"ref": {"min": 969.1875610351562, "max": 1029.34228515625, "mean": 1011.1973554210983}, "ref_regrid": {"min": 969.1875610351562, "max": 1029.34228515625, "mean": 1011.1973554210983, "std": 11.511579570549912}, "test": {"min": 963.5530395507812, "max": 1029.5948486328125, "mean": 1011.17060452417}, "test_regrid": {"min": 963.5530395507812, "max": 1029.5948486328125, "mean": 1011.17060452417, "std": 11.910907580167239}, "diff": {"min": -10.6279296875, "max": 7.51971435546875, "mean": -0.0267508969285257}, "misc": {"rmse": 2.0118995128743453, "corr": 0.9858235507374984}, "unit": "mbar"}