{"ref": {"min": 968.3366088867188, "max": 1038.3631591796875, "mean": 1011.3854194662183}, "ref_regrid": {"min": 968.3366088867188, "max": 1038.3631591796875, "mean": 1011.3854194662183, "std": 11.5489579286743}, "test": {"min": 969.7482299804688, "max": 1038.3135986328125, "mean": 1011.4107479722791}, "test_regrid": {"min": 969.7482299804688, "max": 1038.3135986328125, "mean": 1011.4107479722791, "std": 11.671392945028666}, "diff": {"min": -8.255859375, "max": 8.9110107421875, "mean": 0.025328506060700005}, "misc": {"rmse": 1.777949054802593, "corr": 0.9883321668269163}, "unit": "mbar"}