{"ref": {"min": -178.2365264892578, "max": 128.09109497070312, "mean": -6.6899710865070405}, "ref_regrid": {"min": -178.2365264892578, "max": 128.09109497070312, "mean": -6.6899710865070405, "std": 87.84921001770824}, "test": {"min": -176.28440856933594, "max": 126.55157470703125, "mean": -5.107258854325093}, "test_regrid": {"min": -176.28440856933594, "max": 126.55157470703125, "mean": -5.107258854325093, "std": 88.82078942765934}, "diff": {"min": -38.91534423828125, "max": 28.921432495117188, "mean": 1.5827122321819622}, "misc": {"rmse": 5.541879551320732, "corr": 0.9982529757447033}, "unit": "W/m2"}