{"ref": {"min": -162.41860961914062, "max": 105.31138610839844, "mean": 1.6993673322141583}, "ref_regrid": {"min": -162.41860961914062, "max": 105.31138610839844, "mean": 1.6993673322141583, "std": 70.81248169313528}, "test": {"min": -163.02682495117188, "max": 110.48129272460938, "mean": 2.9379838330992354}, "test_regrid": {"min": -163.02682495117188, "max": 110.48129272460938, "mean": 2.9379838330992354, "std": 71.15775403032727}, "diff": {"min": -19.916473388671875, "max": 24.585296630859375, "mean": 1.2386165008850856}, "misc": {"rmse": 4.510910246248794, "corr": 0.998144923883613}, "unit": "W/m2"}