{"ref": {"min": -186.4041290283203, "max": 154.35867309570312, "mean": 9.185171680034191}, "ref_regrid": {"min": -186.4041290283203, "max": 154.35867309570312, "mean": 9.185171680034191, "std": 98.738402037105}, "test": {"min": -186.20956420898438, "max": 154.32864379882812, "mean": 9.697348965787658}, "test_regrid": {"min": -186.20956420898438, "max": 154.32864379882812, "mean": 9.697348965787658, "std": 98.34013687766478}, "diff": {"min": -22.696563720703125, "max": 21.886367797851562, "mean": 0.5121772857534843}, "misc": {"rmse": 5.193718234615785, "corr": 0.9986326513713061}, "unit": "W/m2"}