{"ref": {"min": -178.89854431152344, "max": 106.4976806640625, "mean": 3.1449540150750086}, "ref_regrid": {"min": -178.89854431152344, "max": 106.4976806640625, "mean": 3.1449540150750086, "std": 72.72673860828584}, "test": {"min": -179.8769989013672, "max": 109.1307373046875, "mean": 4.478810620280441}, "test_regrid": {"min": -179.8769989013672, "max": 109.1307373046875, "mean": 4.478810620280441, "std": 72.92556976821248}, "diff": {"min": -22.2598876953125, "max": 22.668106079101562, "mean": 1.333856605205434}, "misc": {"rmse": 4.789488912293113, "corr": 0.9980088675475887}, "unit": "W/m2"}