{"ref": {"min": -128.36264038085938, "max": 93.71263122558594, "mean": 1.8348804943667878}, "ref_regrid": {"min": -128.36264038085938, "max": 93.71263122558594, "mean": 1.8348804943667878, "std": 54.74015731024761}, "test": {"min": -128.0303497314453, "max": 98.08029174804688, "mean": 3.0017211464404268}, "test_regrid": {"min": -128.0303497314453, "max": 98.08029174804688, "mean": 3.0017211464404268, "std": 55.40081952824225}, "diff": {"min": -10.24481201171875, "max": 12.926483154296875, "mean": 1.1668406520736387}, "misc": {"rmse": 2.968314992484156, "corr": 0.998843766787568}, "unit": "W/m2"}