{"ref": {"min": -110.67054748535156, "max": 129.38429260253906, "mean": 15.679383521074035}, "ref_regrid": {"min": -110.67054748535156, "max": 129.38429260253906, "mean": 15.679383521074035, "std": 19.318487981345516}, "test": {"min": -122.89884948730469, "max": 130.18264770507812, "mean": 15.636385221030888}, "test_regrid": {"min": -122.89884948730469, "max": 130.18264770507812, "mean": 15.636385221030888, "std": 19.59149026339753}, "diff": {"min": -29.28449249267578, "max": 28.727922439575195, "mean": -0.04299829997936536}, "misc": {"rmse": 3.879665725358849, "corr": 0.9802162494464786}, "unit": "W/m2"}