{"ref": {"min": -101.72232818603516, "max": 97.91678619384766, "mean": 15.190022888363222}, "ref_regrid": {"min": -101.72232818603516, "max": 97.91678619384766, "mean": 15.190022888363222, "std": 17.679801722056457}, "test": {"min": -103.85301208496094, "max": 99.48931121826172, "mean": 15.086894197462222}, "test_regrid": {"min": -103.85301208496094, "max": 99.48931121826172, "mean": 15.086894197462222, "std": 17.703823921011914}, "diff": {"min": -17.601272583007812, "max": 18.259952545166016, "mean": -0.10312869094296502}, "misc": {"rmse": 2.3958530326399035, "corr": 0.9908484064146693}, "unit": "W/m2"}