{"ref": {"min": -108.23417663574219, "max": 155.34889221191406, "mean": 13.967011390154534}, "ref_regrid": {"min": -108.23417663574219, "max": 155.34889221191406, "mean": 13.967011390154534, "std": 23.53960857901386}, "test": {"min": -96.02714538574219, "max": 163.86093139648438, "mean": 13.806141279886637}, "test_regrid": {"min": -96.02714538574219, "max": 163.86093139648438, "mean": 13.806141279886637, "std": 23.953594093838962}, "diff": {"min": -43.97307586669922, "max": 43.27360534667969, "mean": -0.16087011038871848}, "misc": {"rmse": 4.53689724335984, "corr": 0.9819226069941206}, "unit": "W/m2"}