{"ref": {"min": -108.20401763916016, "max": 141.990234375, "mean": 14.357738082197393}, "ref_regrid": {"min": -108.20401763916016, "max": 141.990234375, "mean": 14.357738082197393, "std": 20.6749269112734}, "test": {"min": -89.30769348144531, "max": 142.73733520507812, "mean": 14.234935339337365}, "test_regrid": {"min": -89.30769348144531, "max": 142.73733520507812, "mean": 14.234935339337365, "std": 20.770666373969558}, "diff": {"min": -27.23349380493164, "max": 35.503482818603516, "mean": -0.1228027429310041}, "misc": {"rmse": 4.459823557948008, "corr": 0.9768697030074142}, "unit": "W/m2"}