{"ref": {"min": -84.51469421386719, "max": 140.951416015625, "mean": 16.75595854076601}, "ref_regrid": {"min": -84.51469421386719, "max": 140.951416015625, "mean": 16.75595854076601, "std": 21.9164846670858}, "test": {"min": -107.17835235595703, "max": 140.308349609375, "mean": 16.67011494129681}, "test_regrid": {"min": -107.17835235595703, "max": 140.308349609375, "mean": 16.67011494129681, "std": 22.07232036171881}, "diff": {"min": -43.65544509887695, "max": 36.25306701660156, "mean": -0.08584359951089011}, "misc": {"rmse": 4.682906655198291, "corr": 0.9773663392285955}, "unit": "W/m2"}