{"ref": {"min": 0.0, "max": 460.1167907714844, "mean": 330.4792925728247}, "ref_regrid": {"min": 0.0, "max": 460.1167907714844, "mean": 330.4792925728247, "std": 139.8238682101241}, "test": {"min": 0.0, "max": 460.1167907714844, "mean": 330.4792925728247}, "test_regrid": {"min": 0.0, "max": 460.1167907714844, "mean": 330.4792925728247, "std": 139.8238682101241}, "diff": {"min": 0.0, "max": 0.0, "mean": 0.0}, "misc": {"rmse": 0.0, "corr": 1.0000000000000002}, "unit": "W/m2"}