{"ref": {"min": 25.95067596435547, "max": 437.1783142089844, "mean": 342.2804596716002}, "ref_regrid": {"min": 25.95067596435547, "max": 437.1783142089844, "mean": 342.2804596716002, "std": 100.0446739947772}, "test": {"min": 25.95067596435547, "max": 437.1783142089844, "mean": 342.2804596716002}, "test_regrid": {"min": 25.95067596435547, "max": 437.1783142089844, "mean": 342.2804596716002, "std": 100.0446739947772}, "diff": {"min": 0.0, "max": 0.0, "mean": 0.0}, "misc": {"rmse": 0.0, "corr": 1.0000000000000002}, "unit": "W/m2"}