{"ref": {"min": 171.3959503173828, "max": 415.8041687011719, "mean": 340.41508230187003}, "ref_regrid": {"min": 171.3959503173828, "max": 415.8041687011719, "mean": 340.41508230187003, "std": 72.83360699863174}, "test": {"min": 171.3959503173828, "max": 415.8041687011719, "mean": 340.41508230187003}, "test_regrid": {"min": 171.3959503173828, "max": 415.8041687011719, "mean": 340.41508230187003, "std": 72.83360699863174}, "diff": {"min": 0.0, "max": 0.0, "mean": 0.0}, "misc": {"rmse": 0.0, "corr": 1.0}, "unit": "W/m2"}