{"ref": {"min": 0.0, "max": 485.9375, "mean": 350.54562654538773}, "ref_regrid": {"min": 0.0, "max": 485.9375, "mean": 350.54562654538773, "std": 146.37298850371502}, "test": {"min": 0.0, "max": 485.9375, "mean": 350.54562654538773}, "test_regrid": {"min": 0.0, "max": 485.9375, "mean": 350.54562654538773, "std": 146.37298850371502}, "diff": {"min": 0.0, "max": 0.0, "mean": 0.0}, "misc": {"rmse": 0.0, "corr": 0.9999999999999998}, "unit": "W/m2"}