{"ref": {"min": -0.346588134765625, "max": 29.58978271484375, "mean": 20.070682353951533}, "ref_regrid": {"min": -0.346588134765625, "max": 29.58978271484375, "mean": 20.070682353951533, "std": 8.38107777413271}, "test": {"min": -0.3455810546875, "max": 29.58978271484375, "mean": 20.070800170352392}, "test_regrid": {"min": -0.3455810546875, "max": 29.58978271484375, "mean": 20.070800170352392, "std": 8.381063015548474}, "diff": {"min": -0.1278076171875, "max": 0.1278076171875, "mean": 0.00011781640085833153}, "misc": {"rmse": 0.005696588254036571, "corr": 0.9999997692127998}, "unit": "degC"}