{"ref": {"min": -1.251556396484375, "max": 29.77044677734375, "mean": 19.860093507531595}, "ref_regrid": {"min": -1.251556396484375, "max": 29.77044677734375, "mean": 19.860093507531595, "std": 8.992475621166294}, "test": {"min": -1.280059814453125, "max": 29.77044677734375, "mean": 19.86025684189028}, "test_regrid": {"min": -1.280059814453125, "max": 29.77044677734375, "mean": 19.86025684189028, "std": 8.992406338544388}, "diff": {"min": -0.21478271484375, "max": 0.31842041015625, "mean": 0.0001633343586842421}, "misc": {"rmse": 0.0078962971546614, "corr": 0.9999996143241101}, "unit": "degC"}