{"ref": {"min": -1.219512939453125, "max": 31.9366455078125, "mean": 19.95403346869971}, "ref_regrid": {"min": -1.219512939453125, "max": 31.9366455078125, "mean": 19.95403346869971, "std": 8.514408003190216}, "test": {"min": -1.131500244140625, "max": 31.9349365234375, "mean": 19.954395064498854}, "test_regrid": {"min": -1.131500244140625, "max": 31.9349365234375, "mean": 19.954395064498854, "std": 8.513955783969138}, "diff": {"min": -0.189605712890625, "max": 0.22161865234375, "mean": 0.0003615957991443822}, "misc": {"rmse": 0.008318433658672008, "corr": 0.9999995250729454}, "unit": "degC"}