{"ref": {"min": -1.029632568359375, "max": 30.89190673828125, "mean": 19.875969753490356}, "ref_regrid": {"min": -1.029632568359375, "max": 30.89190673828125, "mean": 19.875969753490356, "std": 8.568610576876027}, "test": {"min": -0.920074462890625, "max": 30.89190673828125, "mean": 19.876047275599717}, "test_regrid": {"min": -0.920074462890625, "max": 30.89190673828125, "mean": 19.876047275599717, "std": 8.568496592812453}, "diff": {"min": -0.28570556640625, "max": 0.27838134765625, "mean": 7.752210936113246e-05}, "misc": {"rmse": 0.00881214652758454, "corr": 0.9999994715839566}, "unit": "degC"}