{"ref": {"min": -0.486297607421875, "max": 30.34820556640625, "mean": 19.731299759943404}, "ref_regrid": {"min": -0.486297607421875, "max": 30.34820556640625, "mean": 19.731299759943404, "std": 8.716728687409661}, "test": {"min": -0.5526123046875, "max": 30.350616455078125, "mean": 19.73128137529708}, "test_regrid": {"min": -0.5526123046875, "max": 30.350616455078125, "mean": 19.73128137529708, "std": 8.71709652199632}, "diff": {"min": -0.3592529296875, "max": 0.277923583984375, "mean": -1.8384646323294647e-05}, "misc": {"rmse": 0.00884989012573277, "corr": 0.9999994856030847}, "unit": "degC"}