{"ref": {"min": -214.27590942382812, "max": 7.0763344410806894e-06, "mean": -52.03210960305815}, "ref_regrid": {"min": -214.27590942382812, "max": 7.0763344410806894e-06, "mean": -52.03210960305815, "std": 41.1474858370791}, "test": {"min": -210.15579223632812, "max": 2.920534461736679e-05, "mean": -53.32625673090872}, "test_regrid": {"min": -210.15579223632812, "max": 2.920534461736679e-05, "mean": -53.32625673090872, "std": 41.53794161081964}, "diff": {"min": -38.34596252441406, "max": 51.96907043457031, "mean": -1.2941471278505603}, "misc": {"rmse": 8.095539981383077, "corr": 0.9813622831197037}, "unit": "W/m2"}