{"ref": {"min": -141.9290008544922, "max": -0.11102151870727539, "mean": -46.77388964110394}, "ref_regrid": {"min": -141.9290008544922, "max": -0.11102151870727539, "mean": -46.77388964110394, "std": 26.643360894640146}, "test": {"min": -146.20889282226562, "max": -0.18550491333007812, "mean": -47.224104208744706}, "test_regrid": {"min": -146.20889282226562, "max": -0.18550491333007812, "mean": -47.224104208744706, "std": 26.879985740925786}, "diff": {"min": -32.321563720703125, "max": 34.546417236328125, "mean": -0.4502145676407618}, "misc": {"rmse": 6.773619721610612, "corr": 0.9681478990865988}, "unit": "W/m2"}