{"ref": {"min": -181.63551330566406, "max": -0.287881076335907, "mean": -45.271559942517264}, "ref_regrid": {"min": -181.63551330566406, "max": -0.287881076335907, "mean": -45.271559942517264, "std": 26.81890167771489}, "test": {"min": -184.34963989257812, "max": -0.3509543538093567, "mean": -45.87612494294623}, "test_regrid": {"min": -184.34963989257812, "max": -0.3509543538093567, "mean": -45.87612494294623, "std": 27.133572105628357}, "diff": {"min": -32.3387451171875, "max": 34.27726745605469, "mean": -0.6045650004254168}, "misc": {"rmse": 6.510618495036544, "corr": 0.9711941302785715}, "unit": "W/m2"}