{"ref": {"min": -152.15032958984375, "max": -0.9218769073486328, "mean": -48.70828339682833}, "ref_regrid": {"min": -152.15032958984375, "max": -0.9218769073486328, "mean": -48.70828339682833, "std": 22.48924721428312}, "test": {"min": -140.72511291503906, "max": -0.8346633911132812, "mean": -49.38777393600086}, "test_regrid": {"min": -140.72511291503906, "max": -0.8346633911132812, "mean": -49.38777393600086, "std": 22.449313586115082}, "diff": {"min": -15.553359985351562, "max": 17.045631408691406, "mean": -0.6794905391725314}, "misc": {"rmse": 3.8262840154748607, "corr": 0.9859595549324223}, "unit": "W/m2"}