{"ref": {"min": -144.53549194335938, "max": -0.058680031448602676, "mean": -43.71134474705736}, "ref_regrid": {"min": -144.53549194335938, "max": -0.058680031448602676, "mean": -43.71134474705736, "std": 24.475431395131835}, "test": {"min": -149.39268493652344, "max": -0.09131059050559998, "mean": -44.17003936499954}, "test_regrid": {"min": -149.39268493652344, "max": -0.09131059050559998, "mean": -44.17003936499954, "std": 24.746038215720617}, "diff": {"min": -32.78569793701172, "max": 32.17558670043945, "mean": -0.45869461802528877}, "misc": {"rmse": 6.451471496529819, "corr": 0.9658742732251396}, "unit": "W/m2"}