{"ref": {"min": -188.22003173828125, "max": 3.136310260742903e-05, "mean": -47.38886233247401}, "ref_regrid": {"min": -188.22003173828125, "max": 3.136310260742903e-05, "mean": -47.38886233247401, "std": 34.89273969752493}, "test": {"min": -190.95745849609375, "max": 9.863942977972329e-06, "mean": -47.71423387623653}, "test_regrid": {"min": -190.95745849609375, "max": 9.863942977972329e-06, "mean": -47.71423387623653, "std": 35.41706284714001}, "diff": {"min": -43.96333312988281, "max": 47.67144775390625, "mean": -0.32537154376251215}, "misc": {"rmse": 7.527644126789784, "corr": 0.9772274159862591}, "unit": "W/m2"}