{"ref": {"min": -194.95896911621094, "max": 6.65613924866193e-07, "mean": -44.75659979280494}, "ref_regrid": {"min": -194.95896911621094, "max": 6.65613924866193e-07, "mean": -44.75659979280494, "std": 31.9634159242831}, "test": {"min": -197.6675567626953, "max": 1.1672610611412892e-07, "mean": -45.05655649153643}, "test_regrid": {"min": -197.6675567626953, "max": 1.1672610611412892e-07, "mean": -45.05655649153643, "std": 32.3664387834474}, "diff": {"min": -37.898372650146484, "max": 47.939849853515625, "mean": -0.2999566986902263}, "misc": {"rmse": 7.087732644153711, "corr": 0.9758426650883432}, "unit": "W/m2"}