{"ref": {"min": -154.74176025390625, "max": -0.3552289307117462, "mean": -45.49610395921919}, "ref_regrid": {"min": -154.74176025390625, "max": -0.3552289307117462, "mean": -45.49610395921919, "std": 20.77061521569556}, "test": {"min": -143.10870361328125, "max": -0.3331657648086548, "mean": -46.13056392796857}, "test_regrid": {"min": -143.10870361328125, "max": -0.3331657648086548, "mean": -46.13056392796857, "std": 20.725203806206558}, "diff": {"min": -15.728324890136719, "max": 15.29336166381836, "mean": -0.6344599687574305}, "misc": {"rmse": 3.6132393173258355, "corr": 0.9853058948287381}, "unit": "W/m2"}