{"ref": {"min": -187.41848754882812, "max": 0.0, "mean": -48.24491136583472}, "ref_regrid": {"min": -187.41848754882812, "max": 0.0, "mean": -48.24491136583472, "std": 36.86817504187563}, "test": {"min": -185.697021484375, "max": 8.177409682730286e-08, "mean": -49.419534934270246}, "test_regrid": {"min": -185.697021484375, "max": 8.177409682730286e-08, "mean": -49.419534934270246, "std": 37.15522713582507}, "diff": {"min": -38.986473083496094, "max": 52.73472595214844, "mean": -1.1746235685155577}, "misc": {"rmse": 7.737453349130433, "corr": 0.9786815200896701}, "unit": "W/m2"}