{"ref": {"min": -180.4050750732422, "max": -0.5976486206054688, "mean": -48.63827169139514}, "ref_regrid": {"min": -180.4050750732422, "max": -0.5976486206054688, "mean": -48.63827169139514, "std": 29.600972346245975}, "test": {"min": -184.8502655029297, "max": -0.7912101745605469, "mean": -49.2865008799044}, "test_regrid": {"min": -184.8502655029297, "max": -0.7912101745605469, "mean": -49.2865008799044, "std": 29.97954574407002}, "diff": {"min": -31.626373291015625, "max": 34.63720703125, "mean": -0.6482291885095182}, "misc": {"rmse": 6.8341112354154046, "corr": 0.9740025220887639}, "unit": "W/m2"}