{"ref": {"min": 210.6958465576172, "max": 228.22581481933594, "mean": 217.61831528271958}, "ref_regrid": {"min": 210.6958465576172, "max": 228.22581481933594, "mean": 217.61831528271958, "std": 3.031299417964366}, "test": {"min": 211.23240661621094, "max": 228.84869384765625, "mean": 217.55671580267366}, "test_regrid": {"min": 211.23240661621094, "max": 228.84869384765625, "mean": 217.55671580267366, "std": 3.300510779109851}, "diff": {"min": -3.317840576171875, "max": 3.6458892822265625, "mean": -0.061599480045932145}, "misc": {"rmse": 0.9099220157042224, "corr": 0.9624337270635434}, "unit": "K"}