{"ref": {"min": 198.64454650878906, "max": 231.7844696044922, "mean": 216.88734516222482}, "ref_regrid": {"min": 198.64454650878906, "max": 231.7844696044922, "mean": 216.88734516222482, "std": 5.071281143883355}, "test": {"min": 197.85365295410156, "max": 230.44381713867188, "mean": 216.6103441678945}, "test_regrid": {"min": 197.85365295410156, "max": 230.44381713867188, "mean": 216.6103441678945, "std": 4.968831961615812}, "diff": {"min": -4.93157958984375, "max": 2.4618072509765625, "mean": -0.2770009943303053}, "misc": {"rmse": 0.9679225215753939, "corr": 0.9831407843831568}, "unit": "K"}