{"ref": {"min": 198.82839965820312, "max": 225.8782958984375, "mean": 216.8697504878808}, "ref_regrid": {"min": 198.82839965820312, "max": 225.8782958984375, "mean": 216.8697504878808, "std": 3.8608517604952204}, "test": {"min": 199.71975708007812, "max": 227.27833557128906, "mean": 216.63055236792258}, "test_regrid": {"min": 199.71975708007812, "max": 227.27833557128906, "mean": 216.63055236792258, "std": 3.611835967562183}, "diff": {"min": -6.2569732666015625, "max": 4.3698272705078125, "mean": -0.2391981199582265}, "misc": {"rmse": 0.976524090622668, "corr": 0.9700828660935942}, "unit": "K"}