{"ref": {"min": 208.88243103027344, "max": 227.31031799316406, "mean": 217.6385845326832}, "ref_regrid": {"min": 208.88243103027344, "max": 227.31031799316406, "mean": 217.6385845326832, "std": 2.78893470125247}, "test": {"min": 209.0301055908203, "max": 227.61776733398438, "mean": 217.92806957313184}, "test_regrid": {"min": 209.0301055908203, "max": 227.61776733398438, "mean": 217.92806957313184, "std": 2.6718711466070513}, "diff": {"min": -4.927703857421875, "max": 5.759613037109375, "mean": 0.28948504044862744}, "misc": {"rmse": 1.2102109598689281, "corr": 0.9082685935189981}, "unit": "K"}