{"ref": {"min": 204.4874725341797, "max": 226.42893981933594, "mean": 217.25354057091}, "ref_regrid": {"min": 204.4874725341797, "max": 226.42893981933594, "mean": 217.25354057091, "std": 3.2135251119157346}, "test": {"min": 205.57247924804688, "max": 226.4037628173828, "mean": 217.18129055101573}, "test_regrid": {"min": 205.57247924804688, "max": 226.4037628173828, "mean": 217.18129055101573, "std": 3.0425338492680396}, "diff": {"min": -2.2533111572265625, "max": 2.8493804931640625, "mean": -0.07225001989425336}, "misc": {"rmse": 0.613575675650861, "corr": 0.9825095640875495}, "unit": "K"}