{"ref": {"min": 244.1112060546875, "max": 295.8764343261719, "mean": 280.9632133720043}, "ref_regrid": {"min": 244.1112060546875, "max": 295.8764343261719, "mean": 280.9632133720043, "std": 9.845902552111502}, "test": {"min": 245.276123046875, "max": 295.7659606933594, "mean": 281.06201642315125}, "test_regrid": {"min": 245.276123046875, "max": 295.7659606933594, "mean": 281.06201642315125, "std": 9.885779905459325}, "diff": {"min": -1.8763427734375, "max": 2.06280517578125, "mean": 0.09284529999540832}, "misc": {"rmse": 0.394180741069125, "corr": 0.9992570959443657}, "unit": "K"}