{"ref": {"min": 234.47207641601562, "max": 303.8042297363281, "mean": 282.56929748734916}, "ref_regrid": {"min": 234.47207641601562, "max": 303.8042297363281, "mean": 282.56929748734916, "std": 9.9747056293928}, "test": {"min": 235.2152557373047, "max": 303.278076171875, "mean": 282.6856477809079}, "test_regrid": {"min": 235.2152557373047, "max": 303.278076171875, "mean": 282.6856477809079, "std": 10.030200191444715}, "diff": {"min": -4.3508453369140625, "max": 3.829833984375, "mean": 0.1043619817972826}, "misc": {"rmse": 0.6718832130692829, "corr": 0.9978221977342735}, "unit": "K"}