{"ref": {"min": 239.29327392578125, "max": 297.54071044921875, "mean": 280.75010270627513}, "ref_regrid": {"min": 239.29327392578125, "max": 297.54071044921875, "mean": 280.75010270627513, "std": 10.500657379730047}, "test": {"min": 241.75869750976562, "max": 298.1910095214844, "mean": 280.86460508867106}, "test_regrid": {"min": 241.75869750976562, "max": 298.1910095214844, "mean": 280.86460508867106, "std": 10.61805869072603}, "diff": {"min": -3.729034423828125, "max": 2.71832275390625, "mean": 0.10835783632990371}, "misc": {"rmse": 0.6576365703616842, "corr": 0.9981821881848757}, "unit": "K"}