{"ref": {"min": 242.7696990966797, "max": 298.7675476074219, "mean": 280.95376162807446}, "ref_regrid": {"min": 242.7696990966797, "max": 298.7675476074219, "mean": 280.95376162807446, "std": 10.26459910583474}, "test": {"min": 244.30921936035156, "max": 298.53533935546875, "mean": 281.04900442028423}, "test_regrid": {"min": 244.30921936035156, "max": 298.53533935546875, "mean": 281.04900442028423, "std": 10.154604772855137}, "diff": {"min": -3.53875732421875, "max": 4.62921142578125, "mean": 0.09071300349268956}, "misc": {"rmse": 0.876184116453895, "corr": 0.9964074714775099}, "unit": "K"}