{"ref": {"min": 247.2898406982422, "max": 297.475830078125, "mean": 279.6102311512215}, "ref_regrid": {"min": 247.2898406982422, "max": 297.475830078125, "mean": 279.6102311512215, "std": 11.123107890022887}, "test": {"min": 245.76541137695312, "max": 297.4486999511719, "mean": 279.67114147180996}, "test_regrid": {"min": 245.76541137695312, "max": 297.4486999511719, "mean": 279.67114147180996, "std": 11.330576629785032}, "diff": {"min": -4.149749755859375, "max": 2.875946044921875, "mean": 0.057716632467845135}, "misc": {"rmse": 0.7778134200586003, "corr": 0.9977871259702783}, "unit": "K"}