{"ref": {"min": 0.00040378348785452545, "max": 0.9143862128257751, "mean": 0.08284263948765101}, "ref_regrid": {"min": 0.00040378348785452545, "max": 0.9143862128257751, "mean": 0.08284263948765101, "std": 0.06645556739569292}, "test": {"min": 7.98245455371216e-05, "max": 0.9425642490386963, "mean": 0.08226176672062163}, "test_regrid": {"min": 7.98245455371216e-05, "max": 0.9425642490386963, "mean": 0.08226176672062163, "std": 0.06715849429455419}, "diff": {"min": -0.1401195526123047, "max": 0.3616878390312195, "mean": -0.0005808727668382121}, "misc": {"rmse": 0.030808478455310147, "corr": 0.8937576817504519}, "unit": "N/m^2"}