{"ref": {"min": 0.0003601522766984999, "max": 0.867106556892395, "mean": 0.07474565373947659}, "ref_regrid": {"min": 0.0003601522766984999, "max": 0.867106556892395, "mean": 0.07474565373947659, "std": 0.05780980315005065}, "test": {"min": 0.00013932901492808014, "max": 0.8202393054962158, "mean": 0.07703778572662463}, "test_regrid": {"min": 0.00013932901492808014, "max": 0.8202393054962158, "mean": 0.07703778572662463, "std": 0.06053566630728353}, "diff": {"min": -0.05873429775238037, "max": 0.09272229671478271, "mean": 0.002292131987094374}, "misc": {"rmse": 0.013456648336836, "corr": 0.9759401986888476}, "unit": "N/m^2"}