{"ref": {"min": 0.00028962205396965146, "max": 0.7468222975730896, "mean": 0.07491912052165413}, "ref_regrid": {"min": 0.00028962205396965146, "max": 0.7468222975730896, "mean": 0.07491912052165413, "std": 0.05986121041206793}, "test": {"min": 0.00039290665881708264, "max": 0.8990424871444702, "mean": 0.07846365081538272}, "test_regrid": {"min": 0.00039290665881708264, "max": 0.8990424871444702, "mean": 0.07846365081538272, "std": 0.0639530681009543}, "diff": {"min": -0.1423157900571823, "max": 0.1754622459411621, "mean": 0.0035445302919719962}, "misc": {"rmse": 0.018881280693959678, "corr": 0.9572662685024594}, "unit": "N/m^2"}