{"ref": {"min": 0.00037126996903680265, "max": 1.07210373878479, "mean": 0.07875444878660409}, "ref_regrid": {"min": 0.00037126996903680265, "max": 1.07210373878479, "mean": 0.07875444878660409, "std": 0.06251118461115727}, "test": {"min": 0.00039423673297278583, "max": 0.9213197231292725, "mean": 0.08041543350311788}, "test_regrid": {"min": 0.00039423673297278583, "max": 0.9213197231292725, "mean": 0.08041543350311788, "std": 0.06504126767127319}, "diff": {"min": -0.20227038860321045, "max": 0.13241475820541382, "mean": 0.001660984716609073}, "misc": {"rmse": 0.020571784859729467, "corr": 0.9490829031816077}, "unit": "N/m^2"}