{"ref": {"min": 0.00024377148656640202, "max": 1.0498343706130981, "mean": 0.07960898440511259}, "ref_regrid": {"min": 0.00024377148656640202, "max": 1.0498343706130981, "mean": 0.07960898440511259, "std": 0.0614309158652198}, "test": {"min": 0.0005398124339990318, "max": 0.9574726223945618, "mean": 0.08260854147946621}, "test_regrid": {"min": 0.0005398124339990318, "max": 0.9574726223945618, "mean": 0.08260854147946621, "std": 0.061990358994427716}, "diff": {"min": -0.17040318250656128, "max": 0.1611930876970291, "mean": 0.00299955707476577}, "misc": {"rmse": 0.021656900254986258, "corr": 0.9396407581826398}, "unit": "N/m^2"}