{"ref": {"min": 0.017594238743185997, "max": 159.30284118652344, "mean": 52.30434947113082}, "ref_regrid": {"min": 0.017594238743185997, "max": 159.30284118652344, "mean": 52.30434947113082, "std": 26.892383814796958}, "test": {"min": 0.235780730843544, "max": 155.16627502441406, "mean": 53.017462127528454}, "test_regrid": {"min": 0.235780730843544, "max": 155.16627502441406, "mean": 53.017462127528454, "std": 27.891449012749415}, "diff": {"min": -43.94173812866211, "max": 37.52174377441406, "mean": 0.7131126562385952}, "misc": {"rmse": 7.790787578744021, "corr": 0.9605437467183342}, "unit": "g/m^2"}