{"ref": {"min": 0.5503853559494019, "max": 206.1378936767578, "mean": 54.74684506061543}, "ref_regrid": {"min": 0.5503853559494019, "max": 206.1378936767578, "mean": 54.74684506061543, "std": 28.25951920059103}, "test": {"min": 0.6544862985610962, "max": 197.8045654296875, "mean": 56.31984269345076}, "test_regrid": {"min": 0.6544862985610962, "max": 197.8045654296875, "mean": 56.31984269345076, "std": 29.10720824508702}, "diff": {"min": -47.03800964355469, "max": 41.716087341308594, "mean": 1.572997632925532}, "misc": {"rmse": 8.70712230510184, "corr": 0.9558564363448808}, "unit": "g/m^2"}