{"ref": {"min": 1.0194544792175293, "max": 169.66201782226562, "mean": 52.09919352624443}, "ref_regrid": {"min": 1.0194544792175293, "max": 169.66201782226562, "mean": 52.09919352624443, "std": 25.34582368439095}, "test": {"min": 0.9071774482727051, "max": 153.88858032226562, "mean": 53.15994765163412}, "test_regrid": {"min": 0.9071774482727051, "max": 153.88858032226562, "mean": 53.15994765163412, "std": 26.402416994513327}, "diff": {"min": -48.258819580078125, "max": 41.159217834472656, "mean": 1.0607541254124948}, "misc": {"rmse": 7.512849498214088, "corr": 0.9595023555578445}, "unit": "g/m^2"}