{"ref": {"min": 1.5025800466537476, "max": 148.84645080566406, "mean": 52.58291927325745}, "ref_regrid": {"min": 1.5025800466537476, "max": 148.84645080566406, "mean": 52.58291927325745, "std": 24.021539207678227}, "test": {"min": 1.943142294883728, "max": 149.040283203125, "mean": 53.61783502392026}, "test_regrid": {"min": 1.943142294883728, "max": 149.040283203125, "mean": 53.61783502392026, "std": 24.902471234242363}, "diff": {"min": -20.38144302368164, "max": 18.0419921875, "mean": 1.0349157506628035}, "misc": {"rmse": 4.125136844700523, "corr": 0.9873204853009769}, "unit": "g/m^2"}