{"ref": {"min": 0.4359077513217926, "max": 144.29910278320312, "mean": 52.23354754504541}, "ref_regrid": {"min": 0.4359077513217926, "max": 144.29910278320312, "mean": 52.23354754504541, "std": 26.297080833275643}, "test": {"min": 0.7070027589797974, "max": 153.67510986328125, "mean": 52.91134338114524}, "test_regrid": {"min": 0.7070027589797974, "max": 153.67510986328125, "mean": 52.91134338114524, "std": 26.79497490494933}, "diff": {"min": -50.89461135864258, "max": 38.674278259277344, "mean": 0.6777958361802615}, "misc": {"rmse": 7.1346054548680495, "corr": 0.9643817916733989}, "unit": "g/m^2"}