{"ref": {"min": 0.40546533465385437, "max": 54.41496658325195, "mean": 23.43047244528044}, "ref_regrid": {"min": 0.40546533465385437, "max": 54.41496658325195, "mean": 23.43047244528044, "std": 14.57425363955612}, "test": {"min": 0.3455267548561096, "max": 54.46809768676758, "mean": 23.71532964720551}, "test_regrid": {"min": 0.3455267548561096, "max": 54.46809768676758, "mean": 23.71532964720551, "std": 14.762689288614352}, "diff": {"min": -5.865192413330078, "max": 5.721378326416016, "mean": 0.2848572019250673}, "misc": {"rmse": 1.329961907080334, "corr": 0.9961605684921928}, "unit": "kg/m2"}