{"ref": {"min": 0.1960633099079132, "max": 55.61174392700195, "mean": 24.172451737309}, "ref_regrid": {"min": 0.1960633099079132, "max": 55.61174392700195, "mean": 24.172451737309, "std": 14.240270534664697}, "test": {"min": 0.207023486495018, "max": 56.9506721496582, "mean": 24.349287799902562}, "test_regrid": {"min": 0.207023486495018, "max": 56.9506721496582, "mean": 24.349287799902562, "std": 14.588707237307034}, "diff": {"min": -4.823020935058594, "max": 5.418697357177734, "mean": 0.1768360625935618}, "misc": {"rmse": 1.1585342217061998, "corr": 0.9971370905994676}, "unit": "kg/m2"}