{"ref": {"min": 0.23221582174301147, "max": 55.20960998535156, "mean": 24.437459062408127}, "ref_regrid": {"min": 0.23221582174301147, "max": 55.20960998535156, "mean": 24.437459062408127, "std": 13.479194489094581}, "test": {"min": 0.2202552855014801, "max": 54.861019134521484, "mean": 24.692139317993966}, "test_regrid": {"min": 0.2202552855014801, "max": 54.861019134521484, "mean": 24.692139317993966, "std": 13.661368014945154}, "diff": {"min": -2.148958206176758, "max": 3.206357955932617, "mean": 0.25468025558583407}, "misc": {"rmse": 0.7018059277508483, "corr": 0.9989288768851166}, "unit": "kg/m2"}