{"ref": {"min": 0.15062284469604492, "max": 59.61802673339844, "mean": 25.811737436985947}, "ref_regrid": {"min": 0.15062284469604492, "max": 59.61802673339844, "mean": 25.811737436985947, "std": 14.012243753285837}, "test": {"min": 0.13209302723407745, "max": 60.25116729736328, "mean": 26.084258293613072}, "test_regrid": {"min": 0.13209302723407745, "max": 60.25116729736328, "mean": 26.084258293613072, "std": 14.10519009689606}, "diff": {"min": -4.796276092529297, "max": 7.205013275146484, "mean": 0.2725208566271272}, "misc": {"rmse": 1.2529601674447135, "corr": 0.9962382054637486}, "unit": "kg/m2"}