{"ref": {"min": 0.176711767911911, "max": 57.003173828125, "mean": 24.335174641445413}, "ref_regrid": {"min": 0.176711767911911, "max": 57.003173828125, "mean": 24.335174641445413, "std": 14.14450348875729}, "test": {"min": 0.19637787342071533, "max": 57.82173156738281, "mean": 24.619681531402744}, "test_regrid": {"min": 0.19637787342071533, "max": 57.82173156738281, "mean": 24.619681531402744, "std": 14.246475373049577}, "diff": {"min": -4.492755889892578, "max": 7.425132751464844, "mean": 0.28450688995733336}, "misc": {"rmse": 1.411087651181055, "corr": 0.9952860096523594}, "unit": "kg/m2"}