{"ref": {"min": -40.11042785644531, "max": 32.3250732421875, "mean": 4.5829364393893455}, "ref_regrid": {"min": -40.11042785644531, "max": 32.3250732421875, "mean": 4.5829364393893455, "std": 18.699519169158513}, "test": {"min": -41.780029296875, "max": 32.770782470703125, "mean": 4.281269531209295}, "test_regrid": {"min": -41.780029296875, "max": 32.770782470703125, "mean": 4.281269531209295, "std": 19.099094064435054}, "diff": {"min": -5.7102203369140625, "max": 3.8430938720703125, "mean": -0.30166690818005176}, "misc": {"rmse": 1.2637034831638383, "corr": 0.9981152088867122}, "unit": "DegC"}