{"ref": {"min": -56.30116271972656, "max": 30.1612548828125, "mean": 9.17961998712613}, "ref_regrid": {"min": -56.30116271972656, "max": 30.1612548828125, "mean": 9.17961998712613, "std": 18.471508780965763}, "test": {"min": -56.17059326171875, "max": 29.532623291015625, "mean": 9.165575531875675}, "test_regrid": {"min": -56.17059326171875, "max": 29.532623291015625, "mean": 9.165575531875675, "std": 18.39560125886161}, "diff": {"min": -2.120758056640625, "max": 2.48345947265625, "mean": -0.014044455250457099}, "misc": {"rmse": 0.6030552869092005, "corr": 0.9994736283083745}, "unit": "DegC"}