{"ref": {"min": -57.42225646972656, "max": 30.95867919921875, "mean": 14.851016559794337}, "ref_regrid": {"min": -57.42225646972656, "max": 30.95867919921875, "mean": 14.851016559794337, "std": 13.995688932124683}, "test": {"min": -56.575836181640625, "max": 30.822113037109375, "mean": 14.908431175064932}, "test_regrid": {"min": -56.575836181640625, "max": 30.822113037109375, "mean": 14.908431175064932, "std": 13.76424996928873}, "diff": {"min": -3.71630859375, "max": 4.6629180908203125, "mean": 0.05741461527059769}, "misc": {"rmse": 0.7188485841597329, "corr": 0.9988063686765771}, "unit": "DegC"}