{"ref": {"min": -40.11042785644531, "max": 32.3250732421875, "mean": 13.261163950946957}, "ref_regrid": {"min": -40.11042785644531, "max": 32.3250732421875, "mean": 13.261163950946957, "std": 14.972832038037863}, "test": {"min": -41.780029296875, "max": 32.770782470703125, "mean": 13.145546078412758}, "test_regrid": {"min": -41.780029296875, "max": 32.770782470703125, "mean": 13.145546078412758, "std": 15.284130385581731}, "diff": {"min": -5.7102203369140625, "max": 4.620574951171875, "mean": -0.11561787253419488}, "misc": {"rmse": 0.8221143352625562, "corr": 0.9987642422581736}, "unit": "DegC"}