{"ref": {"min": -62.54493713378906, "max": 33.133270263671875, "mean": 14.552509334329699}, "ref_regrid": {"min": -62.54493713378906, "max": 33.133270263671875, "mean": 14.552509334329699, "std": 14.774431364948187}, "test": {"min": -61.011016845703125, "max": 33.264007568359375, "mean": 14.541444791726676}, "test_regrid": {"min": -61.011016845703125, "max": 33.264007568359375, "mean": 14.541444791726676, "std": 14.78199080150836}, "diff": {"min": -5.24835205078125, "max": 6.151824951171875, "mean": -0.011064542603026627}, "misc": {"rmse": 0.6343208129501146, "corr": 0.9990792318741825}, "unit": "DegC"}