{"ref": {"min": -62.54493713378906, "max": 33.133270263671875, "mean": 8.404014966034254}, "ref_regrid": {"min": -62.54493713378906, "max": 33.133270263671875, "mean": 8.404014966034254, "std": 19.943929594462347}, "test": {"min": -61.011016845703125, "max": 33.264007568359375, "mean": 8.409690343917578}, "test_regrid": {"min": -61.011016845703125, "max": 33.264007568359375, "mean": 8.409690343917578, "std": 19.803947326386748}, "diff": {"min": -5.24835205078125, "max": 6.151824951171875, "mean": 0.0056753778833256874}, "misc": {"rmse": 1.0061084824424724, "corr": 0.9987434104073931}, "unit": "DegC"}