{"ref": {"min": -66.19664001464844, "max": 39.3966064453125, "mean": 16.26415288975871}, "ref_regrid": {"min": -66.19664001464844, "max": 39.3966064453125, "mean": 16.26415288975871, "std": 14.326691596437502}, "test": {"min": -66.18687438964844, "max": 39.478729248046875, "mean": 16.280809524282937}, "test_regrid": {"min": -66.18687438964844, "max": 39.478729248046875, "mean": 16.280809524282937, "std": 14.28538697261029}, "diff": {"min": -4.092498779296875, "max": 3.635894775390625, "mean": 0.016656634524226707}, "misc": {"rmse": 0.5650827464945902, "corr": 0.9992247354131255}, "unit": "DegC"}