{"ref": {"min": -57.42225646972656, "max": 30.95867919921875, "mean": 9.687385771518844}, "ref_regrid": {"min": -57.42225646972656, "max": 30.95867919921875, "mean": 9.687385771518844, "std": 18.969335087737516}, "test": {"min": -56.575836181640625, "max": 30.822113037109375, "mean": 9.911872565980186}, "test_regrid": {"min": -56.575836181640625, "max": 30.822113037109375, "mean": 9.911872565980186, "std": 18.496179188292672}, "diff": {"min": -3.71630859375, "max": 4.6629180908203125, "mean": 0.22448679446134398}, "misc": {"rmse": 1.1325476375710655, "corr": 0.9985629698397875}, "unit": "DegC"}