{"ref": {"min": -56.30116271972656, "max": 30.1612548828125, "mean": 14.732210703903878}, "ref_regrid": {"min": -56.30116271972656, "max": 30.1612548828125, "mean": 14.732210703903878, "std": 13.878790125426685}, "test": {"min": -56.17059326171875, "max": 29.532623291015625, "mean": 14.719057992169056}, "test_regrid": {"min": -56.17059326171875, "max": 29.532623291015625, "mean": 14.719057992169056, "std": 13.87614349472792}, "diff": {"min": -2.120758056640625, "max": 2.48345947265625, "mean": -0.013152711734821356}, "misc": {"rmse": 0.39502506298966744, "corr": 0.9995953332667675}, "unit": "DegC"}