{"ref": {"min": -66.19664001464844, "max": 39.3966064453125, "mean": 14.044142264142646}, "ref_regrid": {"min": -66.19664001464844, "max": 39.3966064453125, "mean": 14.044142264142646, "std": 20.31326880067169}, "test": {"min": -66.18687438964844, "max": 39.478729248046875, "mean": 14.059469455150204}, "test_regrid": {"min": -66.18687438964844, "max": 39.478729248046875, "mean": 14.059469455150204, "std": 20.27379326188002}, "diff": {"min": -3.881927490234375, "max": 3.5993194580078125, "mean": 0.015327191007559469}, "misc": {"rmse": 0.8280760961217463, "corr": 0.9991696554893716}, "unit": "DegC"}