{"ref": {"min": -14.760040283203125, "max": 67.47345733642578, "mean": 16.263326669678705}, "ref_regrid": {"min": -14.760040283203125, "max": 67.47345733642578, "mean": 16.263326669678705, "std": 14.33770557895679}, "test": {"min": -13.951602935791016, "max": 69.49544525146484, "mean": 16.894415080294145}, "test_regrid": {"min": -13.951602935791016, "max": 69.49544525146484, "mean": 16.894415080294145, "std": 14.422644019206013}, "diff": {"min": -7.996561050415039, "max": 12.350006103515625, "mean": 0.6310884105629528}, "misc": {"rmse": 3.0115781928467604, "corr": 0.9790506896556581}, "unit": "m/s"}