{"ref": {"min": -10.133700370788574, "max": 40.21233367919922, "mean": 15.792699737868823}, "ref_regrid": {"min": -10.133700370788574, "max": 40.21233367919922, "mean": 15.792699737868823, "std": 12.093548212744134}, "test": {"min": -11.4320707321167, "max": 40.78164291381836, "mean": 16.100722159400323}, "test_regrid": {"min": -11.4320707321167, "max": 40.78164291381836, "mean": 16.100722159400323, "std": 12.180993473156008}, "diff": {"min": -4.390644073486328, "max": 5.63203239440918, "mean": 0.30802242155219406}, "misc": {"rmse": 1.3591204006814679, "corr": 0.9940782470631419}, "unit": "m/s"}