{"ref": {"min": -8.214612007141113, "max": 48.70752716064453, "mean": 17.20342721665771}, "ref_regrid": {"min": -8.214612007141113, "max": 48.70752716064453, "mean": 17.20342721665771, "std": 11.98024727533111}, "test": {"min": -9.581039428710938, "max": 49.08970260620117, "mean": 17.30758197216965}, "test_regrid": {"min": -9.581039428710938, "max": 49.08970260620117, "mean": 17.30758197216965, "std": 12.608248693308758}, "diff": {"min": -8.332918167114258, "max": 9.29163932800293, "mean": 0.10415475534081921}, "misc": {"rmse": 2.5287111771207655, "corr": 0.9801749464535717}, "unit": "m/s"}