{"ref": {"min": -12.189860343933105, "max": 43.114356994628906, "mean": 16.169764369990634}, "ref_regrid": {"min": -12.189860343933105, "max": 43.114356994628906, "mean": 16.169764369990634, "std": 12.986633958709188}, "test": {"min": -12.504189491271973, "max": 44.24180221557617, "mean": 16.51252603488034}, "test_regrid": {"min": -12.504189491271973, "max": 44.24180221557617, "mean": 16.51252603488034, "std": 12.652139191717648}, "diff": {"min": -9.50053882598877, "max": 11.067254066467285, "mean": 0.3427616649034941}, "misc": {"rmse": 2.910217566308169, "corr": 0.9749252658291887}, "unit": "m/s"}