{"ref": {"min": -19.96223258972168, "max": 50.978397369384766, "mean": 13.534564045039783}, "ref_regrid": {"min": -19.96223258972168, "max": 50.978397369384766, "mean": 13.534564045039783, "std": 15.966322047115755}, "test": {"min": -19.460664749145508, "max": 53.3464241027832, "mean": 13.6888865067836}, "test_regrid": {"min": -19.460664749145508, "max": 53.3464241027832, "mean": 13.6888865067836, "std": 16.098033959336664}, "diff": {"min": -9.486652374267578, "max": 10.97347354888916, "mean": 0.1543224617289667}, "misc": {"rmse": 2.7311177562619724, "corr": 0.9855698854501375}, "unit": "m/s"}