{"ref": {"min": -16.712087631225586, "max": 18.759632110595703, "mean": 1.1682240702739384}, "ref_regrid": {"min": -16.712087631225586, "max": 18.759632110595703, "mean": 1.1682240702739384, "std": 6.903784344824137}, "test": {"min": -17.243349075317383, "max": 18.50971221923828, "mean": 1.1886581764374617}, "test_regrid": {"min": -17.243349075317383, "max": 18.50971221923828, "mean": 1.1886581764374617, "std": 6.9277254638163654}, "diff": {"min": -6.518406391143799, "max": 9.046660423278809, "mean": 0.018312825776794942}, "misc": {"rmse": 1.6690439244016488, "corr": 0.9708893340042747}, "unit": "m/s"}