{"ref": {"min": -15.972155570983887, "max": 17.40938949584961, "mean": 1.0356868218137198}, "ref_regrid": {"min": -15.972155570983887, "max": 17.40938949584961, "mean": 1.0356868218137198, "std": 6.588078182051214}, "test": {"min": -16.043201446533203, "max": 18.066051483154297, "mean": 0.9871956386339021}, "test_regrid": {"min": -16.043201446533203, "max": 18.066051483154297, "mean": 0.9871956386339021, "std": 6.892798322502076}, "diff": {"min": -5.864140033721924, "max": 4.106341361999512, "mean": -0.04944199011745792}, "misc": {"rmse": 1.157560411550778, "corr": 0.986298541177717}, "unit": "m/s"}