{"ref": {"min": -13.981017112731934, "max": 18.362960815429688, "mean": 0.9565455825213771}, "ref_regrid": {"min": -13.981017112731934, "max": 18.362960815429688, "mean": 0.9565455825213771, "std": 6.8946075223144465}, "test": {"min": -14.178065299987793, "max": 18.221370697021484, "mean": 1.0559061768678801}, "test_regrid": {"min": -14.178065299987793, "max": 18.221370697021484, "mean": 1.0559061768678801, "std": 6.884387045681259}, "diff": {"min": -7.014400482177734, "max": 4.830446243286133, "mean": 0.09840402182665141}, "misc": {"rmse": 1.368194339127988, "corr": 0.9803853735869604}, "unit": "m/s"}