{"ref": {"min": -13.40231990814209, "max": 18.3295841217041, "mean": 0.9502408419853532}, "ref_regrid": {"min": -13.40231990814209, "max": 18.3295841217041, "mean": 0.9502408419853532, "std": 7.155783642558754}, "test": {"min": -13.933454513549805, "max": 18.57441520690918, "mean": 0.9422955125990574}, "test_regrid": {"min": -13.933454513549805, "max": 18.57441520690918, "mean": 0.9422955125990574, "std": 7.276194790679743}, "diff": {"min": -5.070415019989014, "max": 7.220417499542236, "mean": -0.008102660440172734}, "misc": {"rmse": 1.4766777196504781, "corr": 0.9792002319575559}, "unit": "m/s"}