{"ref": {"min": -14.30232048034668, "max": 16.47503089904785, "mean": 1.0223577036197404}, "ref_regrid": {"min": -14.30232048034668, "max": 16.47503089904785, "mean": 1.0223577036197404, "std": 6.530280926034677}, "test": {"min": -14.451364517211914, "max": 18.007234573364258, "mean": 1.038296339183758}, "test_regrid": {"min": -14.451364517211914, "max": 18.007234573364258, "mean": 1.038296339183758, "std": 6.661339409339092}, "diff": {"min": -2.8614373207092285, "max": 3.8594446182250977, "mean": 0.014867543576015156}, "misc": {"rmse": 0.8135682324610286, "corr": 0.9925923386931749}, "unit": "m/s"}