{"ref": {"min": 48.39291763305664, "max": 59.001434326171875, "mean": 56.53025404895842}, "ref_regrid": {"min": 48.39291763305664, "max": 59.001434326171875, "mean": 56.53025404895842, "std": 2.8624549241827886}, "test": {"min": 48.14395523071289, "max": 58.91627502441406, "mean": 56.566133933059476}, "test_regrid": {"min": 48.14395523071289, "max": 58.91627502441406, "mean": 56.566133933059476, "std": 2.87100396944439}, "diff": {"min": -1.1948394775390625, "max": 0.8409538269042969, "mean": 0.03587988410105969}, "misc": {"rmse": 0.2452818090114466, "corr": 0.9964223738400808}, "unit": "hectometer"}