{"ref": {"min": 48.195743560791016, "max": 59.286766052246094, "mean": 56.8044135451499}, "ref_regrid": {"min": 48.195743560791016, "max": 59.286766052246094, "mean": 56.8044135451499, "std": 2.7962217220691077}, "test": {"min": 47.34050750732422, "max": 59.267555236816406, "mean": 56.83345703306465}, "test_regrid": {"min": 47.34050750732422, "max": 59.267555236816406, "mean": 56.83345703306465, "std": 2.8530130494272057}, "diff": {"min": -1.386810302734375, "max": 1.1375083923339844, "mean": 0.029043487914759955}, "misc": {"rmse": 0.2581223434180572, "corr": 0.9960791520304414}, "unit": "hectometer"}