{"ref": {"min": 48.730831146240234, "max": 58.8431510925293, "mean": 56.53517898644312}, "ref_regrid": {"min": 48.730831146240234, "max": 58.8431510925293, "mean": 56.53517898644312, "std": 2.725827020921431}, "test": {"min": 48.382354736328125, "max": 58.87236785888672, "mean": 56.5635412859782}, "test_regrid": {"min": 48.382354736328125, "max": 58.87236785888672, "mean": 56.5635412859782, "std": 2.7679807344863026}, "diff": {"min": -0.5449142456054688, "max": 0.5143241882324219, "mean": 0.02836229953507391}, "misc": {"rmse": 0.1337217937139031, "corr": 0.9989860776403151}, "unit": "hectometer"}