{"ref": {"min": 48.55763244628906, "max": 58.8984489440918, "mean": 56.47664830795513}, "ref_regrid": {"min": 48.55763244628906, "max": 58.8984489440918, "mean": 56.47664830795513, "std": 2.762097988450705}, "test": {"min": 48.45012664794922, "max": 58.90534210205078, "mean": 56.501997377066374}, "test_regrid": {"min": 48.45012664794922, "max": 58.90534210205078, "mean": 56.501997377066374, "std": 2.810150059821373}, "diff": {"min": -0.7201309204101562, "max": 0.6523895263671875, "mean": 0.02534906911125265}, "misc": {"rmse": 0.16624435409786945, "corr": 0.9984098237805914}, "unit": "hectometer"}