{"ref": {"min": 49.61695098876953, "max": 58.84684371948242, "mean": 56.32885559488433}, "ref_regrid": {"min": 49.61695098876953, "max": 58.84684371948242, "mean": 56.32885559488433, "std": 2.794825028072158}, "test": {"min": 49.52305603027344, "max": 58.883235931396484, "mean": 56.35172493442987}, "test_regrid": {"min": 49.52305603027344, "max": 58.883235931396484, "mean": 56.35172493442987, "std": 2.8463725755350495}, "diff": {"min": -1.1308364868164062, "max": 1.0626869201660156, "mean": 0.022869339545537735}, "misc": {"rmse": 0.23012953820794696, "corr": 0.9968712293508626}, "unit": "hectometer"}