{"ref": {"min": 0.011240477272549416, "max": 13.59078914080437, "mean": 2.674627044490937}, "ref_regrid": {"min": 0.011240477272549416, "max": 13.59078914080437, "mean": 2.674627044490937, "std": 1.9219233545231869}, "test": {"min": 0.01058169361203909, "max": 16.336036682128906, "mean": 3.095989224910129}, "test_regrid": {"min": 0.01966998167335987, "max": 15.472023010253906, "mean": 3.095893764623738, "std": 2.2396714609584025}, "diff": {"min": -5.953057992241774, "max": 8.231922442002489, "mean": 0.4212667201328002}, "misc": {"rmse": 1.310477644224195, "corr": 0.8328574899884768}, "unit": "mm/day"}