{"ref": {"min": 0.0037576526257567053, "max": 22.11789367923846, "mean": 2.7068292043376654}, "ref_regrid": {"min": 0.0037576526257567053, "max": 22.11789367923846, "mean": 2.7068292043376654, "std": 2.488817220623618}, "test": {"min": 2.956644857476931e-05, "max": 29.732885360717773, "mean": 3.150081786429222}, "test_regrid": {"min": 0.00013644959835801274, "max": 21.865144729614258, "mean": 3.1499917543348235, "std": 3.134507680268961}, "diff": {"min": -8.550475790520798, "max": 12.844766949361937, "mean": 0.4431625499971577}, "misc": {"rmse": 1.8523091476934237, "corr": 0.8194038225863545}, "unit": "mm/day"}