{"ref": {"min": 0.002161472633738853, "max": 12.789481970053291, "mean": 2.67745928192497}, "ref_regrid": {"min": 0.002161472633738853, "max": 12.789481970053291, "mean": 2.67745928192497, "std": 2.3257603993051483}, "test": {"min": 0.0006091607501730323, "max": 28.662425994873047, "mean": 3.088266968229615}, "test_regrid": {"min": 0.004191912245005369, "max": 23.153823852539062, "mean": 3.0881559319042706, "std": 2.8441667517441664}, "diff": {"min": -8.883413047929015, "max": 13.555142777055092, "mean": 0.41069664997930044}, "misc": {"rmse": 1.7083208514939818, "corr": 0.8124716960815143}, "unit": "mm/day"}