{"ref": {"min": 5.9616379737854, "max": 87.74810791015625, "mean": 51.96370974974663}, "ref_regrid": {"min": 5.9616379737854, "max": 87.74810791015625, "mean": 51.96370974974663, "std": 16.38874567897824}, "test": {"min": 0.44383805990219116, "max": 94.70330810546875, "mean": 51.190754069502}, "test_regrid": {"min": 1.593033790588379, "max": 93.14971160888672, "mean": 51.19222851581217, "std": 21.25660739431016}, "diff": {"min": -61.881568908691406, "max": 39.875179290771484, "mean": -0.7714812335779717}, "misc": {"rmse": 11.46418804139453, "corr": 0.8462315743552686}, "unit": "%"}