{"ref": {"min": 0.0, "max": 69.48441314697266, "mean": 17.85489803851427}, "ref_regrid": {"min": 0.0, "max": 69.48441314697266, "mean": 17.85489803851427, "std": 11.441546744789502}, "test": {"min": 0.0, "max": 89.92157745361328, "mean": 26.956460538046095}, "test_regrid": {"min": 0.0, "max": 88.60708618164062, "mean": 26.92907765202322, "std": 17.67543665101131}, "diff": {"min": -54.86695098876953, "max": 62.053462982177734, "mean": 9.722380224388118}, "misc": {"rmse": 15.826869547049204, "corr": 0.7042703914649296}, "unit": "%"}