{"ref": {"min": 0.8799919486045837, "max": 52.6694221496582, "mean": 18.74272682051167}, "ref_regrid": {"min": 0.8799919486045837, "max": 52.6694221496582, "mean": 18.74272682051167, "std": 10.096986277108149}, "test": {"min": 0.0, "max": 78.3459243774414, "mean": 27.32633722537366}, "test_regrid": {"min": 0.0, "max": 71.67481994628906, "mean": 27.327388705324893, "std": 14.8329556598244}, "diff": {"min": -33.32124328613281, "max": 42.733238220214844, "mean": 8.584661890178374}, "misc": {"rmse": 12.77359531531421, "corr": 0.7761910280045758}, "unit": "%"}