{"ref": {"min": 2.161774158477783, "max": 53.08824920654297, "mean": 33.22098290316175}, "ref_regrid": {"min": 2.161774158477783, "max": 53.08824920654297, "mean": 33.22098290316175, "std": 9.693763943477121}, "test": {"min": 0.4382980763912201, "max": 50.4967155456543, "mean": 23.86441683419936}, "test_regrid": {"min": 1.34279465675354, "max": 47.9223518371582, "mean": 23.864839807113565, "std": 8.956245321740171}, "diff": {"min": -33.28158187866211, "max": 31.713289260864258, "mean": -9.356143093289843}, "misc": {"rmse": 11.964690522318149, "corr": 0.6828343435101305}, "unit": "%"}