{"ref": {"min": 1.3188061714172363, "max": 62.72118377685547, "mean": 33.227318606403195}, "ref_regrid": {"min": 1.3188061714172363, "max": 62.72118377685547, "mean": 33.227318606403195, "std": 10.577890831547858}, "test": {"min": 0.0, "max": 100.00000762939453, "mean": 24.009955411371276}, "test_regrid": {"min": 0.0, "max": 86.85887908935547, "mean": 23.97546671093328, "std": 9.904397378749307}, "diff": {"min": -36.05757141113281, "max": 34.56795883178711, "mean": -9.367592387302395}, "misc": {"rmse": 13.333734573462085, "corr": 0.5613861588612693}, "unit": "%"}