{"ref": {"min": 0.16481849551200867, "max": 63.86552810668945, "mean": 19.329815729170953}, "ref_regrid": {"min": 0.16481849551200867, "max": 63.86552810668945, "mean": 19.329815729170953, "std": 11.615183176838439}, "test": {"min": 0.0, "max": 100.0, "mean": 27.65708788274369}, "test_regrid": {"min": 0.0, "max": 91.64864349365234, "mean": 27.61768084210144, "std": 16.888913503902746}, "diff": {"min": -35.44797134399414, "max": 63.21438217163086, "mean": 8.504284090638434}, "misc": {"rmse": 14.294722887795102, "corr": 0.730356664488289}, "unit": "%"}