{"ref": {"min": 1.226252555847168, "max": 74.06302642822266, "mean": 34.016684119044605}, "ref_regrid": {"min": 1.226252555847168, "max": 74.06302642822266, "mean": 34.016684119044605, "std": 10.517233058176492}, "test": {"min": 0.0, "max": 89.61430358886719, "mean": 23.590079308394678}, "test_regrid": {"min": 0.0, "max": 75.876953125, "mean": 23.565514438847327, "std": 11.136592020756366}, "diff": {"min": -49.31794357299805, "max": 39.47876739501953, "mean": -10.352079336979251}, "misc": {"rmse": 13.839692383429762, "corr": 0.6327475220535893}, "unit": "%"}