{"ref": {"min": 1.5662976503372192, "max": 96.04283142089844, "mean": 51.87158207270636}, "ref_regrid": {"min": 1.5662976503372192, "max": 96.04283142089844, "mean": 51.87158207270636, "std": 18.455742008848887}, "test": {"min": 0.0, "max": 100.0, "mean": 50.54653986171671}, "test_regrid": {"min": 0.0, "max": 99.05670166015625, "mean": 50.49459213237414, "std": 24.24930580147335}, "diff": {"min": -80.18737030029297, "max": 60.714969635009766, "mean": -0.6296989837721133}, "misc": {"rmse": 15.893318414970791, "corr": 0.7485592028253597}, "unit": "%"}