{"ref": {"min": 2.686955690383911, "max": 92.18299102783203, "mean": 52.557134344266764}, "ref_regrid": {"min": 2.686955690383911, "max": 92.18299102783203, "mean": 52.557134344266764, "std": 18.479051632160107}, "test": {"min": 0.0, "max": 100.00000762939453, "mean": 51.66704330221145}, "test_regrid": {"min": 0.0, "max": 99.92233276367188, "mean": 51.59314751211934, "std": 22.62600443431808}, "diff": {"min": -52.86751937866211, "max": 51.25825881958008, "mean": -0.8633083567852283}, "misc": {"rmse": 13.455502851634668, "corr": 0.8027058365917147}, "unit": "%"}