{"ref": {"min": -2.296515941619873, "max": 422.51849365234375, "mean": 280.604404839116}, "ref_regrid": {"min": -2.296515941619873, "max": 422.51849365234375, "mean": 280.604404839116, "std": 123.18516429728474}, "test": {"min": 0.0, "max": 417.67059326171875, "mean": 281.97740086230414}, "test_regrid": {"min": 0.0, "max": 417.67059326171875, "mean": 281.97740086230414, "std": 123.81456329006501}, "diff": {"min": -103.95037841796875, "max": 157.10955810546875, "mean": 1.3729960231929887}, "misc": {"rmse": 9.63977995873629, "corr": 0.9970284739447592}, "unit": "W/m2"}