{"ref": {"min": -0.40577608346939087, "max": 408.4105224609375, "mean": 235.77068095480146}, "ref_regrid": {"min": -0.40577608346939087, "max": 408.4105224609375, "mean": 235.77068095480146, "std": 107.57250181432906}, "test": {"min": 0.0, "max": 408.6015930175781, "mean": 232.01654354587612}, "test_regrid": {"min": 0.0, "max": 408.6015930175781, "mean": 232.01654354587612, "std": 109.39961115652835}, "diff": {"min": -97.25691223144531, "max": 104.02655029296875, "mean": -3.754137408924848}, "misc": {"rmse": 18.327465735870604, "corr": 0.9864695117665702}, "unit": "W/m2"}