{"ref": {"min": 0.11236985772848129, "max": 11.87365436553955, "mean": 0.35300244221149707}, "ref_regrid": {"min": 0.11236985772848129, "max": 11.87365436553955, "mean": 0.35300244221149707, "std": 0.4421950833694964}, "test": {"min": 0.10257860273122787, "max": 0.7175245881080627, "mean": 0.3433085266792322}, "test_regrid": {"min": 0.10257860273122787, "max": 0.7175245881080627, "mean": 0.3433085266792322, "std": 0.1400867216645659}, "diff": {"min": -11.36812686920166, "max": 0.3892786204814911, "mean": -0.00981680550567728}, "misc": {"rmse": 0.4134668680121304, "corr": 0.3576053886030825}, "unit": "dimensionless"}