{"ref": {"min": 48.74455261230469, "max": 361.65155029296875, "mean": 240.53872525702207}, "ref_regrid": {"min": 48.74455261230469, "max": 361.65155029296875, "mean": 240.53872525702207, "std": 80.0511881249048}, "test": {"min": 47.7203483581543, "max": 363.4049072265625, "mean": 237.70454594757652}, "test_regrid": {"min": 47.7203483581543, "max": 363.4049072265625, "mean": 237.70454594757652, "std": 79.93771773563161}, "diff": {"min": -74.77804565429688, "max": 79.70358276367188, "mean": -2.8341793094455303}, "misc": {"rmse": 11.898652186461586, "corr": 0.9895663232792574}, "unit": "W/m2"}