{"ref": {"min": -178.86956787109375, "max": 135.5657196044922, "mean": -7.587945815334528}, "ref_regrid": {"min": -178.86956787109375, "max": 135.5657196044922, "mean": -7.587945815334528, "std": 86.49076487438559}, "test": {"min": -178.81585693359375, "max": 137.15472412109375, "mean": -5.908487257189809}, "test_regrid": {"min": -178.81585693359375, "max": 137.15472412109375, "mean": -5.908487257189809, "std": 87.87739258256825}, "diff": {"min": -78.51890563964844, "max": 97.6639633178711, "mean": 1.679458556491831}, "misc": {"rmse": 15.349316290737466, "corr": 0.9848131257690663}, "unit": "W/m2"}