{"ref": {"min": 0.0, "max": 485.7620544433594, "mean": 350.0313487062354}, "ref_regrid": {"min": 0.0, "max": 485.7620544433594, "mean": 350.0313487062354, "std": 146.54179105452178}, "test": {"min": 0.0, "max": 486.05078125, "mean": 350.634981698546}, "test_regrid": {"min": 0.0, "max": 486.05078125, "mean": 350.634981698546, "std": 146.41212314681786}, "diff": {"min": -1.466583251953125, "max": 3.42822265625, "mean": 0.6036329923101829}, "misc": {"rmse": 1.0485130696020137, "corr": 0.9999832651683257}, "unit": "W/m2"}