{"ref": {"min": -192.11895751953125, "max": 145.4565887451172, "mean": 7.518282477003563}, "ref_regrid": {"min": -192.11895751953125, "max": 145.4565887451172, "mean": 7.518282477003563, "std": 95.45098026422347}, "test": {"min": -189.75064086914062, "max": 155.88302612304688, "mean": 8.8758119150413}, "test_regrid": {"min": -189.75064086914062, "max": 155.88302612304688, "mean": 8.8758119150413, "std": 98.19293136577879}, "diff": {"min": -74.91558074951172, "max": 119.98286437988281, "mean": 1.357529437856637}, "misc": {"rmse": 13.26041336455299, "corr": 0.9911189434485073}, "unit": "W/m2"}