{"ref": {"min": 0.08488251268863678, "max": 0.7165048718452454, "mean": 0.1726300744982379}, "ref_regrid": {"min": 0.08488251268863678, "max": 0.7165048718452454, "mean": 0.1726300744982379, "std": 0.12435575607766346}, "test": {"min": 0.08756359666585922, "max": 0.7211228609085083, "mean": 0.1703155429403375}, "test_regrid": {"min": 0.08756359666585922, "max": 0.7211228609085083, "mean": 0.1703155429403375, "std": 0.11843441171642351}, "diff": {"min": -0.28728458285331726, "max": 0.28765350580215454, "mean": -0.002314531558074067}, "misc": {"rmse": 0.027994875491358116, "corr": 0.9747659684755967}, "unit": "dimensionless"}