{"ref": {"min": -123.16873168945312, "max": 27.011701583862305, "mean": -47.12910970777184}, "ref_regrid": {"min": -123.16873168945312, "max": 27.011701583862305, "mean": -47.12910970777184, "std": 20.52800059306853}, "test": {"min": -115.10005187988281, "max": -0.3007325232028961, "mean": -50.551580020913676}, "test_regrid": {"min": -115.10005187988281, "max": -0.3007325232028961, "mean": -50.551580020913676, "std": 21.73177099526134}, "diff": {"min": -50.346221923828125, "max": 81.33815002441406, "mean": -3.4224703137001913}, "misc": {"rmse": 12.362395468599097, "corr": 0.8434617964248847}, "unit": "W/m2"}