{"ref": {"min": 98.9504165649414, "max": 335.540283203125, "mean": 243.35891681976017}, "ref_regrid": {"min": 98.9504165649414, "max": 335.540283203125, "mean": 243.35891681976017, "std": 35.40393278151316}, "test": {"min": 98.4404067993164, "max": 322.0716552734375, "mean": 238.0521115317323}, "test_regrid": {"min": 98.4404067993164, "max": 322.0716552734375, "mean": 238.0521115317323, "std": 35.6706723129915}, "diff": {"min": -52.31285095214844, "max": 53.88127136230469, "mean": -5.306805288027879}, "misc": {"rmse": 11.535008765527555, "corr": 0.9584984630380388}, "unit": "W/m2"}