{"ref": {"min": 0.0, "max": 458.9302062988281, "mean": 330.09371713397167}, "ref_regrid": {"min": 0.0, "max": 458.9302062988281, "mean": 330.09371713397167, "std": 138.96559569844823}, "test": {"min": 0.0, "max": 460.18658447265625, "mean": 330.5314226201745}, "test_regrid": {"min": 0.0, "max": 460.18658447265625, "mean": 330.5314226201745, "std": 139.84367359055804}, "diff": {"min": -2.7635650634765625, "max": 4.3326416015625, "mean": 0.4377054862026566}, "misc": {"rmse": 1.467219210591116, "corr": 0.9999693780357013}, "unit": "W/m2"}