{"ref": {"min": -126.68984985351562, "max": 93.43226623535156, "mean": -18.804420153171556}, "ref_regrid": {"min": -126.68984985351562, "max": 93.43226623535156, "mean": -18.804420153171556, "std": 27.146851983907705}, "test": {"min": -142.93898010253906, "max": 29.33934783935547, "mean": -24.555325340043197}, "test_regrid": {"min": -142.93898010253906, "max": 29.33934783935547, "mean": -24.555325340043197, "std": 30.15311851245516}, "diff": {"min": -140.50177001953125, "max": 96.09349060058594, "mean": -5.750905185624107}, "misc": {"rmse": 17.50216286192912, "corr": 0.8386102249544983}, "unit": "W/m2"}