{"ref": {"min": 0.005112439393997192, "max": 2.3552944660186768, "mean": 0.1860483627415973}, "ref_regrid": {"min": 0.005112439393997192, "max": 2.3552944660186768, "mean": 0.1860483627415973, "std": 0.1678923147506962}, "test": {"min": 0.08483648300170898, "max": 0.7137988209724426, "mean": 0.17883689085692187}, "test_regrid": {"min": 0.08483648300170898, "max": 0.7137988209724426, "mean": 0.17883689085692187, "std": 0.12736382662226312}, "diff": {"min": -1.671180009841919, "max": 0.6156657934188843, "mean": -0.007616032798206674}, "misc": {"rmse": 0.08400316892718815, "corr": 0.8753248069387051}, "unit": "dimensionless"}