{"ref": {"min": 0.08180353045463562, "max": 2.6268465518951416, "mean": 0.19976020267868633}, "ref_regrid": {"min": 0.08180353045463562, "max": 2.6268465518951416, "mean": 0.19976020267868633, "std": 0.19397377250521664}, "test": {"min": 0.08449625223875046, "max": 0.7143515944480896, "mean": 0.19166648572160183}, "test_regrid": {"min": 0.08449625223875046, "max": 0.7143515944480896, "mean": 0.19166648572160183, "std": 0.1486494915681479}, "diff": {"min": -2.0663363933563232, "max": 0.4229033887386322, "mean": -0.008305168747177061}, "misc": {"rmse": 0.10381792630321321, "corr": 0.8500402171910758}, "unit": "dimensionless"}