{"ref": {"min": -80.45884704589844, "max": 42.60628128051758, "mean": -21.14949465537612}, "ref_regrid": {"min": -80.45884704589844, "max": 42.60628128051758, "mean": -21.14949465537612, "std": 15.111112567974738}, "test": {"min": -73.72124481201172, "max": 12.853448867797852, "mean": -25.665871195582913}, "test_regrid": {"min": -73.72124481201172, "max": 12.853448867797852, "mean": -25.665871195582913, "std": 15.661985516827299}, "diff": {"min": -53.876094818115234, "max": 80.64057922363281, "mean": -4.516376541453174}, "misc": {"rmse": 11.324748341436068, "corr": 0.7727874360074263}, "unit": "W/m2"}