{"ref": {"min": 0.12994979321956635, "max": 0.7222715616226196, "mean": 0.3153896050942387}, "ref_regrid": {"min": 0.12994979321956635, "max": 0.7222715616226196, "mean": 0.3153896050942387, "std": 0.11964410187933902}, "test": {"min": 0.12044936418533325, "max": 0.7245157361030579, "mean": 0.32470536225162094}, "test_regrid": {"min": 0.12044936418533325, "max": 0.7245157361030579, "mean": 0.32470536225162094, "std": 0.11934819578694017}, "diff": {"min": -0.20767861604690552, "max": 0.21195080876350403, "mean": 0.009315757157546591}, "misc": {"rmse": 0.034896702212249074, "corr": 0.9604004286448289}, "unit": "dimensionless"}