{"ref": {"min": 160.51141357421875, "max": 335.255859375, "mean": 262.5859621338236}, "ref_regrid": {"min": 160.51141357421875, "max": 335.255859375, "mean": 262.5859621338236, "std": 33.313341177557945}, "test": {"min": 150.98532104492188, "max": 307.76068115234375, "mean": 258.56470689554203}, "test_regrid": {"min": 150.98532104492188, "max": 307.76068115234375, "mean": 258.56470689554203, "std": 31.705108123081796}, "diff": {"min": -40.39176940917969, "max": 23.740325927734375, "mean": -4.021255238281539}, "misc": {"rmse": 7.602474372200623, "corr": 0.9815183697158829}, "unit": "W/m2"}