{"ref": {"min": -0.2501252293586731, "max": 412.6761169433594, "mean": 244.34983641575232}, "ref_regrid": {"min": -0.2501252293586731, "max": 412.6761169433594, "mean": 244.34983641575232, "std": 116.67394075406266}, "test": {"min": 0.0, "max": 434.5711975097656, "mean": 243.2434465030744}, "test_regrid": {"min": 0.0, "max": 434.5711975097656, "mean": 243.2434465030744, "std": 118.89101770627305}, "diff": {"min": -101.20128631591797, "max": 119.7769775390625, "mean": -1.1063899126783696}, "misc": {"rmse": 15.012384299423232, "corr": 0.9920977386669867}, "unit": "W/m2"}