{"ref": {"min": -0.9978517293930054, "max": 444.03204345703125, "mean": 295.88950078993827}, "ref_regrid": {"min": -0.9978517293930054, "max": 444.03204345703125, "mean": 295.88950078993827, "std": 139.02236570116213}, "test": {"min": 0.0, "max": 442.0833740234375, "mean": 296.4193896793453}, "test_regrid": {"min": 0.0, "max": 442.0833740234375, "mean": 296.4193896793453, "std": 139.1458028163606}, "diff": {"min": -150.72268676757812, "max": 159.37887573242188, "mean": 0.5298888894090921}, "misc": {"rmse": 10.725504783636449, "corr": 0.9970342700391709}, "unit": "W/m2"}