{"ref": {"min": -180.34458923339844, "max": 16.480581283569336, "mean": -51.53966830717275}, "ref_regrid": {"min": -180.34458923339844, "max": 16.480581283569336, "mean": -51.53966830717275, "std": 37.78160420371699}, "test": {"min": -175.36671447753906, "max": 4.006317976745777e-05, "mean": -53.17594321319783}, "test_regrid": {"min": -175.36671447753906, "max": 4.006317976745777e-05, "mean": -53.17594321319783, "std": 37.79371767017541}, "diff": {"min": -76.1802978515625, "max": 111.38977813720703, "mean": -1.6362749051531218}, "misc": {"rmse": 14.6107440330553, "corr": 0.92618698007864}, "unit": "W/m2"}