{"ref": {"min": -0.7506428956985474, "max": 70.79984283447266, "mean": 25.979615053600806}, "ref_regrid": {"min": -0.7506428956985474, "max": 70.79984283447266, "mean": 25.979615053600806, "std": 11.14259693660572}, "test": {"min": -0.85126131772995, "max": 77.87348175048828, "mean": 24.885708821211317}, "test_regrid": {"min": -0.85126131772995, "max": 77.87348175048828, "mean": 24.885708821211317, "std": 10.740274048134289}, "diff": {"min": -40.08753967285156, "max": 25.802623748779297, "mean": -1.0939062322343114}, "misc": {"rmse": 5.7731333994677, "corr": 0.8664270065048296}, "unit": "W/m2"}