{"ref": {"min": 171.9996795654297, "max": 416.3752136230469, "mean": 340.10780904397643}, "ref_regrid": {"min": 171.9996795654297, "max": 416.3752136230469, "mean": 340.10780904397643, "std": 72.8293803821166}, "test": {"min": 171.412353515625, "max": 415.8894958496094, "mean": 340.4784045663767}, "test_regrid": {"min": 171.412353515625, "max": 415.8894958496094, "mean": 340.4784045663767, "std": 72.84704814838197}, "diff": {"min": -1.7783355712890625, "max": 2.26080322265625, "mean": 0.37059552240032795}, "misc": {"rmse": 0.8414827566788081, "corr": 0.9999462404259936}, "unit": "W/m2"}