{"ref": {"min": 100.40849304199219, "max": 348.1108093261719, "mean": 269.3883669197153}, "ref_regrid": {"min": 100.40849304199219, "max": 348.1108093261719, "mean": 269.3883669197153, "std": 32.02835353866189}, "test": {"min": 97.43236541748047, "max": 326.75775146484375, "mean": 263.4576434086133}, "test_regrid": {"min": 97.43236541748047, "max": 326.75775146484375, "mean": 263.4576434086133, "std": 31.81632538546472}, "diff": {"min": -35.708740234375, "max": 19.780364990234375, "mean": -5.930723511101951}, "misc": {"rmse": 8.233761986787025, "corr": 0.9840158904229379}, "unit": "W/m2"}