{"ref": {"min": -126.12397003173828, "max": 104.13066864013672, "mean": 0.8190207446724133}, "ref_regrid": {"min": -126.12397003173828, "max": 104.13066864013672, "mean": 0.8190207446724133, "std": 56.114281089416515}, "test": {"min": -127.27694702148438, "max": 93.17353820800781, "mean": 1.9962371888536512}, "test_regrid": {"min": -127.27694702148438, "max": 93.17353820800781, "mean": 1.9962371888536512, "std": 54.171905722940046}, "diff": {"min": -53.355186462402344, "max": 74.60867309570312, "mean": 1.1772164452947396}, "misc": {"rmse": 10.194515254177086, "corr": 0.9837540442748909}, "unit": "W/m2"}