{"ref": {"min": -3.4756319522857666, "max": 86.5676040649414, "mean": 26.029326442923338}, "ref_regrid": {"min": -3.4756319522857666, "max": 86.5676040649414, "mean": 26.029326442923338, "std": 14.625755366705784}, "test": {"min": -2.1013755798339844, "max": 101.15950775146484, "mean": 25.40553192876821}, "test_regrid": {"min": -2.1013755798339844, "max": 101.15950775146484, "mean": 25.40553192876821, "std": 15.608956141458805}, "diff": {"min": -48.375328063964844, "max": 45.61408996582031, "mean": -0.6237945148621651}, "misc": {"rmse": 7.913324525327347, "corr": 0.8658194463400551}, "unit": "W/m2"}