{"ref": {"min": -138.83755493164062, "max": 47.43553924560547, "mean": -25.785587100815412}, "ref_regrid": {"min": -138.83755493164062, "max": 47.43553924560547, "mean": -25.785587100815412, "std": 34.34603624472838}, "test": {"min": -140.00616455078125, "max": 44.62135314941406, "mean": -29.11280852075765}, "test_regrid": {"min": -140.00616455078125, "max": 44.62135314941406, "mean": -29.11280852075765, "std": 32.83799181170689}, "diff": {"min": -82.09764099121094, "max": 108.51541900634766, "mean": -3.327221421183708}, "misc": {"rmse": 13.39605641693059, "corr": 0.9263603260906742}, "unit": "W/m2"}