{"ref": {"min": 49.777557373046875, "max": 380.6600036621094, "mean": 287.6678107722089}, "ref_regrid": {"min": 49.777557373046875, "max": 380.6600036621094, "mean": 287.6678107722089, "std": 84.05448995541911}, "test": {"min": 49.036102294921875, "max": 379.3840026855469, "mean": 288.25612602874884}, "test_regrid": {"min": 49.036102294921875, "max": 379.3840026855469, "mean": 288.25612602874884, "std": 82.52977901562149}, "diff": {"min": -91.99855041503906, "max": 59.542388916015625, "mean": 0.588315256539896}, "misc": {"rmse": 7.397190252464009, "corr": 0.9962485531563893}, "unit": "W/m2"}