{"ref": {"min": -151.58319091796875, "max": 79.16243743896484, "mean": -44.83374659489761}, "ref_regrid": {"min": -151.58319091796875, "max": 79.16243743896484, "mean": -44.83374659489761, "std": 30.323837378431975}, "test": {"min": -169.77163696289062, "max": 5.931894406785432e-07, "mean": -49.9608572703702}, "test_regrid": {"min": -169.77163696289062, "max": 5.931894406785432e-07, "mean": -49.9608572703702, "std": 34.70071752563647}, "diff": {"min": -143.28460693359375, "max": 100.75594329833984, "mean": -5.127110676636979}, "misc": {"rmse": 19.40353632501054, "corr": 0.8426941950462441}, "unit": "W/m2"}