{"ref": {"min": 0.10982251912355423, "max": 4.766549587249756, "mean": 0.3297889421382147}, "ref_regrid": {"min": 0.10982251912355423, "max": 4.766549587249756, "mean": 0.3297889421382147, "std": 0.22326677421821006}, "test": {"min": 0.1118970587849617, "max": 0.7282820343971252, "mean": 0.3346599776181759}, "test_regrid": {"min": 0.1118970587849617, "max": 0.7282820343971252, "mean": 0.3346599776181759, "std": 0.13329990541261083}, "diff": {"min": -4.180170059204102, "max": 0.2872177064418793, "mean": 0.004601726083326056}, "misc": {"rmse": 0.17045759003033636, "corr": 0.6482769202870013}, "unit": "dimensionless"}