{"ref": {"min": 126.9314956665039, "max": 328.54144287109375, "mean": 265.69900589079987}, "ref_regrid": {"min": 126.9314956665039, "max": 328.54144287109375, "mean": 265.69900589079987, "std": 30.002741147238154}, "test": {"min": 120.53658294677734, "max": 300.0919494628906, "mean": 260.7291324448094}, "test_regrid": {"min": 120.53658294677734, "max": 300.0919494628906, "mean": 260.7291324448094, "std": 29.654986860372425}, "diff": {"min": -40.90228271484375, "max": 15.40966796875, "mean": -4.969873445990467}, "misc": {"rmse": 7.042252720787997, "corr": 0.9860785161982456}, "unit": "W/m2"}