{"ref": {"min": 145.6620635986328, "max": 302.7248229980469, "mean": 236.83194240084373}, "ref_regrid": {"min": 145.6620635986328, "max": 302.7248229980469, "mean": 236.83194240084373, "std": 32.713616599200876}, "test": {"min": 149.7428741455078, "max": 303.1637268066406, "mean": 234.50157223778137}, "test_regrid": {"min": 149.7428741455078, "max": 303.1637268066406, "mean": 234.50157223778137, "std": 32.89911352319036}, "diff": {"min": -46.762664794921875, "max": 48.52662658691406, "mean": -2.3303701630623195}, "misc": {"rmse": 10.418254135894557, "corr": 0.9521137830531913}, "unit": "W/m2"}