{"ref": {"min": -1.3253010511398315, "max": 87.96563720703125, "mean": 25.754081203069898}, "ref_regrid": {"min": -1.3253010511398315, "max": 87.96563720703125, "mean": 25.754081203069898, "std": 14.661491428128645}, "test": {"min": -0.3815683424472809, "max": 105.00249481201172, "mean": 24.063134691303738}, "test_regrid": {"min": -0.3815683424472809, "max": 105.00249481201172, "mean": 24.063134691303738, "std": 14.203703201985089}, "diff": {"min": -43.70579147338867, "max": 44.321712493896484, "mean": -1.6909465113074587}, "misc": {"rmse": 7.976109821744399, "corr": 0.8546213839847338}, "unit": "W/m2"}