{"ref": {"min": 125.33975982666016, "max": 300.458251953125, "mean": 239.71985605726766}, "ref_regrid": {"min": 125.33975982666016, "max": 300.458251953125, "mean": 239.71985605726766, "std": 29.696996635623467}, "test": {"min": 121.16664123535156, "max": 292.5031433105469, "mean": 235.8434236002741}, "test_regrid": {"min": 121.16664123535156, "max": 292.5031433105469, "mean": 235.8434236002741, "std": 30.325921054317387}, "diff": {"min": -31.051071166992188, "max": 40.695404052734375, "mean": -3.876432456993546}, "misc": {"rmse": 8.538353486311848, "corr": 0.9680868743980117}, "unit": "W/m2"}