{"ref": {"min": 0.0, "max": 82.48567199707031, "mean": 10.191555449498114}, "ref_regrid": {"min": 0.0, "max": 82.48567199707031, "mean": 10.191555449498114, "std": 9.103599825479831}, "test": {"min": 0.0, "max": 64.38819885253906, "mean": 12.128551543568905}, "test_regrid": {"min": 0.0, "max": 64.38819885253906, "mean": 12.128551543568905, "std": 11.12993492285157}, "diff": {"min": -82.48567199707031, "max": 52.81085968017578, "mean": 3.732411511426016}, "misc": {"rmse": 10.500648516746532, "corr": 0.5022862575787025}, "unit": "%"}