{"ref": {"min": 0.01384148932993412, "max": 99.70531463623047, "mean": 22.94710062746122}, "ref_regrid": {"min": 0.01384148932993412, "max": 99.70531463623047, "mean": 22.94710062746122, "std": 14.502799211971611}, "test": {"min": 0.0, "max": 100.0, "mean": 27.657087858375593}, "test_regrid": {"min": 0.0, "max": 100.0, "mean": 27.657087858375593, "std": 17.16292733694716}, "diff": {"min": -77.80498504638672, "max": 63.127864837646484, "mean": 5.522874079046401}, "misc": {"rmse": 10.700086467562365, "corr": 0.8252134176108006}, "unit": "%"}