{"ref": {"min": 0.0, "max": 78.47740936279297, "mean": 11.140974952076878}, "ref_regrid": {"min": 0.0, "max": 78.47740936279297, "mean": 11.140974952076878, "std": 8.38826288988657}, "test": {"min": 0.0, "max": 46.21684265136719, "mean": 12.529807913327971}, "test_regrid": {"min": 0.0, "max": 46.21684265136719, "mean": 12.529807913327971, "std": 8.876240453491098}, "diff": {"min": -73.4245376586914, "max": 38.9858283996582, "mean": 2.8159072048347524}, "misc": {"rmse": 7.507185577861714, "corr": 0.6508094396450285}, "unit": "%"}