{"ref": {"min": 0.03668496385216713, "max": 71.37805938720703, "mean": 21.14758959923811}, "ref_regrid": {"min": 0.03668496385216713, "max": 71.37805938720703, "mean": 21.14758959923811, "std": 9.682800284520189}, "test": {"min": 0.0, "max": 73.28518676757812, "mean": 15.798680282994082}, "test_regrid": {"min": 0.0, "max": 73.28518676757812, "mean": 15.798680282994082, "std": 12.178310951669689}, "diff": {"min": -47.569297790527344, "max": 28.957504272460938, "mean": -1.511138885234124}, "misc": {"rmse": 9.241921353839286, "corr": 0.6394032983643444}, "unit": "%"}