{"ref": {"min": 1.4498294591903687, "max": 100.00001525878906, "mean": 54.12428576514328}, "ref_regrid": {"min": 1.4498294591903687, "max": 100.00001525878906, "mean": 54.12428576514328, "std": 20.01720801139972}, "test": {"min": 0.0, "max": 100.00001525878906, "mean": 51.650950796181824}, "test_regrid": {"min": 0.0, "max": 100.00001525878906, "mean": 51.650950796181824, "std": 22.875938333390476}, "diff": {"min": -80.89883422851562, "max": 51.120445251464844, "mean": 0.6344491157541305}, "misc": {"rmse": 12.398765979131882, "corr": 0.8236351324939729}, "unit": "%"}