{"ref": {"min": 0.0, "max": 99.70531463623047, "mean": 22.23703719439472}, "ref_regrid": {"min": 0.0, "max": 99.70531463623047, "mean": 22.23703719439472, "std": 12.37840554969291}, "test": {"min": 0.0, "max": 78.34591674804688, "mean": 27.325352077255882}, "test_regrid": {"min": 0.0, "max": 78.34591674804688, "mean": 27.325352077255882, "std": 14.98683448507456}, "diff": {"min": -77.3485336303711, "max": 53.00244903564453, "mean": 6.2560353320568005}, "misc": {"rmse": 10.252124649506868, "corr": 0.8257241408856414}, "unit": "%"}