{"ref": {"min": 0.23833884298801422, "max": 87.03005981445312, "mean": 32.12636873034661}, "ref_regrid": {"min": 0.23833884298801422, "max": 87.03005981445312, "mean": 32.12636873034661, "std": 15.89332977333861}, "test": {"min": 0.0, "max": 67.42326354980469, "mean": 28.84945807569354}, "test_regrid": {"min": 0.0, "max": 67.42326354980469, "mean": 28.84945807569354, "std": 17.77086027694685}, "diff": {"min": -72.85038757324219, "max": 45.166385650634766, "mean": 1.7322627920974156}, "misc": {"rmse": 11.083026862363202, "corr": 0.7662866320212753}, "unit": "%"}