{"ref": {"min": 0.03668496385216713, "max": 98.35171508789062, "mean": 31.33914505121726}, "ref_regrid": {"min": 0.03668496385216713, "max": 98.35171508789062, "mean": 31.33914505121726, "std": 17.26102317637302}, "test": {"min": 0.0, "max": 78.406982421875, "mean": 27.927231824465228}, "test_regrid": {"min": 0.0, "max": 78.406982421875, "mean": 27.927231824465228, "std": 20.29382941721986}, "diff": {"min": -94.71102905273438, "max": 52.129295349121094, "mean": 2.2212726215906784}, "misc": {"rmse": 15.572342291560531, "corr": 0.6375653834019837}, "unit": "%"}