{"ref": {"min": 0.00042465541628189385, "max": 78.47740936279297, "mean": 11.40684457305686}, "ref_regrid": {"min": 0.00042465541628189385, "max": 78.47740936279297, "mean": 11.40684457305686, "std": 9.464456472203404}, "test": {"min": 0.0, "max": 99.33990478515625, "mean": 12.976628691614184}, "test_regrid": {"min": 0.0, "max": 99.33990478515625, "mean": 12.976628691614184, "std": 10.23067674922271}, "diff": {"min": -72.85761260986328, "max": 37.78705596923828, "mean": 2.734093744050751}, "misc": {"rmse": 7.755616772079681, "corr": 0.706329657284256}, "unit": "%"}