{"ref": {"min": 0.23833884298801422, "max": 74.8111343383789, "mean": 31.925213993125823}, "ref_regrid": {"min": 0.23833884298801422, "max": 74.8111343383789, "mean": 31.925213993125823, "std": 7.848108481444504}, "test": {"min": 0.4382980763912201, "max": 50.4967155456543, "mean": 23.844962584891658}, "test_regrid": {"min": 0.4382980763912201, "max": 50.4967155456543, "mean": 23.844962584891658, "std": 9.056885494006426}, "diff": {"min": -52.858375549316406, "max": 30.684751510620117, "mean": -5.322250176619312}, "misc": {"rmse": 8.381873382181563, "corr": 0.6744977536061758}, "unit": "%"}