{"ref": {"min": 0.04792638123035431, "max": 99.961669921875, "mean": 52.644474656542016}, "ref_regrid": {"min": 0.04792638123035431, "max": 99.961669921875, "mean": 52.644474656542016, "std": 19.3041826287826}, "test": {"min": 0.0, "max": 100.0, "mean": 50.52572041019469}, "test_regrid": {"min": 0.0, "max": 100.0, "mean": 50.52572041019469, "std": 24.460900668554554}, "diff": {"min": -94.62290954589844, "max": 50.021461486816406, "mean": 2.7198429009096725}, "misc": {"rmse": 16.273410622031072, "corr": 0.7046267634139171}, "unit": "%"}