{"ref": {"min": 0.1779487282037735, "max": 62.45460891723633, "mean": 20.284346474432265}, "ref_regrid": {"min": 0.1779487282037735, "max": 62.45460891723633, "mean": 20.284346474432265, "std": 8.317527742002724}, "test": {"min": 0.0, "max": 100.00000762939453, "mean": 16.906395317917564}, "test_regrid": {"min": 0.0, "max": 100.00000762939453, "mean": 16.906395317917564, "std": 11.109162456392522}, "diff": {"min": -35.63787841796875, "max": 27.510908126831055, "mean": -0.3033496693446723}, "misc": {"rmse": 6.553713816072755, "corr": 0.7506881241350069}, "unit": "%"}