{"ref": {"min": 0.23833884298801422, "max": 61.24256134033203, "mean": 20.985393778372856}, "ref_regrid": {"min": 0.23833884298801422, "max": 61.24256134033203, "mean": 20.985393778372856, "std": 8.440613638679084}, "test": {"min": 0.0, "max": 42.53341293334961, "mean": 16.31965016569849}, "test_regrid": {"min": 0.0, "max": 42.53341293334961, "mean": 16.31965016569849, "std": 10.36642580492856}, "diff": {"min": -41.51646423339844, "max": 18.738262176513672, "mean": -1.0836444107088736}, "misc": {"rmse": 6.28103307828591, "corr": 0.7630451271888192}, "unit": "%"}