{"ref": {"min": 0.17916147410869598, "max": 87.03005981445312, "mean": 31.691191048330406}, "ref_regrid": {"min": 0.17916147410869598, "max": 87.03005981445312, "mean": 31.691191048330406, "std": 16.416472382549802}, "test": {"min": 0.0, "max": 100.00000762939453, "mean": 29.883023998631923}, "test_regrid": {"min": 0.0, "max": 100.00000762939453, "mean": 29.883023998631923, "std": 18.78716829869169}, "diff": {"min": -79.6173095703125, "max": 45.583133697509766, "mean": 2.430744062762764}, "misc": {"rmse": 11.567015830252865, "corr": 0.7761752633350545}, "unit": "%"}