{"ref": {"min": 0.0, "max": 85.05308532714844, "mean": 20.603242886234}, "ref_regrid": {"min": 0.0, "max": 85.05308532714844, "mean": 20.603242886234, "std": 12.541461432901663}, "test": {"min": 0.0, "max": 89.92158508300781, "mean": 26.95646053974365}, "test_regrid": {"min": 0.0, "max": 89.92158508300781, "mean": 26.95646053974365, "std": 17.89682112200799}, "diff": {"min": -83.44876861572266, "max": 62.995391845703125, "mean": 8.110509621004136}, "misc": {"rmse": 14.621109985118357, "corr": 0.6818784786211219}, "unit": "%"}