{"ref": {"min": 0.04792638123035431, "max": 82.28388977050781, "mean": 32.04123176077985}, "ref_regrid": {"min": 0.04792638123035431, "max": 82.28388977050781, "mean": 32.04123176077985, "std": 9.054399123818023}, "test": {"min": 0.0, "max": 89.61430358886719, "mean": 23.569259867201023}, "test_regrid": {"min": 0.0, "max": 89.61430358886719, "mean": 23.569259867201023, "std": 11.343738368932351}, "diff": {"min": -53.24899673461914, "max": 31.656360626220703, "mean": -5.390666714296948}, "misc": {"rmse": 11.103481436558718, "corr": 0.49720568654800545}, "unit": "%"}