{"ref": {"min": 0.23833884298801422, "max": 100.00001525878906, "mean": 54.1622512587094}, "ref_regrid": {"min": 0.23833884298801422, "max": 100.00001525878906, "mean": 54.1622512587094, "std": 18.837650277048773}, "test": {"min": 0.44383805990219116, "max": 94.70330810546875, "mean": 51.170314666176075}, "test_regrid": {"min": 0.44383805990219116, "max": 94.70330810546875, "mean": 51.170314666176075, "std": 21.41437600612564}, "diff": {"min": -71.03250885009766, "max": 37.872615814208984, "mean": 0.9337851134670071}, "misc": {"rmse": 11.03990752549103, "corr": 0.8424679852900279}, "unit": "%"}