{"ref": {"min": 0.2946954667568207, "max": 64.885009765625, "mean": 31.177185212784252}, "ref_regrid": {"min": 0.2946954667568207, "max": 64.885009765625, "mean": 31.177185212784252, "std": 7.557450482333689}, "test": {"min": 0.0, "max": 100.00000762939453, "mean": 23.99386290517737}, "test_regrid": {"min": 0.0, "max": 100.00000762939453, "mean": 23.99386290517737, "std": 10.19186479454629}, "diff": {"min": -42.99038314819336, "max": 54.11294174194336, "mean": -4.888425094841469}, "misc": {"rmse": 8.720510784069177, "corr": 0.6147594267781062}, "unit": "%"}