{"ref": {"min": -1.3086556196212769, "max": 29.839496612548828, "mean": 19.180686950683594}, "ref_regrid": {"min": -0.36983513832092285, "max": 29.809307098388672, "mean": 19.505505441768626, "std": 8.500597772580296}, "test": {"min": -0.866851806640625, "max": 30.416900634765625, "mean": 19.529627601530585}, "test_regrid": {"min": -0.866851806640625, "max": 30.416900634765625, "mean": 19.56350731732915, "std": 8.765419066547105}, "diff": {"min": -6.764927864074707, "max": 10.24039077758789, "mean": 0.05800187554529153}, "misc": {"rmse": 1.0725235173393106, "corr": 0.9927741687115558}, "unit": "degC"}