{"ref": {"min": -1.484675407409668, "max": 29.342378616333008, "mean": 18.93729019165039}, "ref_regrid": {"min": -0.1419469267129898, "max": 29.342378616333008, "mean": 19.89809952123252, "std": 8.13855447263819}, "test": {"min": -0.828643798828125, "max": 30.345916748046875, "mean": 19.977383546804987}, "test_regrid": {"min": -0.828643798828125, "max": 30.345916748046875, "mean": 19.977383546804987, "std": 8.402143070816308}, "diff": {"min": -7.850595474243164, "max": 7.249385833740234, "mean": 0.07928402557436058}, "misc": {"rmse": 1.1733436734328238, "corr": 0.9904873808973855}, "unit": "degC"}