{"ref": {"min": -0.7537286877632141, "max": 31.61834144592285, "mean": 19.72838020324707}, "ref_regrid": {"min": -0.7537286877632141, "max": 31.44886016845703, "mean": 19.757962412343, "std": 8.300187068494182}, "test": {"min": -1.609100341796875, "max": 30.9329833984375, "mean": 19.720233043637673}, "test_regrid": {"min": -1.609100341796875, "max": 30.9329833984375, "mean": 19.850078644996472, "std": 8.616121330724368}, "diff": {"min": -8.73324966430664, "max": 6.303901672363281, "mean": 0.09211623262989466}, "misc": {"rmse": 1.40075520434533, "corr": 0.9870390515100673}, "unit": "degC"}