{"ref": {"min": -49.34999084472656, "max": 32.633331298828125, "mean": 5.47161509876378}, "ref_regrid": {"min": -49.34999084472656, "max": 32.633331298828125, "mean": 5.47161509876378, "std": 20.011783888435104}, "test": {"min": -38.358245849609375, "max": 32.71942138671875, "mean": 7.0111743962807545}, "test_regrid": {"min": -38.358245849609375, "max": 32.71942138671875, "mean": 7.0111743962807545, "std": 17.259894395628983}, "diff": {"min": -12.488189697265625, "max": 23.802444458007812, "mean": 1.6450747258653942}, "misc": {"rmse": 4.685433866213938, "corr": 0.982926862851766}, "unit": "DegC"}