{"ref": {"min": -13.566650390625, "max": 36.199981689453125, "mean": 19.531672039984958}, "ref_regrid": {"min": -13.566650390625, "max": 36.199981689453125, "mean": 19.531672039984958, "std": 8.271768764373412}, "test": {"min": -10.720947265625, "max": 37.669830322265625, "mean": 20.10879177370424}, "test_regrid": {"min": -10.720947265625, "max": 37.669830322265625, "mean": 20.10879177370424, "std": 8.371663314889517}, "diff": {"min": -8.867340087890625, "max": 11.225860595703125, "mean": 0.569257023359189}, "misc": {"rmse": 1.997184804730435, "corr": 0.9735497536203358}, "unit": "DegC"}