{"ref": {"min": -27.835403442382812, "max": 29.90625, "mean": 12.86625192921656}, "ref_regrid": {"min": -27.835403442382812, "max": 29.90625, "mean": 12.86625192921656, "std": 13.126398730020114}, "test": {"min": -24.774185180664062, "max": 31.071533203125, "mean": 13.59131469503375}, "test_regrid": {"min": -24.774185180664062, "max": 31.071533203125, "mean": 13.59131469503375, "std": 11.745792359507494}, "diff": {"min": -10.681182861328125, "max": 13.274368286132812, "mean": 0.7843369807806524}, "misc": {"rmse": 2.6206580209414514, "corr": 0.9858456875599066}, "unit": "DegC"}