{"ref": {"min": 0.0013245687123392372, "max": 13.01772718507142, "mean": 2.699350182953211}, "ref_regrid": {"min": 0.0013245687123392372, "max": 13.01772718507142, "mean": 2.699350182953211, "std": 2.368899478416219}, "test": {"min": 0.0006091607501730323, "max": 28.662425994873047, "mean": 3.088266968229615}, "test_regrid": {"min": 0.004191912245005369, "max": 23.153823852539062, "mean": 3.088155926542424, "std": 2.8441667523833676}, "diff": {"min": -7.580669317373571, "max": 13.944229155069404, "mean": 0.38880574358921255}, "misc": {"rmse": 1.6552509493260443, "corr": 0.8246537217175094}, "unit": "mm/day"}