{"ref": {"min": 0.0010584112131605155, "max": 24.506083222403042, "mean": 2.7150152377273007}, "ref_regrid": {"min": 0.0010584112131605155, "max": 24.506083222403042, "mean": 2.7150152377273007, "std": 2.517356255300963}, "test": {"min": 2.956644857476931e-05, "max": 29.732885360717773, "mean": 3.150081786429222}, "test_regrid": {"min": 0.00013644959835801274, "max": 21.865142822265625, "mean": 3.1499917472546715, "std": 3.134507662967524}, "diff": {"min": -9.258029906646062, "max": 12.40447473519356, "mean": 0.4349765095273706}, "misc": {"rmse": 1.8299825716635387, "corr": 0.8239214923500757}, "unit": "mm/day"}