{"ref": {"min": 0.010889476943424289, "max": 14.464315852167777, "mean": 2.690499157451325}, "ref_regrid": {"min": 0.010889476943424289, "max": 14.464315852167777, "mean": 2.690499157451325, "std": 1.9335838327045345}, "test": {"min": 0.01058169361203909, "max": 16.336036682128906, "mean": 3.095989224910129}, "test_regrid": {"min": 0.01966998167335987, "max": 15.472023010253906, "mean": 3.095893764623738, "std": 2.2396714609584025}, "diff": {"min": -5.863525941745991, "max": 8.170989955633493, "mean": 0.4053946071724125}, "misc": {"rmse": 1.3020083718473787, "corr": 0.8340652736762668}, "unit": "mm/day"}