{"ref": {"min": -25.460666971916975, "max": 171.63288008288015, "mean": 11.991579840406548}, "ref_regrid": {"min": -25.460666971916975, "max": 171.63288008288015, "mean": 11.991579840406548, "std": 18.938143870465264}, "test": {"min": -116.88508605957031, "max": 213.83062744140625, "mean": 14.315730631050084}, "test_regrid": {"min": -116.88508605957031, "max": 213.83062744140625, "mean": 14.315730631050084, "std": 24.215384413775944}, "diff": {"min": -152.97916997273768, "max": 148.71347981100118, "mean": -0.07163721893260572}, "misc": {"rmse": 13.076060273556546, "corr": 0.7510919000496284}, "unit": "W/m2"}