{"ref": {"min": -2.982777777777779, "max": 323.0266590354091, "mean": 93.30952722651843}, "ref_regrid": {"min": -2.982777777777779, "max": 323.0266590354091, "mean": 93.30952722651843, "std": 45.42298816130826}, "test": {"min": -4.337216377258301, "max": 439.252685546875, "mean": 88.82859948944913}, "test_regrid": {"min": -4.337216377258301, "max": 439.252685546875, "mean": 88.82859948944913, "std": 62.08562788713193}, "diff": {"min": -137.00397008911085, "max": 274.6827227240931, "mean": 18.522135309945106}, "misc": {"rmse": 30.95149238190014, "corr": 0.8971872777960794}, "unit": "W/m2"}