{"ref": {"min": -20.434778693871444, "max": 96.86321293830807, "mean": 10.4281233884849}, "ref_regrid": {"min": -20.434778693871444, "max": 96.86321293830807, "mean": 10.4281233884849, "std": 8.383065856573388}, "test": {"min": -109.08405303955078, "max": 111.1372299194336, "mean": 15.88127334388929}, "test_regrid": {"min": -109.08405303955078, "max": 111.1372299194336, "mean": 15.88127334388929, "std": 18.609133409048578}, "diff": {"min": -127.46695879720849, "max": 84.9038932085377, "mean": 1.3062008849117206}, "misc": {"rmse": 8.723202713100346, "corr": 0.5111201145181697}, "unit": "W/m2"}