{"ref": {"min": -60.24175465838512, "max": 63.547204968944115, "mean": 8.915710182788903}, "ref_regrid": {"min": -60.24175465838512, "max": 63.547204968944115, "mean": 8.915710182788903, "std": 9.391714345951693}, "test": {"min": -105.16020202636719, "max": 152.3235626220703, "mean": 17.837168423866256}, "test_regrid": {"min": -105.16020202636719, "max": 152.3235626220703, "mean": 17.837168423866256, "std": 23.26681623564722}, "diff": {"min": -135.87566020515396, "max": 121.35582439541076, "mean": 2.414671185587972}, "misc": {"rmse": 11.618451546312507, "corr": 0.4542251383205246}, "unit": "W/m2"}