{"ref": {"min": -1.0763698630136984, "max": 229.41295244511463, "mean": 94.3710374450555}, "ref_regrid": {"min": -1.0763698630136984, "max": 229.41295244511463, "mean": 94.3710374450555, "std": 37.40355892275349}, "test": {"min": -0.8005520701408386, "max": 304.8630676269531, "mean": 89.52338121046098}, "test_regrid": {"min": -0.8005520701408386, "max": 304.8630676269531, "mean": 89.52338121046098, "std": 53.24739118778663}, "diff": {"min": -132.3138200277453, "max": 177.4052327656999, "mean": 19.122887213974764}, "misc": {"rmse": 26.855923305247817, "corr": 0.9080407595965188}, "unit": "W/m2"}