{"ref": {"min": -16.033967391304355, "max": 245.18784161490694, "mean": 89.65676405982437}, "ref_regrid": {"min": -16.033967391304355, "max": 245.18784161490694, "mean": 89.65676405982437, "std": 44.83515120072663}, "test": {"min": -22.57526206970215, "max": 326.4154357910156, "mean": 91.58762276720454}, "test_regrid": {"min": -22.57526206970215, "max": 326.4154357910156, "mean": 91.58762276720454, "std": 59.88840660724552}, "diff": {"min": -172.10757768524368, "max": 202.29284322229228, "mean": 19.681045313459897}, "misc": {"rmse": 35.07794998420836, "corr": 0.8732176257210633}, "unit": "W/m2"}