{"ref": {"min": -164.9410400390625, "max": 65.80281066894531, "mean": -49.27696690559233}, "ref_regrid": {"min": -164.9410400390625, "max": 65.80281066894531, "mean": -49.27696690559233, "std": 32.813489993370105}, "test": {"min": -188.76028442382812, "max": 9.505209163762629e-06, "mean": -52.75752862735704}, "test_regrid": {"min": -188.76028442382812, "max": 9.505209163762629e-06, "mean": -52.75752862735704, "std": 37.60188224372724}, "diff": {"min": -146.31483459472656, "max": 118.6485595703125, "mean": -3.4805617216872777}, "misc": {"rmse": 21.397443753797813, "corr": 0.828663152955997}, "unit": "W/m2"}