{"ref": {"min": -30.59368133544922, "max": 177.768798828125, "mean": 52.95240976302248}, "ref_regrid": {"min": -30.59368133544922, "max": 177.768798828125, "mean": 52.95240976302248, "std": 22.90304795391408}, "test": {"min": 2.482710599899292, "max": 153.9519805908203, "mean": 52.84886866554516}, "test_regrid": {"min": 2.482710599899292, "max": 153.9519805908203, "mean": 52.84886866554516, "std": 22.915837444922122}, "diff": {"min": -51.999794006347656, "max": 85.64543151855469, "mean": -0.1035410976849923}, "misc": {"rmse": 12.871793535836296, "corr": 0.8421696239165165}, "unit": "W/m2"}