{"ref": {"min": -112.74266815185547, "max": 90.40404510498047, "mean": -23.128780436069185}, "ref_regrid": {"min": -112.74266815185547, "max": 90.40404510498047, "mean": -23.128780436069185, "std": 22.481220485181844}, "test": {"min": -90.42639923095703, "max": 42.96326446533203, "mean": -26.854661733810854}, "test_regrid": {"min": -90.42639923095703, "max": 42.96326446533203, "mean": -26.854661733810854, "std": 21.072457680813315}, "diff": {"min": -94.83534240722656, "max": 77.02426147460938, "mean": -3.7258812979149702}, "misc": {"rmse": 11.675536685437912, "corr": 0.8728704196147293}, "unit": "W/m2"}