{"ref": {"min": 0.0, "max": 419.117919921875, "mean": 254.7752895740303}, "ref_regrid": {"min": 0.0, "max": 419.117919921875, "mean": 254.7752895740303, "std": 110.7623798157967}, "test": {"min": 0.0, "max": 407.9556579589844, "mean": 254.1075293769992}, "test_regrid": {"min": 0.0, "max": 407.9556579589844, "mean": 254.1075293769992, "std": 111.46711041981665}, "diff": {"min": -65.86323547363281, "max": 50.64192199707031, "mean": -0.6677601970252144}, "misc": {"rmse": 6.911940297657464, "corr": 0.9981033936402793}, "unit": "W/m2"}