{"ref": {"min": -149.14990234375, "max": 164.34701538085938, "mean": -21.202010490434343}, "ref_regrid": {"min": -149.14990234375, "max": 164.34701538085938, "mean": -21.202010490434343, "std": 36.67852171102003}, "test": {"min": -141.0848846435547, "max": 64.89569091796875, "mean": -27.156497271373862}, "test_regrid": {"min": -141.0848846435547, "max": 64.89569091796875, "mean": -27.156497271373862, "std": 38.26690109114017}, "diff": {"min": -181.98431396484375, "max": 76.19244384765625, "mean": -5.954486781150764}, "misc": {"rmse": 18.835745935824253, "corr": 0.8871428901130319}, "unit": "W/m2"}