{"ref": {"min": -4.668854713439941, "max": 160.29884338378906, "mean": 52.509757680225626}, "ref_regrid": {"min": -4.668854713439941, "max": 160.29884338378906, "mean": 52.509757680225626, "std": 18.935893760537002}, "test": {"min": 8.042327880859375, "max": 161.51133728027344, "mean": 50.993941632108935}, "test_regrid": {"min": 8.042327880859375, "max": 161.51133728027344, "mean": 50.993941632108935, "std": 19.39389846503933}, "diff": {"min": -74.05882263183594, "max": 68.0469741821289, "mean": -1.5158160478994527}, "misc": {"rmse": 9.787788788279059, "corr": 0.8729806951885726}, "unit": "W/m2"}