{"ref": {"min": -135.630615234375, "max": 120.72012329101562, "mean": -27.58460173109192}, "ref_regrid": {"min": -135.630615234375, "max": 120.72012329101562, "mean": -27.58460173109192, "std": 40.60619653982511}, "test": {"min": -136.4491424560547, "max": 70.10869598388672, "mean": -28.904991103655608}, "test_regrid": {"min": -136.4491424560547, "max": 70.10869598388672, "mean": -28.904991103655608, "std": 39.66494041862172}, "diff": {"min": -120.0604248046875, "max": 112.41008758544922, "mean": -1.3203893725970468}, "misc": {"rmse": 14.877098608710494, "corr": 0.9321082453641464}, "unit": "W/m2"}