{"ref": {"min": -39.962608337402344, "max": 140.84237670898438, "mean": 28.074956395160164}, "ref_regrid": {"min": -39.962608337402344, "max": 140.84237670898438, "mean": 28.074956395160164, "std": 18.131398820614226}, "test": {"min": 0.26120758056640625, "max": 73.77264404296875, "mean": 25.601031353804853}, "test_regrid": {"min": 0.26120758056640625, "max": 73.77264404296875, "mean": 25.601031353804853, "std": 18.232970562046532}, "diff": {"min": -133.2171630859375, "max": 67.02641296386719, "mean": -2.473925041105514}, "misc": {"rmse": 12.933076391139751, "corr": 0.7562929903442954}, "unit": "W/m2"}