{"ref": {"min": 0.0, "max": 161.22288513183594, "mean": 0.1419318362655311}, "ref_regrid": {"min": 0.0, "max": 161.22288513183594, "mean": 0.1419318362655311, "std": 0.8289844595853354}, "test": {"min": 0.04403478279709816, "max": 0.9605503678321838, "mean": 0.14487829650413925}, "test_regrid": {"min": 0.04403478279709816, "max": 0.9605503678321838, "mean": 0.14487829650413925, "std": 0.18276982487667243}, "diff": {"min": -7.189246654510498, "max": 0.9218394160270691, "mean": 0.006858508245964011}, "misc": {"rmse": 0.07821352546824412, "corr": 0.9049675204122077}, "unit": "dimensionless"}