{"ref": {"min": 71.19640350341797, "max": 423.6934814453125, "mean": 316.6863154866237}, "ref_regrid": {"min": 71.19640350341797, "max": 423.6934814453125, "mean": 316.6863154866237, "std": 76.21339188441013}, "test": {"min": 63.94706726074219, "max": 420.458984375, "mean": 318.15149432767095}, "test_regrid": {"min": 63.94706726074219, "max": 420.458984375, "mean": 318.15149432767095, "std": 75.09599821615402}, "diff": {"min": -86.04965209960938, "max": 93.12196350097656, "mean": 1.4651788410472724}, "misc": {"rmse": 9.098350303147107, "corr": 0.9930648078272765}, "unit": "W/m2"}