{"ref": {"min": 89.48302459716797, "max": 425.5006408691406, "mean": 307.18312891277344}, "ref_regrid": {"min": 89.48302459716797, "max": 425.5006408691406, "mean": 307.18312891277344, "std": 84.77891612384441}, "test": {"min": 87.03168487548828, "max": 421.7921447753906, "mean": 311.26959721303785}, "test_regrid": {"min": 87.03168487548828, "max": 421.7921447753906, "mean": 311.26959721303785, "std": 81.19992895741363}, "diff": {"min": -55.1761474609375, "max": 95.81443786621094, "mean": 4.086468300264393}, "misc": {"rmse": 10.846496064903787, "corr": 0.99359837519405}, "unit": "W/m2"}