{"ref": {"min": 59.768680572509766, "max": 463.06707763671875, "mean": 327.4623152289443}, "ref_regrid": {"min": 59.768680572509766, "max": 463.06707763671875, "mean": 327.4623152289443, "std": 74.90285854544562}, "test": {"min": 54.868858337402344, "max": 439.83966064453125, "mean": 327.84552238586645}, "test_regrid": {"min": 54.868858337402344, "max": 439.83966064453125, "mean": 327.84552238586645, "std": 74.7142959984781}, "diff": {"min": -100.21524047851562, "max": 90.52958679199219, "mean": 0.38320715692218943}, "misc": {"rmse": 9.891787109092663, "corr": 0.9912741629312054}, "unit": "W/m2"}