{"ref": {"min": -18.066986083984375, "max": 212.597412109375, "mean": 81.02736616218827}, "ref_regrid": {"min": -18.066986083984375, "max": 212.597412109375, "mean": 81.02736616218827, "std": 23.84912567093408}, "test": {"min": 30.90133285522461, "max": 156.94210815429688, "mean": 78.44990001954785}, "test_regrid": {"min": 30.90133285522461, "max": 156.94210815429688, "mean": 78.44990001954785, "std": 18.133772054919824}, "diff": {"min": -91.25581359863281, "max": 75.46022033691406, "mean": -2.5774661426282583}, "misc": {"rmse": 11.854534603170313, "corr": 0.8829741796336147}, "unit": "W/m2"}