{"ref": {"min": 0.0, "max": 337.9002990722656, "mean": 206.8338291378857}, "ref_regrid": {"min": 0.0, "max": 337.9002990722656, "mean": 206.8338291378857, "std": 92.58562021168251}, "test": {"min": 0.0, "max": 327.9116516113281, "mean": 207.97181882682864}, "test_regrid": {"min": 0.0, "max": 327.9116516113281, "mean": 207.97181882682864, "std": 93.39530120277708}, "diff": {"min": -107.00772094726562, "max": 156.4239959716797, "mean": 1.137989689056873}, "misc": {"rmse": 11.907590446034739, "corr": 0.9919140100961898}, "unit": "W/m2"}