{"ref": {"min": 54.698787689208984, "max": 300.5588684082031, "mean": 186.64678697958811}, "ref_regrid": {"min": 54.698787689208984, "max": 300.5588684082031, "mean": 186.64678697958811, "std": 55.01332474293225}, "test": {"min": 44.84647750854492, "max": 301.18048095703125, "mean": 183.55424965069832}, "test_regrid": {"min": 44.84647750854492, "max": 301.18048095703125, "mean": 183.55424965069832, "std": 59.09709882340072}, "diff": {"min": -69.24120330810547, "max": 104.68710327148438, "mean": -3.0925373288898332}, "misc": {"rmse": 15.790332099735805, "corr": 0.9656898164737101}, "unit": "W/m2"}