{"ref": {"min": 0.0, "max": 325.5208435058594, "mean": 166.08503335613182}, "ref_regrid": {"min": 0.0, "max": 325.5208435058594, "mean": 166.08503335613182, "std": 85.5849961282983}, "test": {"min": 0.0, "max": 349.4738464355469, "mean": 165.3430765097378}, "test_regrid": {"min": 0.0, "max": 349.4738464355469, "mean": 165.3430765097378, "std": 89.45890579685955}, "diff": {"min": -109.63375091552734, "max": 126.55667877197266, "mean": -0.7419568466492771}, "misc": {"rmse": 16.74155136159153, "corr": 0.9827122447967794}, "unit": "W/m2"}