{"ref": {"min": 90.88525390625, "max": 436.156494140625, "mean": 345.4391985164736}, "ref_regrid": {"min": 90.88525390625, "max": 436.156494140625, "mean": 345.4391985164736, "std": 64.53696981765692}, "test": {"min": 70.9001235961914, "max": 430.53582763671875, "mean": 344.762394859264}, "test_regrid": {"min": 70.9001235961914, "max": 430.53582763671875, "mean": 344.762394859264, "std": 62.9666939604784}, "diff": {"min": -80.744873046875, "max": 60.08154296875, "mean": -0.6768036572096189}, "misc": {"rmse": 11.307551806522966, "corr": 0.9846276149835033}, "unit": "W/m2"}