{"ref": {"min": 107.83670806884766, "max": 331.6125183105469, "mean": 244.23246322007057}, "ref_regrid": {"min": 107.83670806884766, "max": 331.6125183105469, "mean": 244.23246322007057, "std": 50.085053457191634}, "test": {"min": 117.96453094482422, "max": 326.01422119140625, "mean": 244.3108338782254}, "test_regrid": {"min": 117.96453094482422, "max": 326.01422119140625, "mean": 244.3108338782254, "std": 50.04358915404043}, "diff": {"min": -65.96800231933594, "max": 54.244964599609375, "mean": 0.0783706581548091}, "misc": {"rmse": 6.548665245429714, "corr": 0.9914465884495705}, "unit": "W/m2"}