{"ref": {"min": 80.47481536865234, "max": 474.2220153808594, "mean": 355.00112600293124}, "ref_regrid": {"min": 80.47481536865234, "max": 474.2220153808594, "mean": 355.00112600293124, "std": 63.21319598177742}, "test": {"min": 58.014007568359375, "max": 443.0908203125, "mean": 352.2948780529485}, "test_regrid": {"min": 58.014007568359375, "max": 443.0908203125, "mean": 352.2948780529485, "std": 64.08351737408218}, "diff": {"min": -106.67559814453125, "max": 58.222808837890625, "mean": -2.7062479499826866}, "misc": {"rmse": 12.713324396181493, "corr": 0.9810478568767296}, "unit": "W/m2"}