{"ref": {"min": 0.0, "max": 385.0289306640625, "mean": 192.1033853068441}, "ref_regrid": {"min": 0.0, "max": 385.0289306640625, "mean": 192.1033853068441, "std": 90.42770489573651}, "test": {"min": 0.0, "max": 393.6336975097656, "mean": 190.275047199672}, "test_regrid": {"min": 0.0, "max": 393.6336975097656, "mean": 190.275047199672, "std": 93.84342720911518}, "diff": {"min": -117.41096496582031, "max": 127.47795104980469, "mean": -1.8283381071541966}, "misc": {"rmse": 17.762196464594286, "corr": 0.9822953087122056}, "unit": "W/m2"}