{"ref": {"min": 25.346406936645508, "max": 291.7464294433594, "mean": 214.54776541470486}, "ref_regrid": {"min": 25.346406936645508, "max": 291.7464294433594, "mean": 214.54776541470486, "std": 65.63175667673448}, "test": {"min": 26.102462768554688, "max": 288.09002685546875, "mean": 214.77361981824046}, "test_regrid": {"min": 26.102462768554688, "max": 288.09002685546875, "mean": 214.77361981824046, "std": 65.05018077260429}, "diff": {"min": -93.94920349121094, "max": 76.6756591796875, "mean": 0.2258544035355588}, "misc": {"rmse": 9.303369410863521, "corr": 0.9899090859745503}, "unit": "W/m2"}