{"ref": {"min": 0.0, "max": 385.520263671875, "mean": 233.02868839094094}, "ref_regrid": {"min": 0.0, "max": 385.520263671875, "mean": 233.02868839094094, "std": 99.61791668236697}, "test": {"min": 0.0, "max": 389.83642578125, "mean": 233.55103610518046}, "test_regrid": {"min": 0.0, "max": 389.83642578125, "mean": 233.55103610518046, "std": 100.86806791291852}, "diff": {"min": -81.01498413085938, "max": 84.62837219238281, "mean": 0.5223477142363278}, "misc": {"rmse": 8.886804189929643, "corr": 0.9961615484876661}, "unit": "W/m2"}