{"ref": {"min": 0.0, "max": 14.325727462768555, "mean": 0.1620859868294018}, "ref_regrid": {"min": 0.0, "max": 14.325727462768555, "mean": 0.1620859868294018, "std": 0.22259815398636876}, "test": {"min": 0.043046463280916214, "max": 0.9701937437057495, "mean": 0.16996451976425841}, "test_regrid": {"min": 0.043046463280916214, "max": 0.9701937437057495, "mean": 0.16996451976425841, "std": 0.21398539306723194}, "diff": {"min": -13.510360717773438, "max": 0.9684036374092102, "mean": 0.007386046106212338}, "misc": {"rmse": 0.1319779429437716, "corr": 0.8182480717283664}, "unit": "dimensionless"}