{"ref": {"min": -10.19474983215332, "max": 214.08778381347656, "mean": 82.05321748937966}, "ref_regrid": {"min": -10.19474983215332, "max": 214.08778381347656, "mean": 82.05321748937966, "std": 18.25698876987522}, "test": {"min": 48.04016876220703, "max": 143.07086181640625, "mean": 79.39053189930664}, "test_regrid": {"min": 48.04016876220703, "max": 143.07086181640625, "mean": 79.39053189930664, "std": 13.329170415966727}, "diff": {"min": -107.63633728027344, "max": 71.92254638671875, "mean": -2.6626855899404}, "misc": {"rmse": 9.201947909854342, "corr": 0.8904819307447783}, "unit": "W/m2"}