{"ref": {"min": 2.506145477294922, "max": 151.42431640625, "mean": 53.1889904951067}, "ref_regrid": {"min": 2.506145477294922, "max": 151.42431640625, "mean": 53.1889904951067, "std": 18.018741322164626}, "test": {"min": 13.38487434387207, "max": 137.30117797851562, "mean": 52.22758507625927}, "test_regrid": {"min": 13.38487434387207, "max": 137.30117797851562, "mean": 52.22758507625927, "std": 18.43876998739778}, "diff": {"min": -49.40229797363281, "max": 65.17818450927734, "mean": -0.9614054186463592}, "misc": {"rmse": 8.954949351398716, "corr": 0.880975232669377}, "unit": "W/m2"}