{"ref": {"min": 102.1632308959961, "max": 442.8676452636719, "mean": 336.36036413518565}, "ref_regrid": {"min": 102.1632308959961, "max": 442.8676452636719, "mean": 336.36036413518565, "std": 75.1976494701355}, "test": {"min": 92.99323272705078, "max": 434.48974609375, "mean": 338.4664829212653}, "test_regrid": {"min": 92.99323272705078, "max": 434.48974609375, "mean": 338.4664829212653, "std": 69.31517775895401}, "diff": {"min": -61.022003173828125, "max": 72.89627075195312, "mean": 2.1061187860796937}, "misc": {"rmse": 14.488569629116634, "corr": 0.9836081789271962}, "unit": "W/m2"}