{"ref": {"min": 0.02695157751441002, "max": 0.8362855911254883, "mean": 0.14760491743307788}, "ref_regrid": {"min": 0.02695157751441002, "max": 0.8362855911254883, "mean": 0.14760491743307788, "std": 0.1745663972921783}, "test": {"min": 0.0444633774459362, "max": 0.8399531841278076, "mean": 0.1436101107194761}, "test_regrid": {"min": 0.0444633774459362, "max": 0.8399531841278076, "mean": 0.1436101107194761, "std": 0.16790001664878954}, "diff": {"min": -0.4070305824279785, "max": 0.4166763126850128, "mean": -0.00399480671499428}, "misc": {"rmse": 0.042631417289222526, "corr": 0.9700263298297865}, "unit": "dimensionless"}