{"ref": {"min": -22.2425479888916, "max": 138.44863891601562, "mean": 28.86422699948559}, "ref_regrid": {"min": -22.2425479888916, "max": 138.44863891601562, "mean": 28.86422699948559, "std": 16.986000612275838}, "test": {"min": 0.9720458984375, "max": 66.33810424804688, "mean": 27.162946821277263}, "test_regrid": {"min": 0.9720458984375, "max": 66.33810424804688, "mean": 27.162946821277263, "std": 17.431896517935552}, "diff": {"min": -124.72711944580078, "max": 63.826324462890625, "mean": -1.7012801781392133}, "misc": {"rmse": 9.613571014472281, "corr": 0.8491588805293566}, "unit": "W/m2"}