{"ref": {"min": -200.78619384765625, "max": 18.043983459472656, "mean": -57.106199594191736}, "ref_regrid": {"min": -200.78619384765625, "max": 18.043983459472656, "mean": -57.106199594191736, "std": 41.54692333935238}, "test": {"min": -198.52590942382812, "max": 4.172418266534805e-05, "mean": -57.275620970655424}, "test_regrid": {"min": -198.52590942382812, "max": 4.172418266534805e-05, "mean": -57.275620970655424, "std": 42.015965692466146}, "diff": {"min": -90.29345703125, "max": 111.91573333740234, "mean": -0.1694213764542917}, "misc": {"rmse": 15.72623184418527, "corr": 0.9292332614493081}, "unit": "W/m2"}