{"ref": {"min": -32.8404541015625, "max": 145.15557861328125, "mean": 29.521597859614364}, "ref_regrid": {"min": -32.8404541015625, "max": 145.15557861328125, "mean": 29.521597859614364, "std": 17.84328476081259}, "test": {"min": 0.7563323974609375, "max": 73.6818618774414, "mean": 28.37062987059892}, "test_regrid": {"min": 0.7563323974609375, "max": 73.6818618774414, "mean": 28.37062987059892, "std": 18.287065907685935}, "diff": {"min": -117.72563171386719, "max": 73.69834899902344, "mean": -1.150967989244802}, "misc": {"rmse": 10.021291806632792, "corr": 0.8484458789336062}, "unit": "W/m2"}