{"ref": {"min": -131.7434539794922, "max": 31.697967529296875, "mean": -51.993007448188315}, "ref_regrid": {"min": -131.7434539794922, "max": 31.697967529296875, "mean": -51.993007448188315, "std": 21.972526860240077}, "test": {"min": -123.04753112792969, "max": -0.8277702331542969, "mean": -54.01760855752331}, "test_regrid": {"min": -123.04753112792969, "max": -0.8277702331542969, "mean": -54.01760855752331, "std": 23.379295084107397}, "diff": {"min": -68.17732238769531, "max": 93.93936157226562, "mean": -2.0246011093310092}, "misc": {"rmse": 13.638481332834244, "corr": 0.8248691846014407}, "unit": "W/m2"}