{"ref": {"min": 0.0, "max": 311.5965881347656, "mean": 157.55686223249427}, "ref_regrid": {"min": 0.0, "max": 311.5965881347656, "mean": 157.55686223249427, "std": 76.23255561783843}, "test": {"min": 0.0, "max": 314.5813903808594, "mean": 155.21429020049663}, "test_regrid": {"min": 0.0, "max": 314.5813903808594, "mean": 155.21429020049663, "std": 79.73385004401175}, "diff": {"min": -102.24637603759766, "max": 121.26921081542969, "mean": -2.3425720320708456}, "misc": {"rmse": 20.82078905076015, "corr": 0.9657998525858086}, "unit": "W/m2"}