{"ref": {"min": 20.62881088256836, "max": 266.5404052734375, "mean": 162.5547579664369}, "ref_regrid": {"min": 20.62881088256836, "max": 266.5404052734375, "mean": 162.5547579664369, "std": 61.527363670706016}, "test": {"min": 16.9984188079834, "max": 271.7208251953125, "mean": 160.75601126076273}, "test_regrid": {"min": 16.9984188079834, "max": 271.7208251953125, "mean": 160.75601126076273, "std": 63.273314537553325}, "diff": {"min": -74.76643371582031, "max": 96.444091796875, "mean": -1.798746705616035}, "misc": {"rmse": 13.494145300838998, "corr": 0.9774202020796336}, "unit": "W/m2"}