{"ref": {"min": 0.0, "max": 354.5106201171875, "mean": 223.1912329503339}, "ref_regrid": {"min": 0.0, "max": 354.5106201171875, "mean": 223.1912329503339, "std": 109.80789106279602}, "test": {"min": 0.0, "max": 355.6017150878906, "mean": 222.61869747937692}, "test_regrid": {"min": 0.0, "max": 355.6017150878906, "mean": 222.61869747937692, "std": 110.97845011204}, "diff": {"min": -157.28701782226562, "max": 163.6195526123047, "mean": -0.5725354712080224}, "misc": {"rmse": 12.198690526550733, "corr": 0.9939641263008617}, "unit": "W/m2"}