{"ref": {"min": -9.712108612060547, "max": 215.6843719482422, "mean": 82.03135553563227}, "ref_regrid": {"min": -9.712108612060547, "max": 215.6843719482422, "mean": 82.03135553563227, "std": 19.155099495096167}, "test": {"min": 46.61081314086914, "max": 166.5430450439453, "mean": 79.36457150363309}, "test_regrid": {"min": 46.61081314086914, "max": 166.5430450439453, "mean": 79.36457150363309, "std": 14.259086958889304}, "diff": {"min": -119.42058563232422, "max": 71.51616668701172, "mean": -2.666784031420507}, "misc": {"rmse": 10.33999959588577, "corr": 0.8611801312821367}, "unit": "W/m2"}