{"ref": {"min": 0.0, "max": 342.4207458496094, "mean": 178.2534413550799}, "ref_regrid": {"min": 0.0, "max": 342.4207458496094, "mean": 178.2534413550799, "std": 84.92776927989267}, "test": {"min": 0.0, "max": 357.90185546875, "mean": 174.5271495705673}, "test_regrid": {"min": 0.0, "max": 357.90185546875, "mean": 174.5271495705673, "std": 88.34146923881353}, "diff": {"min": -145.78652954101562, "max": 129.2501220703125, "mean": -3.7262917847751544}, "misc": {"rmse": 25.31687462317739, "corr": 0.9589874217632608}, "unit": "W/m2"}