{"ref": {"min": -1.7300658226013184, "max": 32.359375, "mean": 19.43511199951172}, "ref_regrid": {"min": -0.9367974400520325, "max": 32.23444366455078, "mean": 20.172657441561178, "std": 8.418064297734816}, "test": {"min": -1.609100341796875, "max": 30.9329833984375, "mean": 19.720233043637673}, "test_regrid": {"min": -1.609100341796875, "max": 30.9329833984375, "mean": 19.720233043637673, "std": 8.72614628224537}, "diff": {"min": -9.39930248260498, "max": 5.341449737548828, "mean": -0.45242439792839245}, "misc": {"rmse": 1.4709865377286608, "corr": 0.9873109948949863}, "unit": "degC"}