{"ref": {"min": -1.6822412014007568, "max": 29.7911376953125, "mean": 18.759002685546875}, "ref_regrid": {"min": -0.11619001626968384, "max": 29.7911376953125, "mean": 20.40245520537021, "std": 8.173697325347513}, "test": {"min": -0.828643798828125, "max": 30.345916748046875, "mean": 19.977383546804987}, "test_regrid": {"min": -0.828643798828125, "max": 30.345916748046875, "mean": 19.977383546804987, "std": 8.402143070816308}, "diff": {"min": -8.16723346710205, "max": 6.198636054992676, "mean": -0.4250716585648285}, "misc": {"rmse": 1.239222301241015, "corr": 0.9905149715053272}, "unit": "degC"}