{"ref": {"min": -1.793372392654419, "max": 30.518535614013672, "mean": 19.069231033325195}, "ref_regrid": {"min": -0.5388323664665222, "max": 30.3847599029541, "mean": 19.93999810004188, "std": 8.587411673628862}, "test": {"min": -0.866851806640625, "max": 30.416900634765625, "mean": 19.529627601530585}, "test_regrid": {"min": -0.866851806640625, "max": 30.416900634765625, "mean": 19.529627601530585, "std": 8.79413085669823}, "diff": {"min": -7.276613235473633, "max": 9.410467147827148, "mean": -0.4103704985416767}, "misc": {"rmse": 1.132728257726537, "corr": 0.9929028517191726}, "unit": "degC"}