{"ref": {"min": 0.10903258621692657, "max": 0.739473283290863, "mean": 0.3107046945946068}, "ref_regrid": {"min": 0.10903258621692657, "max": 0.739473283290863, "mean": 0.3107046945946068, "std": 0.12594781506752312}, "test": {"min": 0.10803818702697754, "max": 0.7375969290733337, "mean": 0.3121210503904399}, "test_regrid": {"min": 0.10803818702697754, "max": 0.7375969290733337, "mean": 0.3121210503904399, "std": 0.1262397853558888}, "diff": {"min": -0.04946184158325195, "max": 0.051530659198760986, "mean": 0.0014163557958330386}, "misc": {"rmse": 0.010132083349251818, "corr": 0.9968374158696428}, "unit": "dimensionless"}