{"ref": {"min": 0.10577225685119629, "max": 0.7164916396141052, "mean": 0.31972090084328425}, "ref_regrid": {"min": 0.10577225685119629, "max": 0.7164916396141052, "mean": 0.31972090084328425, "std": 0.1345413894230763}, "test": {"min": 0.10794860869646072, "max": 0.716302216053009, "mean": 0.32130438871894673}, "test_regrid": {"min": 0.10794860869646072, "max": 0.716302216053009, "mean": 0.32130438871894673, "std": 0.1350055303046684}, "diff": {"min": -0.07567667961120605, "max": 0.08020883798599243, "mean": 0.0015834878756626164}, "misc": {"rmse": 0.017237804206776165, "corr": 0.9918954589881825}, "unit": "dimensionless"}