{"ref": {"min": 0.042782485485076904, "max": 0.8643456697463989, "mean": 0.14296370291146235}, "ref_regrid": {"min": 0.042782485485076904, "max": 0.8643456697463989, "mean": 0.14296370291146235, "std": 0.18161712151376}, "test": {"min": 0.04254665598273277, "max": 0.8656597137451172, "mean": 0.1420561637899946}, "test_regrid": {"min": 0.04254665598273277, "max": 0.8656597137451172, "mean": 0.1420561637899946, "std": 0.18040775859580552}, "diff": {"min": -0.38944223523139954, "max": 0.29207363724708557, "mean": -0.000907539121467731}, "misc": {"rmse": 0.016546868721340247, "corr": 0.9958566835323093}, "unit": "dimensionless"}