{"ref": {"min": 0.04364059492945671, "max": 0.96174156665802, "mean": 0.1431685451698525}, "ref_regrid": {"min": 0.04364059492945671, "max": 0.96174156665802, "mean": 0.1431685451698525, "std": 0.1800424613791623}, "test": {"min": 0.04379968345165253, "max": 0.9512869119644165, "mean": 0.14320788093806197}, "test_regrid": {"min": 0.04379968345165253, "max": 0.9512869119644165, "mean": 0.14320788093806197, "std": 0.18047352868074282}, "diff": {"min": -0.11431539058685303, "max": 0.11558809876441956, "mean": 3.9335768209469475e-05}, "misc": {"rmse": 0.0066065064786731955, "corr": 0.9993312608786677}, "unit": "dimensionless"}