{"ref": {"min": 0.044002383947372437, "max": 0.8569917678833008, "mean": 0.14392769742259215}, "ref_regrid": {"min": 0.044002383947372437, "max": 0.8569917678833008, "mean": 0.14392769742259215, "std": 0.17314153021311254}, "test": {"min": 0.04412730783224106, "max": 0.8537887930870056, "mean": 0.14435571850987988}, "test_regrid": {"min": 0.04412730783224106, "max": 0.8537887930870056, "mean": 0.14435571850987988, "std": 0.17352600051319764}, "diff": {"min": -0.06890860199928284, "max": 0.11020329594612122, "mean": 0.00042802108728771617}, "misc": {"rmse": 0.007216986700960381, "corr": 0.9991387146686628}, "unit": "dimensionless"}