{"ref": {"min": 0.10056015104055405, "max": 0.7532660365104675, "mean": 0.31506707648211457}, "ref_regrid": {"min": 0.10056015104055405, "max": 0.7532660365104675, "mean": 0.31506707648211457, "std": 0.13761247846516775}, "test": {"min": 0.09400881081819534, "max": 0.7518103122711182, "mean": 0.31568976436703283}, "test_regrid": {"min": 0.09400881081819534, "max": 0.7518103122711182, "mean": 0.31568976436703283, "std": 0.1364884424432805}, "diff": {"min": -0.11686477065086365, "max": 0.10155785083770752, "mean": 0.0006226878849182844}, "misc": {"rmse": 0.017824901433801454, "corr": 0.9915858992062019}, "unit": "dimensionless"}