{"ref": {"min": 0.08680553734302521, "max": 0.7360461950302124, "mean": 0.17015888698818588}, "ref_regrid": {"min": 0.08680553734302521, "max": 0.7360461950302124, "mean": 0.17015888698818588, "std": 0.12054491352254466}, "test": {"min": 0.08653367310762405, "max": 0.7342960238456726, "mean": 0.17048300310836356}, "test_regrid": {"min": 0.08653367310762405, "max": 0.7342960238456726, "mean": 0.17048300310836356, "std": 0.12063862781285112}, "diff": {"min": -0.04176771640777588, "max": 0.050520360469818115, "mean": 0.00032411612017768583}, "misc": {"rmse": 0.004048114389495825, "corr": 0.9994404834920692}, "unit": "dimensionless"}