{"ref": {"min": 0.043825663626194, "max": 0.8709313273429871, "mean": 0.15251225984951117}, "ref_regrid": {"min": 0.043825663626194, "max": 0.8709313273429871, "mean": 0.15251225984951117, "std": 0.1988126358115461}, "test": {"min": 0.043739426881074905, "max": 0.8680773973464966, "mean": 0.15339789145876997}, "test_regrid": {"min": 0.043739426881074905, "max": 0.8680773973464966, "mean": 0.15339789145876997, "std": 0.19978388032656086}, "diff": {"min": -0.11191916465759277, "max": 0.1992342472076416, "mean": 0.0008856316092587689}, "misc": {"rmse": 0.011722322163098335, "corr": 0.9982919603482369}, "unit": "dimensionless"}