{"ref": {"min": 0.08388476073741913, "max": 0.7304392457008362, "mean": 0.18917990511494712}, "ref_regrid": {"min": 0.08388476073741913, "max": 0.7304392457008362, "mean": 0.18917990511494712, "std": 0.14639345388809663}, "test": {"min": 0.08386777341365814, "max": 0.7280231714248657, "mean": 0.19000782689394308}, "test_regrid": {"min": 0.08386777341365814, "max": 0.7280231714248657, "mean": 0.19000782689394308, "std": 0.14754702046866613}, "diff": {"min": -0.08751672506332397, "max": 0.12295928597450256, "mean": 0.0008279217789959494}, "misc": {"rmse": 0.009325562410063281, "corr": 0.9980335584618624}, "unit": "dimensionless"}