{"ref": {"min": 0.0045266347005963326, "max": 0.8683344125747681, "mean": 0.16625444200292377}, "ref_regrid": {"min": 0.0045266347005963326, "max": 0.8683344125747681, "mean": 0.16625444200292377, "std": 0.21033273345582412}, "test": {"min": 0.004526554606854916, "max": 0.8694785833358765, "mean": 0.16730142052357952}, "test_regrid": {"min": 0.004526554606854916, "max": 0.8694785833358765, "mean": 0.16730142052357952, "std": 0.21204085709364662}, "diff": {"min": -0.15929849445819855, "max": 0.22659343481063843, "mean": 0.0010469785206557393}, "misc": {"rmse": 0.016028485701640668, "corr": 0.9971647595795893}, "unit": "dimensionless"}