{"ref": {"min": 0.08573082089424133, "max": 0.7510257959365845, "mean": 0.1743063146568081}, "ref_regrid": {"min": 0.08573082089424133, "max": 0.7510257959365845, "mean": 0.1743063146568081, "std": 0.13409766363719566}, "test": {"min": 0.08576766401529312, "max": 0.749874472618103, "mean": 0.17396918549604792}, "test_regrid": {"min": 0.08576766401529312, "max": 0.749874472618103, "mean": 0.17396918549604792, "std": 0.13339544741710183}, "diff": {"min": -0.1582847535610199, "max": 0.12287864089012146, "mean": -0.0003371291607601879}, "misc": {"rmse": 0.007726619069693778, "corr": 0.9983482269278029}, "unit": "dimensionless"}