{"ref": {"min": 0.10774537920951843, "max": 0.7260359525680542, "mean": 0.31805504486952657}, "ref_regrid": {"min": 0.10774537920951843, "max": 0.7260359525680542, "mean": 0.31805504486952657, "std": 0.14181616770667058}, "test": {"min": 0.1144765093922615, "max": 0.727165937423706, "mean": 0.3200122958548672}, "test_regrid": {"min": 0.1144765093922615, "max": 0.727165937423706, "mean": 0.3200122958548672, "std": 0.14208383475472183}, "diff": {"min": -0.08346256613731384, "max": 0.07782956957817078, "mean": 0.0019572509853405294}, "misc": {"rmse": 0.017684229416325005, "corr": 0.9923366553662474}, "unit": "dimensionless"}