{"ref": {"min": 0.0844695046544075, "max": 0.7085102796554565, "mean": 0.17805062341587297}, "ref_regrid": {"min": 0.0844695046544075, "max": 0.7085102796554565, "mean": 0.17805062341587297, "std": 0.12342825699166764}, "test": {"min": 0.08424097299575806, "max": 0.7019160389900208, "mean": 0.1781258095485976}, "test_regrid": {"min": 0.08424097299575806, "max": 0.7019160389900208, "mean": 0.1781258095485976, "std": 0.12376228617241507}, "diff": {"min": -0.061853647232055664, "max": 0.07262498140335083, "mean": 7.51861327246484e-05}, "misc": {"rmse": 0.003907757540817621, "corr": 0.9995040071623628}, "unit": "dimensionless"}