{"ref": {"min": 0.08558686822652817, "max": 0.7211068272590637, "mean": 0.1793768799397036}, "ref_regrid": {"min": 0.08558686822652817, "max": 0.7211068272590637, "mean": 0.1793768799397036, "std": 0.13829533081426718}, "test": {"min": 0.08576440066099167, "max": 0.7210913300514221, "mean": 0.17993418602692832}, "test_regrid": {"min": 0.08576440066099167, "max": 0.7210913300514221, "mean": 0.17993418602692832, "std": 0.13887012581449018}, "diff": {"min": -0.06998437643051147, "max": 0.14930129051208496, "mean": 0.0005573060872246889}, "misc": {"rmse": 0.007867114654525094, "corr": 0.9984053576771641}, "unit": "dimensionless"}