{"ref": {"min": 0.09805119037628174, "max": 0.7343645095825195, "mean": 0.3285654527922623}, "ref_regrid": {"min": 0.09805119037628174, "max": 0.7343645095825195, "mean": 0.3285654527922623, "std": 0.14506646708451246}, "test": {"min": 0.09593197703361511, "max": 0.7319661974906921, "mean": 0.32958856367771056}, "test_regrid": {"min": 0.09593197703361511, "max": 0.7319661974906921, "mean": 0.32958856367771056, "std": 0.14594382829404226}, "diff": {"min": -0.07885155081748962, "max": 0.117971271276474, "mean": 0.0010231108854482373}, "misc": {"rmse": 0.01865199296172923, "corr": 0.9918267618633708}, "unit": "dimensionless"}