{"ref": {"min": 0.003618525108322501, "max": 1.8545924425125122, "mean": 0.15078011736658803}, "ref_regrid": {"min": 0.003618525108322501, "max": 1.8545924425125122, "mean": 0.15078011736658803, "std": 0.1467557038373003}, "test": {"min": 0.0037247841246426105, "max": 1.9575947523117065, "mean": 0.15079372909230415}, "test_regrid": {"min": 0.0037247841246426105, "max": 1.9575947523117065, "mean": 0.15079372909230415, "std": 0.14459028759732756}, "diff": {"min": -0.27765804529190063, "max": 0.29991281032562256, "mean": 1.3611725716093538e-05}, "misc": {"rmse": 0.025074718326734354, "corr": 0.9852952768445956}, "unit": "dimensionless"}