{"ref": {"min": 0.006670806091278791, "max": 1.913831353187561, "mean": 0.1571806462864955}, "ref_regrid": {"min": 0.006670806091278791, "max": 1.913831353187561, "mean": 0.1571806462864955, "std": 0.1417263163114043}, "test": {"min": 0.007062091957777739, "max": 1.995045781135559, "mean": 0.15823797824806227}, "test_regrid": {"min": 0.007062091957777739, "max": 1.995045781135559, "mean": 0.15823797824806227, "std": 0.1453061904340162}, "diff": {"min": -0.10595402121543884, "max": 0.1671997308731079, "mean": 0.0010573319615667857}, "misc": {"rmse": 0.011919728525798253, "corr": 0.9968887002423122}, "unit": "dimensionless"}