{"ref": {"min": 5.691304068022873e-07, "max": 2.5339503288269043, "mean": 0.18508642503378941}, "ref_regrid": {"min": 5.691304068022873e-07, "max": 2.5339503288269043, "mean": 0.18508642503378941, "std": 0.2007222700722504}, "test": {"min": 4.862287710238888e-07, "max": 2.8142290115356445, "mean": 0.18550892607335945}, "test_regrid": {"min": 4.862287710238888e-07, "max": 2.8142290115356445, "mean": 0.18550892607335945, "std": 0.20846322088770974}, "diff": {"min": -0.32402342557907104, "max": 0.3457636833190918, "mean": 0.00042250103958486125}, "misc": {"rmse": 0.026280927835687605, "corr": 0.9924648904972402}, "unit": "dimensionless"}