{"ref": {"min": 0.00012762135884258896, "max": 1.8867155313491821, "mean": 0.14248144213679567}, "ref_regrid": {"min": 0.00012762135884258896, "max": 1.8867155313491821, "mean": 0.14248144213679567, "std": 0.14367457869305672}, "test": {"min": 0.00011148326302645728, "max": 2.2225139141082764, "mean": 0.14429994884751163}, "test_regrid": {"min": 0.00011148326302645728, "max": 2.2225139141082764, "mean": 0.14429994884751163, "std": 0.15237305191254139}, "diff": {"min": -0.2556210160255432, "max": 0.33579838275909424, "mean": 0.0018185067105629753}, "misc": {"rmse": 0.022940878259256278, "corr": 0.9897836946286451}, "unit": "dimensionless"}