{"ref": {"min": 0.008760700933635235, "max": 1.8414766788482666, "mean": 0.15130234976773388}, "ref_regrid": {"min": 0.008760700933635235, "max": 1.8414766788482666, "mean": 0.15130234976773388, "std": 0.12201478419784874}, "test": {"min": 0.009249703958630562, "max": 1.8745081424713135, "mean": 0.15321838318332537}, "test_regrid": {"min": 0.009249703958630562, "max": 1.8745081424713135, "mean": 0.15321838318332537, "std": 0.12540578979760922}, "diff": {"min": -0.20537865161895752, "max": 0.3055461049079895, "mean": 0.0019160334155914746}, "misc": {"rmse": 0.018864649805568748, "corr": 0.9888668429032623}, "unit": "dimensionless"}