{"ref": {"min": 0.0, "max": 89.1006088256836, "mean": 22.901153240422136}, "ref_regrid": {"min": 0.0, "max": 89.1006088256836, "mean": 22.901153240422136, "std": 17.601915205142106}, "test": {"min": 0.0, "max": 87.756591796875, "mean": 23.180254274966565}, "test_regrid": {"min": 0.0, "max": 87.756591796875, "mean": 23.180254274966565, "std": 17.84424125181947}, "diff": {"min": -52.24615478515625, "max": 50.0, "mean": 0.2791010343560499}, "misc": {"rmse": 4.693267947540596, "corr": 0.965153382443735}, "unit": "%"}