{"ref": {"min": 0.0, "max": 74.30948638916016, "mean": 26.27943443634163}, "ref_regrid": {"min": 0.0, "max": 74.30948638916016, "mean": 26.27943443634163, "std": 19.005596264062028}, "test": {"min": 0.0, "max": 72.29085540771484, "mean": 26.529754021315835}, "test_regrid": {"min": 0.0, "max": 72.29085540771484, "mean": 26.529754021315835, "std": 19.59970734774664}, "diff": {"min": -44.673770904541016, "max": 44.83686065673828, "mean": 0.2503195850539087}, "misc": {"rmse": 3.9841252885074767, "corr": 0.9792517388843122}, "unit": "%"}