{"ref": {"min": 5.9375505447387695, "max": 96.9496841430664, "mean": 57.294628713548356}, "ref_regrid": {"min": 5.9375505447387695, "max": 96.9496841430664, "mean": 57.294628713548356, "std": 21.143721170343568}, "test": {"min": 6.065009117126465, "max": 97.48541259765625, "mean": 57.81654443869803}, "test_regrid": {"min": 6.065009117126465, "max": 97.48541259765625, "mean": 57.81654443869803, "std": 20.933508131535504}, "diff": {"min": -8.710468292236328, "max": 13.727432250976562, "mean": 0.5219157251496798}, "misc": {"rmse": 2.597560954402313, "corr": 0.9927354729896704}, "unit": "%"}