{"ref": {"min": 0.0, "max": 88.77496337890625, "mean": 25.04762162064233}, "ref_regrid": {"min": 0.0, "max": 88.77496337890625, "mean": 25.04762162064233, "std": 16.289349267517178}, "test": {"min": 0.0, "max": 90.09974670410156, "mean": 25.555850194817598}, "test_regrid": {"min": 0.0, "max": 90.09974670410156, "mean": 25.555850194817598, "std": 16.61736435542432}, "diff": {"min": -20.309612274169922, "max": 35.83154296875, "mean": 0.5082285742219823}, "misc": {"rmse": 4.0306854399683685, "corr": 0.9706661379041421}, "unit": "%"}