{"ref": {"min": 1.9310731887817383, "max": 85.78912353515625, "mean": 27.53590811912788}, "ref_regrid": {"min": 1.9310731887817383, "max": 85.78912353515625, "mean": 27.53590811912788, "std": 11.967557520146858}, "test": {"min": 1.9110502004623413, "max": 84.4901123046875, "mean": 28.259621351764835}, "test_regrid": {"min": 1.9110502004623413, "max": 84.4901123046875, "mean": 28.259621351764835, "std": 12.113947522610077}, "diff": {"min": -7.915788650512695, "max": 10.494880676269531, "mean": 0.723713232636959}, "misc": {"rmse": 2.5732636958756396, "corr": 0.9790428632304239}, "unit": "%"}