{"ref": {"min": 0.0, "max": 70.7027587890625, "mean": 26.790868194338675}, "ref_regrid": {"min": 0.0, "max": 70.7027587890625, "mean": 26.790868194338675, "std": 17.329058485716597}, "test": {"min": 0.0, "max": 68.04421997070312, "mean": 26.802384792612912}, "test_regrid": {"min": 0.0, "max": 68.04421997070312, "mean": 26.802384792612912, "std": 17.543667386229544}, "diff": {"min": -13.980609893798828, "max": 19.680755615234375, "mean": 0.011516598273737114}, "misc": {"rmse": 2.0824126587890244, "corr": 0.9929440170814532}, "unit": "%"}