{"ref": {"min": 0.0, "max": 84.47306823730469, "mean": 30.184345320698778}, "ref_regrid": {"min": 0.0, "max": 84.47306823730469, "mean": 30.184345320698778, "std": 21.299702955126808}, "test": {"min": 0.0, "max": 86.41727447509766, "mean": 30.001850818760367}, "test_regrid": {"min": 0.0, "max": 86.41727447509766, "mean": 30.001850818760367, "std": 21.17311655417736}, "diff": {"min": -31.49622344970703, "max": 32.936004638671875, "mean": -0.18249450190350802}, "misc": {"rmse": 3.9198398089086166, "corr": 0.9830194477038194}, "unit": "%"}