{"ref": {"min": 0.0, "max": 58.3001594543457, "mean": 12.98879069961802}, "ref_regrid": {"min": 0.0, "max": 58.3001594543457, "mean": 12.98879069961802, "std": 12.284694250018505}, "test": {"min": 0.0, "max": 61.88107681274414, "mean": 13.143051198161695}, "test_regrid": {"min": 0.0, "max": 61.88107681274414, "mean": 13.143051198161695, "std": 12.295620578564531}, "diff": {"min": -16.78920555114746, "max": 16.05431365966797, "mean": 0.15426049854875137}, "misc": {"rmse": 2.763413745078918, "corr": 0.9748009150932297}, "unit": "%"}