{"ref": {"min": 0.0, "max": 67.99637603759766, "mean": 26.155480839829195}, "ref_regrid": {"min": 0.0, "max": 67.99637603759766, "mean": 26.155480839829195, "std": 18.173745883125846}, "test": {"min": 0.0, "max": 67.70950317382812, "mean": 26.116830306088676}, "test_regrid": {"min": 0.0, "max": 67.70950317382812, "mean": 26.116830306088676, "std": 18.410771003943882}, "diff": {"min": -21.983097076416016, "max": 33.15913391113281, "mean": -0.03865053379462067}, "misc": {"rmse": 3.6456794470890026, "corr": 0.9802247545229401}, "unit": "%"}