{"ref": {"min": 0.0, "max": 86.29244995117188, "mean": 34.5745298642274}, "ref_regrid": {"min": 0.0, "max": 86.29244995117188, "mean": 34.5745298642274, "std": 23.76591453608713}, "test": {"min": 0.0, "max": 84.61418914794922, "mean": 34.24467471357045}, "test_regrid": {"min": 0.0, "max": 84.61418914794922, "mean": 34.24467471357045, "std": 23.78750003541923}, "diff": {"min": -20.80951690673828, "max": 20.750280380249023, "mean": -0.3215905849910895}, "misc": {"rmse": 4.239258545501581, "corr": 0.9841952405996316}, "unit": "%"}