{"ref": {"min": 0.0, "max": 100.00000762939453, "mean": 48.207872009665074}, "ref_regrid": {"min": 0.0, "max": 100.00000762939453, "mean": 48.207872009665074, "std": 24.03181182608976}, "test": {"min": 0.0, "max": 100.00000762939453, "mean": 47.77779675076206}, "test_regrid": {"min": 0.0, "max": 100.00000762939453, "mean": 47.77779675076206, "std": 23.869936070313216}, "diff": {"min": -100.0, "max": 99.33991241455078, "mean": -0.4300752587761454}, "misc": {"rmse": 6.205372862213733, "corr": 0.9666205025577097}, "unit": "%"}