{"ref": {"min": 1.0740818977355957, "max": 99.45050048828125, "mean": 58.31550138999021}, "ref_regrid": {"min": 1.0740818977355957, "max": 99.45050048828125, "mean": 58.31550138999021, "std": 23.302626699808332}, "test": {"min": 0.564159095287323, "max": 98.69963073730469, "mean": 58.4929347794906}, "test_regrid": {"min": 0.564159095287323, "max": 98.69963073730469, "mean": 58.4929347794906, "std": 23.211375417123055}, "diff": {"min": -22.756168365478516, "max": 29.82036781311035, "mean": 0.1774333895486004}, "misc": {"rmse": 5.216171854616979, "corr": 0.9748850603373684}, "unit": "%"}