{"ref": {"min": 0.0, "max": 100.0, "mean": 18.091358704199994}, "ref_regrid": {"min": 0.0, "max": 100.0, "mean": 18.091358704199994, "std": 11.646234263950676}, "test": {"min": 0.0, "max": 100.0, "mean": 17.343597465470804}, "test_regrid": {"min": 0.0, "max": 100.0, "mean": 17.343597465470804, "std": 10.902728074581812}, "diff": {"min": -100.0, "max": 54.6369514465332, "mean": -0.7477612389018339}, "misc": {"rmse": 4.063396224198981, "corr": 0.9393614783124987}, "unit": "%"}