{"ref": {"min": 0.0, "max": 72.8366928100586, "mean": 13.004466560073103}, "ref_regrid": {"min": 0.0, "max": 72.8366928100586, "mean": 13.004466560073103, "std": 13.136448871437572}, "test": {"min": 0.0, "max": 72.61100006103516, "mean": 13.40773150606207}, "test_regrid": {"min": 0.0, "max": 72.61100006103516, "mean": 13.40773150606207, "std": 13.565111818926292}, "diff": {"min": -29.274431228637695, "max": 21.65088653564453, "mean": 0.40326494583331246}, "misc": {"rmse": 3.0089402941659227, "corr": 0.9755682525579803}, "unit": "%"}