{"ref": {"min": 0.0, "max": 83.81291198730469, "mean": 22.63767711433961}, "ref_regrid": {"min": 0.0, "max": 83.81291198730469, "mean": 22.63767711433961, "std": 11.403443813285705}, "test": {"min": 0.0, "max": 54.55314636230469, "mean": 22.265529050310377}, "test_regrid": {"min": 0.0, "max": 54.55314636230469, "mean": 22.265529050310377, "std": 11.002238415757457}, "diff": {"min": -75.0569076538086, "max": 40.883262634277344, "mean": -0.372148063971462}, "misc": {"rmse": 3.683613744413325, "corr": 0.9471178470099562}, "unit": "%"}