{"ref": {"min": 0.0, "max": 52.52130126953125, "mean": 15.590328110002933}, "ref_regrid": {"min": 0.0, "max": 52.52130126953125, "mean": 15.590328110002933, "std": 11.125053888613898}, "test": {"min": 0.0, "max": 49.652042388916016, "mean": 15.445507207445111}, "test_regrid": {"min": 0.0, "max": 49.652042388916016, "mean": 15.445507207445111, "std": 11.110195538203572}, "diff": {"min": -24.923181533813477, "max": 21.472618103027344, "mean": -0.14482090255761576}, "misc": {"rmse": 2.586814622302349, "corr": 0.9730164489329107}, "unit": "%"}