{"ref": {"min": 1.4369029998779297, "max": 93.68476104736328, "mean": 47.57775929143754}, "ref_regrid": {"min": 1.4369029998779297, "max": 93.68476104736328, "mean": 47.57775929143754, "std": 22.214347394606342}, "test": {"min": 1.8450748920440674, "max": 95.94706726074219, "mean": 47.69026670724882}, "test_regrid": {"min": 1.8450748920440674, "max": 95.94706726074219, "mean": 47.69026670724882, "std": 22.12085804135872}, "diff": {"min": -14.49344253540039, "max": 17.47750473022461, "mean": 0.11250741581426489}, "misc": {"rmse": 2.5421482771567607, "corr": 0.9934461598785955}, "unit": "%"}