{"ref": {"min": 0.0, "max": 99.03327178955078, "mean": 47.583614601480434}, "ref_regrid": {"min": 0.0, "max": 99.03327178955078, "mean": 47.583614601480434, "std": 23.84743640642973}, "test": {"min": 0.0, "max": 99.32868194580078, "mean": 47.860656811379755}, "test_regrid": {"min": 0.0, "max": 99.32868194580078, "mean": 47.860656811379755, "std": 23.828209940485223}, "diff": {"min": -21.333332061767578, "max": 39.04951858520508, "mean": 0.2770422098855174}, "misc": {"rmse": 4.654210636763889, "corr": 0.9810075944189629}, "unit": "%"}