{"ref": {"min": 0.0, "max": 61.35806655883789, "mean": 13.97443388188433}, "ref_regrid": {"min": 0.0, "max": 61.35806655883789, "mean": 13.97443388188433, "std": 13.44636985630099}, "test": {"min": 0.0, "max": 78.17294311523438, "mean": 13.798879393706942}, "test_regrid": {"min": 0.0, "max": 78.17294311523438, "mean": 13.798879393706942, "std": 13.265102782301687}, "diff": {"min": -18.271690368652344, "max": 19.334230422973633, "mean": -0.17555448824403325}, "misc": {"rmse": 2.861496369746348, "corr": 0.9772254325866303}, "unit": "%"}