{"ref": {"min": 0.0, "max": 55.69413375854492, "mean": 23.263205367764368}, "ref_regrid": {"min": 0.0, "max": 55.69413375854492, "mean": 23.263205367764368, "std": 10.193919397070443}, "test": {"min": 0.0, "max": 61.58451461791992, "mean": 22.977319114534087}, "test_regrid": {"min": 0.0, "max": 61.58451461791992, "mean": 22.977319114534087, "std": 10.077207379941202}, "diff": {"min": -25.23432159423828, "max": 38.1975212097168, "mean": -0.2858862533036285}, "misc": {"rmse": 3.2188861116663245, "corr": 0.9500328485523483}, "unit": "%"}