{"ref": {"min": 2.432565450668335, "max": 99.89996337890625, "mean": 56.71027016213705}, "ref_regrid": {"min": 2.432565450668335, "max": 99.89996337890625, "mean": 56.71027016213705, "std": 24.00931936391956}, "test": {"min": 1.089259386062622, "max": 99.8127212524414, "mean": 57.2565397860836}, "test_regrid": {"min": 1.089259386062622, "max": 99.8127212524414, "mean": 57.2565397860836, "std": 24.014288527115397}, "diff": {"min": -20.767959594726562, "max": 26.240985870361328, "mean": 0.5462696239220055}, "misc": {"rmse": 4.473228783740342, "corr": 0.9829062794250144}, "unit": "%"}