{"ref": {"min": 0.0, "max": 84.76119995117188, "mean": 24.449192709875412}, "ref_regrid": {"min": 0.0, "max": 84.76119995117188, "mean": 24.449192709875412, "std": 17.081889040257554}, "test": {"min": 0.0, "max": 85.02135467529297, "mean": 25.04347508107599}, "test_regrid": {"min": 0.0, "max": 85.02135467529297, "mean": 25.04347508107599, "std": 17.571115390355306}, "diff": {"min": -63.40192794799805, "max": 40.8308219909668, "mean": 0.5942823711711922}, "misc": {"rmse": 4.237239424777167, "corr": 0.9710781129380257}, "unit": "%"}