{"ref": {"min": 0.499372661113739, "max": 99.19530487060547, "mean": 28.397668874566175}, "ref_regrid": {"min": 0.499372661113739, "max": 99.19530487060547, "mean": 28.397668874566175, "std": 16.631726025433473}, "test": {"min": 0.672713041305542, "max": 99.07593536376953, "mean": 28.973911163999645}, "test_regrid": {"min": 0.672713041305542, "max": 99.07593536376953, "mean": 28.973911163999645, "std": 16.64523624241197}, "diff": {"min": -18.123455047607422, "max": 21.224958419799805, "mean": 0.5762422895721104}, "misc": {"rmse": 4.259883374013183, "corr": 0.9678253994632702}, "unit": "%"}