{"ref": {"min": 0.7861377000808716, "max": 91.92212677001953, "mean": 26.89784231167294}, "ref_regrid": {"min": 0.7861377000808716, "max": 91.92212677001953, "mean": 26.89784231167294, "std": 13.744956242613164}, "test": {"min": 0.7806058526039124, "max": 93.91392517089844, "mean": 27.405447797774872}, "test_regrid": {"min": 0.7806058526039124, "max": 93.91392517089844, "mean": 27.405447797774872, "std": 13.947044938123131}, "diff": {"min": -18.54436683654785, "max": 17.31127166748047, "mean": 0.5076054861266492}, "misc": {"rmse": 4.464049433807757, "corr": 0.9488026134759197}, "unit": "%"}