{"ref": {"min": 0.0, "max": 58.777496337890625, "mean": 13.703978026960263}, "ref_regrid": {"min": 0.0, "max": 58.777496337890625, "mean": 13.703978026960263, "std": 11.929947145792939}, "test": {"min": 0.0, "max": 61.7237663269043, "mean": 14.006723915960258}, "test_regrid": {"min": 0.0, "max": 61.7237663269043, "mean": 14.006723915960258, "std": 12.1308378411624}, "diff": {"min": -12.732791900634766, "max": 13.255014419555664, "mean": 0.3027458889967567}, "misc": {"rmse": 1.5951648535392253, "corr": 0.9916648203550374}, "unit": "%"}