{"ref": {"min": 0.0, "max": 64.16677856445312, "mean": 14.12474663374857}, "ref_regrid": {"min": 0.0, "max": 64.16677856445312, "mean": 14.12474663374857, "std": 13.443971074567623}, "test": {"min": 0.0, "max": 71.07093048095703, "mean": 14.043518742743245}, "test_regrid": {"min": 0.0, "max": 71.07093048095703, "mean": 14.043518742743245, "std": 13.334122752328133}, "diff": {"min": -17.17742156982422, "max": 15.908140182495117, "mean": -0.08122789109336379}, "misc": {"rmse": 2.7654418867125243, "corr": 0.9787212628918757}, "unit": "%"}