{"ref": {"min": 0.872235894203186, "max": 51.30113220214844, "mean": 22.851020945177392}, "ref_regrid": {"min": 0.872235894203186, "max": 51.30113220214844, "mean": 22.851020945177392, "std": 9.412681862283613}, "test": {"min": 1.193220615386963, "max": 47.09019470214844, "mean": 22.485217793765184}, "test_regrid": {"min": 1.193220615386963, "max": 47.09019470214844, "mean": 22.485217793765184, "std": 9.092644701116562}, "diff": {"min": -12.202478408813477, "max": 12.5181884765625, "mean": -0.3658031514111538}, "misc": {"rmse": 1.7838023329676784, "corr": 0.9827909408548108}, "unit": "%"}