{"ref": {"min": 2.6881284713745117, "max": 98.10774993896484, "mean": 56.87666128281107}, "ref_regrid": {"min": 2.6881284713745117, "max": 98.10774993896484, "mean": 56.87666128281107, "std": 22.956389408565354}, "test": {"min": 2.022536039352417, "max": 98.45886993408203, "mean": 57.46835404781614}, "test_regrid": {"min": 2.022536039352417, "max": 98.45886993408203, "mean": 57.46835404781614, "std": 22.627698712206403}, "diff": {"min": -22.28338623046875, "max": 19.79425621032715, "mean": 0.5916927650029089}, "misc": {"rmse": 4.7360984571142986, "corr": 0.978850246069612}, "unit": "%"}