{"ref": {"min": 0.0, "max": 64.15980529785156, "mean": 12.920626942684507}, "ref_regrid": {"min": 0.0, "max": 64.15980529785156, "mean": 12.920626942684507, "std": 12.498854473141298}, "test": {"min": 0.0, "max": 67.68570709228516, "mean": 12.834164885617605}, "test_regrid": {"min": 0.0, "max": 67.68570709228516, "mean": 12.834164885617605, "std": 12.415193448250777}, "diff": {"min": -16.419269561767578, "max": 21.192306518554688, "mean": -0.08646205700502323}, "misc": {"rmse": 2.9009391832070244, "corr": 0.9729307703037879}, "unit": "%"}