{"ref": {"min": 0.0, "max": 41.30549240112305, "mean": 15.570714152377352}, "ref_regrid": {"min": 0.0, "max": 41.30549240112305, "mean": 15.570714152377352, "std": 10.30577145560879}, "test": {"min": 0.0, "max": 40.636383056640625, "mean": 15.272363870330683}, "test_regrid": {"min": 0.0, "max": 40.636383056640625, "mean": 15.272363870330683, "std": 10.196440038335325}, "diff": {"min": -12.285429000854492, "max": 9.994513511657715, "mean": -0.2983502820464128}, "misc": {"rmse": 1.5072672810168202, "corr": 0.9896705206103226}, "unit": "%"}