{"ref": {"min": 0.0, "max": 56.18808364868164, "mean": 22.536040695643546}, "ref_regrid": {"min": 0.0, "max": 56.18808364868164, "mean": 22.536040695643546, "std": 10.291233464623202}, "test": {"min": 0.0, "max": 58.86298370361328, "mean": 22.32587846307084}, "test_regrid": {"min": 0.0, "max": 58.86298370361328, "mean": 22.32587846307084, "std": 10.01837917250065}, "diff": {"min": -26.53955078125, "max": 25.369922637939453, "mean": -0.21016223261006314}, "misc": {"rmse": 3.118989157434403, "corr": 0.9533979734008639}, "unit": "%"}