{"ref": {"min": 0.0, "max": 80.0323715209961, "mean": 22.69107587463962}, "ref_regrid": {"min": 0.0, "max": 80.0323715209961, "mean": 22.69107587463962, "std": 11.278245020538888}, "test": {"min": 0.0, "max": 53.60485076904297, "mean": 22.312408676903612}, "test_regrid": {"min": 0.0, "max": 53.60485076904297, "mean": 22.312408676903612, "std": 10.943667414979695}, "diff": {"min": -71.9627685546875, "max": 40.883262634277344, "mean": -0.3786671976939856}, "misc": {"rmse": 3.5733729237988263, "corr": 0.9493067605730373}, "unit": "%"}