{"ref": {"min": 0.0, "max": 61.3412971496582, "mean": 23.171474790625687}, "ref_regrid": {"min": 0.0, "max": 61.3412971496582, "mean": 23.171474790625687, "std": 10.237370569051286}, "test": {"min": 0.0, "max": 63.95155334472656, "mean": 22.885579233042915}, "test_regrid": {"min": 0.0, "max": 63.95155334472656, "mean": 22.885579233042915, "std": 10.099486385619223}, "diff": {"min": -32.933860778808594, "max": 38.76728439331055, "mean": -0.2858955576054846}, "misc": {"rmse": 3.2237508000872386, "corr": 0.9502292127258803}, "unit": "%"}