{"ref": {"min": 0.0, "max": 92.21372985839844, "mean": 25.02247619726565}, "ref_regrid": {"min": 0.0, "max": 92.21372985839844, "mean": 25.02247619726565, "std": 17.192876377677887}, "test": {"min": 0.0, "max": 90.61016082763672, "mean": 25.31705037349609}, "test_regrid": {"min": 0.0, "max": 90.61016082763672, "mean": 25.31705037349609, "std": 17.45530505550362}, "diff": {"min": -52.246158599853516, "max": 50.0, "mean": 0.29457417633013483}, "misc": {"rmse": 4.741696315757463, "corr": 0.9627998541566936}, "unit": "%"}