{"ref": {"min": 0.4365200996398926, "max": 91.67881774902344, "mean": 28.639382851361958}, "ref_regrid": {"min": 0.4365200996398926, "max": 91.67881774902344, "mean": 28.639382851361958, "std": 12.813072591874512}, "test": {"min": 0.15503451228141785, "max": 86.09705352783203, "mean": 29.82829713188223}, "test_regrid": {"min": 0.15503451228141785, "max": 86.09705352783203, "mean": 29.82829713188223, "std": 12.566768243165168}, "diff": {"min": -25.41978645324707, "max": 25.87308692932129, "mean": 1.1889142806626773}, "misc": {"rmse": 5.396055019698477, "corr": 0.9141615525023338}, "unit": "%"}