{"ref": {"min": 0.0, "max": 83.99703979492188, "mean": 13.95277574560844}, "ref_regrid": {"min": 0.0, "max": 83.99703979492188, "mean": 13.95277574560844, "std": 13.021227112240172}, "test": {"min": 0.0, "max": 87.57052612304688, "mean": 14.402228497953299}, "test_regrid": {"min": 0.0, "max": 87.57052612304688, "mean": 14.402228497953299, "std": 13.450950791823098}, "diff": {"min": -23.93566131591797, "max": 33.792179107666016, "mean": 0.4494527523775791}, "misc": {"rmse": 2.9783724231314643, "corr": 0.9757803765008772}, "unit": "%"}