{"ref": {"min": 0.0, "max": 87.18089294433594, "mean": 26.837372746714987}, "ref_regrid": {"min": 0.0, "max": 87.18089294433594, "mean": 26.837372746714987, "std": 18.717277169507977}, "test": {"min": 0.0, "max": 88.8152847290039, "mean": 27.160521903115896}, "test_regrid": {"min": 0.0, "max": 88.8152847290039, "mean": 27.160521903115896, "std": 19.2202902777562}, "diff": {"min": -29.138404846191406, "max": 38.31755828857422, "mean": 0.3231491564548739}, "misc": {"rmse": 3.5437309760399986, "corr": 0.983043043297184}, "unit": "%"}