{"ref": {"min": 0.0, "max": 71.3333740234375, "mean": 14.412792443783836}, "ref_regrid": {"min": 0.0, "max": 71.3333740234375, "mean": 14.412792443783836, "std": 13.735422523410708}, "test": {"min": 0.0, "max": 75.05577087402344, "mean": 14.56679063645019}, "test_regrid": {"min": 0.0, "max": 75.05577087402344, "mean": 14.56679063645019, "std": 13.963379529853505}, "diff": {"min": -57.93461608886719, "max": 50.0, "mean": 0.1539981925596315}, "misc": {"rmse": 3.694972768625953, "corr": 0.9646046794839571}, "unit": "%"}