{"ref": {"min": 0.0, "max": 49.065773010253906, "mean": 17.195554624539405}, "ref_regrid": {"min": 0.0, "max": 49.065773010253906, "mean": 17.195554624539405, "std": 11.153617362922319}, "test": {"min": 0.0, "max": 57.60725402832031, "mean": 16.858799614725708}, "test_regrid": {"min": 0.0, "max": 57.60725402832031, "mean": 16.858799614725708, "std": 11.046539862260856}, "diff": {"min": -24.70175552368164, "max": 36.3970947265625, "mean": -0.336755009786031}, "misc": {"rmse": 2.864675778636724, "corr": 0.9672040768383467}, "unit": "%"}