{"ref": {"min": 0.0, "max": 83.81291198730469, "mean": 22.63761846755294}, "ref_regrid": {"min": 0.0, "max": 83.81291198730469, "mean": 22.63761846755294, "std": 11.403555183331138}, "test": {"min": 0.0, "max": 54.55314254760742, "mean": 22.243962290923047}, "test_regrid": {"min": 0.0, "max": 54.55314254760742, "mean": 22.243962290923047, "std": 11.005934081975905}, "diff": {"min": -75.0569076538086, "max": 40.883262634277344, "mean": -0.3936561765316476}, "misc": {"rmse": 3.685636112697958, "corr": 0.9471309587162724}, "unit": "%"}