{"ref": {"min": 0.0, "max": 55.77552795410156, "mean": 22.58295255594017}, "ref_regrid": {"min": 0.0, "max": 55.77552795410156, "mean": 22.58295255594017, "std": 10.17965513795395}, "test": {"min": 0.0, "max": 57.41584014892578, "mean": 22.363816797404056}, "test_regrid": {"min": 0.0, "max": 57.41584014892578, "mean": 22.363816797404056, "std": 9.953374220476404}, "diff": {"min": -26.07344627380371, "max": 25.454816818237305, "mean": -0.21913575853833048}, "misc": {"rmse": 3.11135116258903, "corr": 0.9527186079612711}, "unit": "%"}