{"ref": {"min": 0.0, "max": 88.57597351074219, "mean": 23.003038325317952}, "ref_regrid": {"min": 0.0, "max": 88.57597351074219, "mean": 23.003038325317952, "std": 16.758716962133136}, "test": {"min": 0.0, "max": 90.06401062011719, "mean": 23.504113762239083}, "test_regrid": {"min": 0.0, "max": 90.06401062011719, "mean": 23.504113762239083, "std": 17.073888643293174}, "diff": {"min": -20.78673553466797, "max": 36.03862380981445, "mean": 0.501075436915736}, "misc": {"rmse": 4.005419042866868, "corr": 0.972577818786461}, "unit": "%"}