{"ref": {"min": 0.0, "max": 44.91173553466797, "mean": 15.230800504391448}, "ref_regrid": {"min": 0.0, "max": 44.91173553466797, "mean": 15.230800504391448, "std": 11.56676765657574}, "test": {"min": 0.0, "max": 46.8862190246582, "mean": 15.124105455730541}, "test_regrid": {"min": 0.0, "max": 46.8862190246582, "mean": 15.124105455730541, "std": 11.657391977290393}, "diff": {"min": -40.942649841308594, "max": 44.83686065673828, "mean": -0.10669504874923344}, "misc": {"rmse": 2.8378609686920826, "corr": 0.9702092953730377}, "unit": "%"}