{"ref": {"min": 0.0, "max": 86.53136444091797, "mean": 29.793489976075307}, "ref_regrid": {"min": 0.0, "max": 86.53136444091797, "mean": 29.793489976075307, "std": 21.480141177996547}, "test": {"min": 0.0, "max": 86.15474700927734, "mean": 30.003977470315903}, "test_regrid": {"min": 0.0, "max": 86.15474700927734, "mean": 30.003977470315903, "std": 21.841772925074462}, "diff": {"min": -52.743873596191406, "max": 42.13762664794922, "mean": 0.2104874942041007}, "misc": {"rmse": 4.265927580323111, "corr": 0.9807923854310634}, "unit": "%"}