{"ref": {"min": 0.0, "max": 100.0, "mean": 27.722989775374398}, "ref_regrid": {"min": 0.0, "max": 100.0, "mean": 27.722989775374398, "std": 18.63203910939562}, "test": {"min": 0.0, "max": 100.00000762939453, "mean": 27.097860936859032}, "test_regrid": {"min": 0.0, "max": 100.00000762939453, "mean": 27.097860936859032, "std": 18.42640802364237}, "diff": {"min": -100.0, "max": 54.6369514465332, "mean": -0.6251288385187272}, "misc": {"rmse": 5.068293268724349, "corr": 0.9632203039183906}, "unit": "%"}