{"ref": {"min": 0.0, "max": 94.88714599609375, "mean": 47.08921908894634}, "ref_regrid": {"min": 0.0, "max": 94.88714599609375, "mean": 47.08921908894634, "std": 23.779784572554085}, "test": {"min": 0.0, "max": 96.00160217285156, "mean": 47.23615225840229}, "test_regrid": {"min": 0.0, "max": 96.00160217285156, "mean": 47.23615225840229, "std": 23.745565080193696}, "diff": {"min": -39.55345153808594, "max": 36.410865783691406, "mean": 0.14693316941783488}, "misc": {"rmse": 4.928139914199147, "corr": 0.978514847159543}, "unit": "%"}