{"ref": {"min": 0.19645243883132935, "max": 42.28575134277344, "mean": 17.307195165395385}, "ref_regrid": {"min": 0.19645243883132935, "max": 42.28575134277344, "mean": 17.307195165395385, "std": 10.46281485492487}, "test": {"min": 0.2901252508163452, "max": 40.67931365966797, "mean": 16.97867311504862}, "test_regrid": {"min": 0.2901252508163452, "max": 40.67931365966797, "mean": 16.97867311504862, "std": 10.246704201603771}, "diff": {"min": -11.996793746948242, "max": 9.833391189575195, "mean": -0.3285220503463066}, "misc": {"rmse": 1.6288181102654982, "corr": 0.9883479498563187}, "unit": "%"}