{"ref": {"min": 0.8515913486480713, "max": 48.45643997192383, "mean": 22.928952045301703}, "ref_regrid": {"min": 0.8515913486480713, "max": 48.45643997192383, "mean": 22.928952045301703, "std": 9.314715984661062}, "test": {"min": 1.1820085048675537, "max": 44.58085250854492, "mean": 22.55070343958188}, "test_regrid": {"min": 1.1820085048675537, "max": 44.58085250854492, "mean": 22.55070343958188, "std": 9.030464353834805}, "diff": {"min": -12.028253555297852, "max": 12.244037628173828, "mean": -0.37824860572611624}, "misc": {"rmse": 1.7801055752605057, "corr": 0.9824950220145181}, "unit": "%"}