{"ref": {"min": 1.0713237524032593, "max": 93.68476867675781, "mean": 47.57583948332514}, "ref_regrid": {"min": 1.0713237524032593, "max": 93.68476867675781, "mean": 47.57583948332514, "std": 22.218120277784525}, "test": {"min": 1.4574534893035889, "max": 95.94707489013672, "mean": 47.667804209586336}, "test_regrid": {"min": 1.4574534893035889, "max": 95.94707489013672, "mean": 47.667804209586336, "std": 22.132657518372106}, "diff": {"min": -14.49344253540039, "max": 17.477508544921875, "mean": 0.09196472626361078}, "misc": {"rmse": 2.5416832868190684, "corr": 0.9934474381761064}, "unit": "%"}