{"ref": {"min": 0.0, "max": 98.81952667236328, "mean": 45.585990876485}, "ref_regrid": {"min": 0.0, "max": 98.81952667236328, "mean": 45.585990876485, "std": 24.013908540301177}, "test": {"min": 0.0, "max": 98.79332733154297, "mean": 45.86793057867735}, "test_regrid": {"min": 0.0, "max": 98.79332733154297, "mean": 45.86793057867735, "std": 23.981145146045808}, "diff": {"min": -21.0416202545166, "max": 38.89844512939453, "mean": 0.28193970217787595}, "misc": {"rmse": 4.652578560673789, "corr": 0.9812757123756948}, "unit": "%"}