{"ref": {"min": 0.0, "max": 100.0, "mean": 32.504151147358115}, "ref_regrid": {"min": 0.0, "max": 100.0, "mean": 32.504151147358115, "std": 22.005095697537804}, "test": {"min": 0.0, "max": 100.00000762939453, "mean": 31.910388104609762}, "test_regrid": {"min": 0.0, "max": 100.00000762939453, "mean": 31.910388104609762, "std": 21.591260131774952}, "diff": {"min": -100.0, "max": 54.6369514465332, "mean": -0.5937630426554453}, "misc": {"rmse": 5.489357061841362, "corr": 0.9688401171781946}, "unit": "%"}