{"ref": {"min": 0.0, "max": 55.02482604980469, "mean": 17.220304252277757}, "ref_regrid": {"min": 0.0, "max": 55.02482604980469, "mean": 17.220304252277757, "std": 11.33304469862212}, "test": {"min": 0.0, "max": 54.132667541503906, "mean": 17.072628353888863}, "test_regrid": {"min": 0.0, "max": 54.132667541503906, "mean": 17.072628353888863, "std": 11.207182247372344}, "diff": {"min": -24.548023223876953, "max": 21.39213752746582, "mean": -0.14767589842702233}, "misc": {"rmse": 2.776374579584983, "corr": 0.9698034963554528}, "unit": "%"}