{"ref": {"min": 0.0638423040509224, "max": 93.48088836669922, "mean": 26.20873844606611}, "ref_regrid": {"min": 0.0638423040509224, "max": 93.48088836669922, "mean": 26.20873844606611, "std": 15.487759869222044}, "test": {"min": 0.04712117463350296, "max": 92.93902587890625, "mean": 26.83082931399571}, "test_regrid": {"min": 0.04712117463350296, "max": 92.93902587890625, "mean": 26.83082931399571, "std": 15.948726024295095}, "diff": {"min": -22.480669021606445, "max": 24.51066017150879, "mean": 0.6220908679202436}, "misc": {"rmse": 5.3641353379091825, "corr": 0.9429689958272802}, "unit": "%"}