{"ref": {"min": 0.0, "max": 93.63912200927734, "mean": 31.173080001167534}, "ref_regrid": {"min": 0.0, "max": 93.63912200927734, "mean": 31.173080001167534, "std": 21.927740809106595}, "test": {"min": 0.0, "max": 95.13087463378906, "mean": 31.474856868627597}, "test_regrid": {"min": 0.0, "max": 95.13087463378906, "mean": 31.474856868627597, "std": 22.137545461982373}, "diff": {"min": -24.513553619384766, "max": 30.644699096679688, "mean": 0.3017768674724345}, "misc": {"rmse": 3.6435910760344234, "corr": 0.9864648175663859}, "unit": "%"}