{"ref": {"min": 0.0, "max": 84.76119995117188, "mean": 24.449281870021892}, "ref_regrid": {"min": 0.0, "max": 84.76119995117188, "mean": 24.449281870021892, "std": 17.081763385738387}, "test": {"min": 0.0, "max": 85.02135467529297, "mean": 25.0434750985559}, "test_regrid": {"min": 0.0, "max": 85.02135467529297, "mean": 25.0434750985559, "std": 17.57111540299668}, "diff": {"min": -63.40193176269531, "max": 40.83081817626953, "mean": 0.5941932285703955}, "misc": {"rmse": 4.237246804756273, "corr": 0.9710778245974815}, "unit": "%"}