{"ref": {"min": 0.0, "max": 90.10601806640625, "mean": 32.10418290892083}, "ref_regrid": {"min": 0.0, "max": 90.10601806640625, "mean": 32.10418290892083, "std": 23.7318532422743}, "test": {"min": 0.0, "max": 91.77386474609375, "mean": 32.675689944332795}, "test_regrid": {"min": 0.0, "max": 91.77386474609375, "mean": 32.675689944332795, "std": 24.463422760803528}, "diff": {"min": -18.927677154541016, "max": 21.59238624572754, "mean": 0.5715070354208573}, "misc": {"rmse": 4.036091473419028, "corr": 0.9867126935565993}, "unit": "%"}