{"ref": {"min": 0.0, "max": 61.28360366821289, "mean": 13.956649762261904}, "ref_regrid": {"min": 0.0, "max": 61.28360366821289, "mean": 13.956649762261904, "std": 12.489614411054287}, "test": {"min": 0.0, "max": 64.44941711425781, "mean": 13.900640498359516}, "test_regrid": {"min": 0.0, "max": 64.44941711425781, "mean": 13.900640498359516, "std": 12.491570311551843}, "diff": {"min": -9.25613784790039, "max": 13.960994720458984, "mean": -0.05600926388822067}, "misc": {"rmse": 1.5794386067024544, "corr": 0.9920152321613052}, "unit": "%"}