{"ref": {"min": 0.0, "max": 84.6671142578125, "mean": 22.292610026510825}, "ref_regrid": {"min": 0.0, "max": 84.6671142578125, "mean": 22.292610026510825, "std": 17.438952778795272}, "test": {"min": 0.0, "max": 84.51578521728516, "mean": 22.885537448562904}, "test_regrid": {"min": 0.0, "max": 84.51578521728516, "mean": 22.885537448562904, "std": 17.90412592398278}, "diff": {"min": -63.40172576904297, "max": 40.367286682128906, "mean": 0.5929274221745344}, "misc": {"rmse": 4.169824565078305, "corr": 0.9730654782271204}, "unit": "%"}