{"ref": {"min": 0.0, "max": 79.1552734375, "mean": 24.725769141822266}, "ref_regrid": {"min": 0.0, "max": 79.1552734375, "mean": 24.725769141822266, "std": 15.047659568805631}, "test": {"min": 0.0, "max": 79.80590057373047, "mean": 25.20427252202099}, "test_regrid": {"min": 0.0, "max": 79.80590057373047, "mean": 25.20427252202099, "std": 15.29383717019865}, "diff": {"min": -10.866329193115234, "max": 13.767316818237305, "mean": 0.47850338019723015}, "misc": {"rmse": 2.1811838003355697, "corr": 0.9902927288985903}, "unit": "%"}