{"ref": {"min": 0.0, "max": 88.77497100830078, "mean": 25.04759898706322}, "ref_regrid": {"min": 0.0, "max": 88.77497100830078, "mean": 25.04759898706322, "std": 16.28938407636685}, "test": {"min": 0.0, "max": 90.09974670410156, "mean": 25.55585019345295}, "test_regrid": {"min": 0.0, "max": 90.09974670410156, "mean": 25.55585019345295, "std": 16.61736433871436}, "diff": {"min": -20.309608459472656, "max": 35.831539154052734, "mean": 0.5082512063921423}, "misc": {"rmse": 4.03068586721066, "corr": 0.9706661941547599}, "unit": "%"}