{"ref": {"min": 0.0, "max": 99.03326416015625, "mean": 47.583662293707235}, "ref_regrid": {"min": 0.0, "max": 99.03326416015625, "mean": 47.583662293707235, "std": 23.847344362551638}, "test": {"min": 0.0, "max": 99.32868957519531, "mean": 47.8817286740367}, "test_regrid": {"min": 0.0, "max": 99.32868957519531, "mean": 47.8817286740367, "std": 23.81906801256456}, "diff": {"min": -21.333332061767578, "max": 39.049522399902344, "mean": 0.2980663803436685}, "misc": {"rmse": 4.6560791181828565, "corr": 0.9809959404222254}, "unit": "%"}