{"ref": {"min": 0.0, "max": 100.0, "mean": 23.288357274502424}, "ref_regrid": {"min": 0.0, "max": 100.0, "mean": 23.288357274502424, "std": 10.685699935817848}, "test": {"min": 0.0, "max": 100.0, "mean": 22.547701426142147}, "test_regrid": {"min": 0.0, "max": 100.0, "mean": 22.547701426142147, "std": 10.051038362689589}, "diff": {"min": -100.0, "max": 54.64024353027344, "mean": -0.7406558485883125}, "misc": {"rmse": 4.255270033257391, "corr": 0.9201323252973833}, "unit": "%"}