{"ref": {"min": 0.0, "max": 100.0, "mean": 23.185399592101888}, "ref_regrid": {"min": 0.0, "max": 100.0, "mean": 23.185399592101888, "std": 10.819003715701534}, "test": {"min": 0.0, "max": 100.0, "mean": 22.479451778017516}, "test_regrid": {"min": 0.0, "max": 100.0, "mean": 22.479451778017516, "std": 10.156188523411968}, "diff": {"min": -100.0, "max": 58.434112548828125, "mean": -0.7059478139150791}, "misc": {"rmse": 4.279109100769832, "corr": 0.920945061252817}, "unit": "%"}