{"ref": {"min": 0.0, "max": 100.00000762939453, "mean": 46.18951052367051}, "ref_regrid": {"min": 0.0, "max": 100.00000762939453, "mean": 46.18951052367051, "std": 24.18200354258276}, "test": {"min": 0.0, "max": 100.00000762939453, "mean": 45.72795573174274}, "test_regrid": {"min": 0.0, "max": 100.00000762939453, "mean": 45.72795573174274, "std": 24.029725961372474}, "diff": {"min": -100.0, "max": 99.33991241455078, "mean": -0.46155479194364957}, "misc": {"rmse": 6.1701578925263085, "corr": 0.9674449501857341}, "unit": "%"}