{"ref": {"min": 5.101232051849365, "max": 97.85694122314453, "mean": 57.27608204920027}, "ref_regrid": {"min": 5.101232051849365, "max": 97.85694122314453, "mean": 57.27608204920027, "std": 22.361463481465798}, "test": {"min": 4.136623859405518, "max": 98.09199523925781, "mean": 58.04834918155986}, "test_regrid": {"min": 4.136623859405518, "max": 98.09199523925781, "mean": 58.04834918155986, "std": 22.12760702517382}, "diff": {"min": -26.241931915283203, "max": 24.13177490234375, "mean": 0.7722671323704052}, "misc": {"rmse": 5.16730216233032, "corr": 0.9736766091279005}, "unit": "%"}