{"ref": {"min": 0.0, "max": 89.28399658203125, "mean": 33.17321010340167}, "ref_regrid": {"min": 0.0, "max": 89.28399658203125, "mean": 33.17321010340167, "std": 23.72542421594354}, "test": {"min": 0.0, "max": 91.39588928222656, "mean": 33.50482021971935}, "test_regrid": {"min": 0.0, "max": 91.39588928222656, "mean": 33.50482021971935, "std": 24.02784076034906}, "diff": {"min": -25.83266258239746, "max": 37.068965911865234, "mean": 0.3316101163632224}, "misc": {"rmse": 3.522344166808768, "corr": 0.9892947601131139}, "unit": "%"}