{"ref": {"min": 0.0, "max": 44.838077545166016, "mean": 15.448483969045748}, "ref_regrid": {"min": 0.0, "max": 44.838077545166016, "mean": 15.448483969045748, "std": 10.912590675559779}, "test": {"min": 0.0, "max": 43.78170394897461, "mean": 15.16379027721649}, "test_regrid": {"min": 0.0, "max": 43.78170394897461, "mean": 15.16379027721649, "std": 10.87410662025569}, "diff": {"min": -22.738880157470703, "max": 35.39513397216797, "mean": -0.2846936917615521}, "misc": {"rmse": 2.647120186541668, "corr": 0.9708223458599574}, "unit": "%"}