{"ref": {"min": 0.0, "max": 75.50172424316406, "mean": 21.7150186190272}, "ref_regrid": {"min": 0.0, "max": 75.50172424316406, "mean": 21.7150186190272, "std": 16.42852580367319}, "test": {"min": 0.0, "max": 78.03917694091797, "mean": 22.154914555615864}, "test_regrid": {"min": 0.0, "max": 78.03917694091797, "mean": 22.154914555615864, "std": 16.532502536566692}, "diff": {"min": -24.33384895324707, "max": 26.706077575683594, "mean": 0.4398959366276346}, "misc": {"rmse": 3.904715134796388, "corr": 0.972308130548653}, "unit": "%"}