{"ref": {"min": 0.0, "max": 44.65237808227539, "mean": 10.706996874647318}, "ref_regrid": {"min": 0.0, "max": 44.65237808227539, "mean": 10.706996874647318, "std": 8.641149554366777}, "test": {"min": 0.0, "max": 45.13269805908203, "mean": 10.95304003038182}, "test_regrid": {"min": 0.0, "max": 45.13269805908203, "mean": 10.95304003038182, "std": 8.913745029855995}, "diff": {"min": -15.084920883178711, "max": 18.348270416259766, "mean": 0.24604315565807422}, "misc": {"rmse": 2.4165123344801946, "corr": 0.9629686094346726}, "unit": "%"}