{"ref": {"min": 0.0, "max": 51.893218994140625, "mean": 11.048633942844999}, "ref_regrid": {"min": 0.0, "max": 51.893218994140625, "mean": 11.048633942844999, "std": 10.268717299777734}, "test": {"min": 0.0, "max": 59.04989242553711, "mean": 11.40564856383798}, "test_regrid": {"min": 0.0, "max": 59.04989242553711, "mean": 11.40564856383798, "std": 10.64757669910285}, "diff": {"min": -16.53295135498047, "max": 22.89263153076172, "mean": 0.3570146210757264}, "misc": {"rmse": 2.5973626787210984, "corr": 0.97038833390319}, "unit": "%"}