{"ref": {"min": 0.0, "max": 60.15152359008789, "mean": 16.789023412744807}, "ref_regrid": {"min": 0.0, "max": 60.15152359008789, "mean": 16.789023412744807, "std": 12.05436435210063}, "test": {"min": 0.0, "max": 50.0, "mean": 16.596245976624456}, "test_regrid": {"min": 0.0, "max": 50.0, "mean": 16.596245976624456, "std": 11.922334218021623}, "diff": {"min": -52.523033142089844, "max": 42.40347671508789, "mean": -0.19277743628739036}, "misc": {"rmse": 3.1169874449952255, "corr": 0.9663885554181377}, "unit": "%"}