{"ref": {"min": 0.0, "max": 79.1552734375, "mean": 24.726738336894673}, "ref_regrid": {"min": 0.0, "max": 79.1552734375, "mean": 24.726738336894673, "std": 15.046089864096038}, "test": {"min": 3.6846658986178227e-06, "max": 79.80590057373047, "mean": 25.205048920504705}, "test_regrid": {"min": 3.6846658986178227e-06, "max": 79.80590057373047, "mean": 25.205048920504705, "std": 15.292644601096075}, "diff": {"min": -10.866325378417969, "max": 13.76732063293457, "mean": 0.4783105836092887}, "misc": {"rmse": 2.1812038568029304, "corr": 0.990290772342485}, "unit": "%"}