{"ref": {"min": 0.0, "max": 64.17640686035156, "mean": 11.607949093673481}, "ref_regrid": {"min": 0.0, "max": 64.17640686035156, "mean": 11.607949093673481, "std": 9.951890094132995}, "test": {"min": 0.0, "max": 64.13043212890625, "mean": 11.728216942971706}, "test_regrid": {"min": 0.0, "max": 64.13043212890625, "mean": 11.728216942971706, "std": 10.250130609983472}, "diff": {"min": -38.30641174316406, "max": 41.92475128173828, "mean": 0.12026784914508255}, "misc": {"rmse": 3.059333969495925, "corr": 0.9546305347593798}, "unit": "%"}