{"ref": {"min": 0.872235894203186, "max": 51.30112838745117, "mean": 22.850070337308754}, "ref_regrid": {"min": 0.872235894203186, "max": 51.30112838745117, "mean": 22.850070337308754, "std": 9.414627157554227}, "test": {"min": 1.1927776336669922, "max": 47.0901985168457, "mean": 22.463531704976223}, "test_regrid": {"min": 1.1927776336669922, "max": 47.0901985168457, "mean": 22.463531704976223, "std": 9.101781811261121}, "diff": {"min": -12.202478408813477, "max": 12.5181884765625, "mean": -0.3865386323277124}, "misc": {"rmse": 1.7859565225003855, "corr": 0.9828313665493624}, "unit": "%"}