{"ref": {"min": 0.0, "max": 45.297340393066406, "mean": 11.220154033127628}, "ref_regrid": {"min": 0.0, "max": 45.297340393066406, "mean": 11.220154033127628, "std": 8.44332937733782}, "test": {"min": 0.0, "max": 44.87910079956055, "mean": 11.530020916839934}, "test_regrid": {"min": 0.0, "max": 44.87910079956055, "mean": 11.530020916839934, "std": 8.738752664705238}, "diff": {"min": -10.594537734985352, "max": 12.588069915771484, "mean": 0.30986688371973997}, "misc": {"rmse": 1.441725654414413, "corr": 0.9871565916108581}, "unit": "%"}