{"ref": {"min": 0.0, "max": 98.82935333251953, "mean": 44.983685915602024}, "ref_regrid": {"min": 0.0, "max": 98.82935333251953, "mean": 44.983685915602024, "std": 24.493723756271763}, "test": {"min": 0.0, "max": 98.108642578125, "mean": 45.1979461142038}, "test_regrid": {"min": 0.0, "max": 98.108642578125, "mean": 45.1979461142038, "std": 24.664875857324407}, "diff": {"min": -73.26480865478516, "max": 49.987335205078125, "mean": 0.21426019854505843}, "misc": {"rmse": 5.1501690612259985, "corr": 0.9781099788067064}, "unit": "%"}