{"ref": {"min": 0.0, "max": 67.2151107788086, "mean": 11.247044626128643}, "ref_regrid": {"min": 0.0, "max": 67.2151107788086, "mean": 11.247044626128643, "std": 9.16477971157025}, "test": {"min": 0.0, "max": 71.62420654296875, "mean": 11.715014688671817}, "test_regrid": {"min": 0.0, "max": 71.62420654296875, "mean": 11.715014688671817, "std": 9.733711057973235}, "diff": {"min": -18.75643539428711, "max": 37.86040496826172, "mean": 0.4679700625452198}, "misc": {"rmse": 2.6635493822538727, "corr": 0.96327758661095}, "unit": "%"}