{"ref": {"min": 0.0, "max": 92.21373748779297, "mean": 25.022475055266064}, "ref_regrid": {"min": 0.0, "max": 92.21373748779297, "mean": 25.022475055266064, "std": 17.19287782504551}, "test": {"min": 0.0, "max": 90.61016082763672, "mean": 25.316986248892157}, "test_regrid": {"min": 0.0, "max": 90.61016082763672, "mean": 25.316986248892157, "std": 17.455325633167856}, "diff": {"min": -52.246158599853516, "max": 50.0, "mean": 0.2945111934273717}, "misc": {"rmse": 4.741729960015113, "corr": 0.9627993246605187}, "unit": "%"}