{"ref": {"min": 0.0, "max": 100.00000762939453, "mean": 48.20787579384451}, "ref_regrid": {"min": 0.0, "max": 100.00000762939453, "mean": 48.20787579384451, "std": 24.031805089598745}, "test": {"min": 0.0, "max": 100.00000762939453, "mean": 47.79650213334413}, "test_regrid": {"min": 0.0, "max": 100.00000762939453, "mean": 47.79650213334413, "std": 23.862468930607406}, "diff": {"min": -100.0, "max": 99.33991241455078, "mean": -0.41137366049361873}, "misc": {"rmse": 6.205136663293764, "corr": 0.9666010374186348}, "unit": "%"}