{"ref": {"min": 0.0, "max": 78.54291534423828, "mean": 23.925794201416185}, "ref_regrid": {"min": 0.0, "max": 78.54291534423828, "mean": 23.925794201416185, "std": 15.884410027996413}, "test": {"min": 0.0, "max": 79.97870635986328, "mean": 24.379590506325655}, "test_regrid": {"min": 0.0, "max": 79.97870635986328, "mean": 24.379590506325655, "std": 15.994765440293614}, "diff": {"min": -25.150463104248047, "max": 26.673137664794922, "mean": 0.4537963048563533}, "misc": {"rmse": 3.9542499147600116, "corr": 0.9696576928109178}, "unit": "%"}