{"ref": {"min": 0.0, "max": 99.30186462402344, "mean": 47.08681116146677}, "ref_regrid": {"min": 0.0, "max": 99.30186462402344, "mean": 47.08681116146677, "std": 24.518788711468567}, "test": {"min": 0.0, "max": 98.74523162841797, "mean": 47.28743739883438}, "test_regrid": {"min": 0.0, "max": 98.74523162841797, "mean": 47.28743739883438, "std": 24.684846046963948}, "diff": {"min": -75.85662078857422, "max": 49.62151336669922, "mean": 0.2006262375333251}, "misc": {"rmse": 5.268669447181385, "corr": 0.9771240039813259}, "unit": "%"}