{"ref": {"min": 0.0, "max": 56.188079833984375, "mean": 22.536015618100077}, "ref_regrid": {"min": 0.0, "max": 56.188079833984375, "mean": 22.536015618100077, "std": 10.29128389682013}, "test": {"min": 0.0, "max": 58.862979888916016, "mean": 22.304806600802632}, "test_regrid": {"min": 0.0, "max": 58.862979888916016, "mean": 22.304806600802632, "std": 10.02619197965827}, "diff": {"min": -26.53954315185547, "max": 25.36992645263672, "mean": -0.23120901729049162}, "misc": {"rmse": 3.117758821087668, "corr": 0.9534964788843359}, "unit": "%"}