{"ref": {"min": 0.0, "max": 99.30186462402344, "mean": 47.086959005763944}, "ref_regrid": {"min": 0.0, "max": 99.30186462402344, "mean": 47.086959005763944, "std": 24.51851117466015}, "test": {"min": 0.0, "max": 98.74522399902344, "mean": 47.309004136427816}, "test_regrid": {"min": 0.0, "max": 98.74522399902344, "mean": 47.309004136427816, "std": 24.678868874033334}, "diff": {"min": -75.85662078857422, "max": 49.62151336669922, "mean": 0.22204513085946972}, "misc": {"rmse": 5.267665091608177, "corr": 0.9771328911608634}, "unit": "%"}