{"ref": {"min": 0.0, "max": 76.57710266113281, "mean": 22.598255936724097}, "ref_regrid": {"min": 0.0, "max": 76.57710266113281, "mean": 22.598255936724097, "std": 15.571071046182096}, "test": {"min": 0.0, "max": 77.2475814819336, "mean": 23.066637935687623}, "test_regrid": {"min": 0.0, "max": 77.2475814819336, "mean": 23.066637935687623, "std": 15.809450467108016}, "diff": {"min": -11.097118377685547, "max": 13.911399841308594, "mean": 0.46838199896246824}, "misc": {"rmse": 2.1492558118331107, "corr": 0.9911786719048645}, "unit": "%"}