{"ref": {"min": 0.5241255164146423, "max": 81.93994903564453, "mean": 31.01117319003594}, "ref_regrid": {"min": 0.5241255164146423, "max": 81.93994903564453, "mean": 31.01117319003594, "std": 20.217846847282342}, "test": {"min": 0.4484016001224518, "max": 85.04602813720703, "mean": 30.985397029106082}, "test_regrid": {"min": 0.4484016001224518, "max": 85.04602813720703, "mean": 30.985397029106082, "std": 20.185455216395354}, "diff": {"min": -10.781742095947266, "max": 13.596790313720703, "mean": -0.025776160932642945}, "misc": {"rmse": 2.1121170940160443, "corr": 0.994536566110504}, "unit": "%"}