{"ref": {"min": 0.0, "max": 100.0, "mean": 16.115040685908138}, "ref_regrid": {"min": 0.0, "max": 100.0, "mean": 16.115040685908138, "std": 11.134800151026218}, "test": {"min": 0.0, "max": 100.0, "mean": 15.369643996271531}, "test_regrid": {"min": 0.0, "max": 100.0, "mean": 15.369643996271531, "std": 10.515447853380431}, "diff": {"min": -100.0, "max": 54.6369514465332, "mean": -0.7453966896386426}, "misc": {"rmse": 3.730772556749604, "corr": 0.9445736718477724}, "unit": "%"}