{"ref": {"min": 0.0, "max": 80.57183837890625, "mean": 32.12550053317644}, "ref_regrid": {"min": 0.0, "max": 80.57183837890625, "mean": 32.12550053317644, "std": 23.062620573427502}, "test": {"min": 0.0, "max": 82.49321746826172, "mean": 32.27201910471836}, "test_regrid": {"min": 0.0, "max": 82.49321746826172, "mean": 32.27201910471836, "std": 23.378247192309544}, "diff": {"min": -21.192092895507812, "max": 19.052349090576172, "mean": 0.14651857162159435}, "misc": {"rmse": 3.8521469432076847, "corr": 0.9863511309951812}, "unit": "%"}