{"ref": {"min": 0.0, "max": 62.038692474365234, "mean": 14.806791603136084}, "ref_regrid": {"min": 0.0, "max": 62.038692474365234, "mean": 14.806791603136084, "std": 13.955798460390605}, "test": {"min": 0.0, "max": 69.04761505126953, "mean": 14.925998975767609}, "test_regrid": {"min": 0.0, "max": 69.04761505126953, "mean": 14.925998975767609, "std": 14.04789190596301}, "diff": {"min": -20.031299591064453, "max": 27.727096557617188, "mean": 0.11920737266805546}, "misc": {"rmse": 3.3739073222246865, "corr": 0.9710263066265756}, "unit": "%"}