{"ref": {"min": 1.0671155452728271, "max": 91.5658950805664, "mean": 45.527207989380805}, "ref_regrid": {"min": 1.0671155452728271, "max": 91.5658950805664, "mean": 45.527207989380805, "std": 22.36296383558996}, "test": {"min": 1.41265070438385, "max": 94.70246124267578, "mean": 45.61734136133882}, "test_regrid": {"min": 1.41265070438385, "max": 94.70246124267578, "mean": 45.61734136133882, "std": 22.277206116922116}, "diff": {"min": -13.414215087890625, "max": 17.525135040283203, "mean": 0.09013337196863552}, "misc": {"rmse": 2.5282069024426512, "corr": 0.993600409414375}, "unit": "%"}