{"ref": {"min": 0.0, "max": 61.34130096435547, "mean": 23.167501765856645}, "ref_regrid": {"min": 0.0, "max": 61.34130096435547, "mean": 23.167501765856645, "std": 10.245487048366458}, "test": {"min": 0.0, "max": 63.95155334472656, "mean": 22.85976368163252}, "test_regrid": {"min": 0.0, "max": 63.95155334472656, "mean": 22.85976368163252, "std": 10.114164768959196}, "diff": {"min": -32.933860778808594, "max": 38.767295837402344, "mean": -0.30773808423151267}, "misc": {"rmse": 3.2228069556388523, "corr": 0.9504242145038888}, "unit": "%"}