{"ref": {"min": 0.0, "max": 92.63848876953125, "mean": 44.97822398708643}, "ref_regrid": {"min": 0.0, "max": 92.63848876953125, "mean": 44.97822398708643, "std": 23.966377057606604}, "test": {"min": 0.0, "max": 94.33757019042969, "mean": 45.132233688965314}, "test_regrid": {"min": 0.0, "max": 94.33757019042969, "mean": 45.132233688965314, "std": 23.940844145687432}, "diff": {"min": -31.598674774169922, "max": 35.95521926879883, "mean": 0.1540097018526162}, "misc": {"rmse": 4.897734438023436, "corr": 0.9791177558527188}, "unit": "%"}