{"ref": {"min": 0.0, "max": 94.88713836669922, "mean": 47.097268987091866}, "ref_regrid": {"min": 0.0, "max": 94.88713836669922, "mean": 47.097268987091866, "std": 23.764857614521922}, "test": {"min": 0.0, "max": 96.00160217285156, "mean": 47.26516972757869}, "test_regrid": {"min": 0.0, "max": 96.00160217285156, "mean": 47.26516972757869, "std": 23.72308211856711}, "diff": {"min": -39.553443908691406, "max": 36.4108772277832, "mean": 0.1679007405253061}, "misc": {"rmse": 4.931175302107708, "corr": 0.9784607996898176}, "unit": "%"}