{"ref": {"min": 0.0, "max": 78.54290771484375, "mean": 23.921717309235085}, "ref_regrid": {"min": 0.0, "max": 78.54290771484375, "mean": 23.921717309235085, "std": 15.89030052209518}, "test": {"min": 0.0, "max": 79.97871398925781, "mean": 24.376388596273646}, "test_regrid": {"min": 0.0, "max": 79.97871398925781, "mean": 24.376388596273646, "std": 15.999328872022899}, "diff": {"min": -25.150461196899414, "max": 26.673137664794922, "mean": 0.4546712870167354}, "misc": {"rmse": 3.953556458415475, "corr": 0.9696893673844106}, "unit": "%"}