{"ref": {"min": 0.0, "max": 81.61027526855469, "mean": 32.994355861198784}, "ref_regrid": {"min": 0.0, "max": 81.61027526855469, "mean": 32.994355861198784, "std": 22.17626607059756}, "test": {"min": 0.0, "max": 82.90243530273438, "mean": 33.1683892495435}, "test_regrid": {"min": 0.0, "max": 82.90243530273438, "mean": 33.1683892495435, "std": 22.48760562396884}, "diff": {"min": -15.277503967285156, "max": 9.628044128417969, "mean": 0.18203820471344187}, "misc": {"rmse": 2.1197803374366253, "corr": 0.9956225457117764}, "unit": "%"}