{"ref": {"min": 0.0, "max": 100.0, "mean": 23.18539693362705}, "ref_regrid": {"min": 0.0, "max": 100.0, "mean": 23.18539693362705, "std": 10.819008367121555}, "test": {"min": 0.0, "max": 100.0, "mean": 22.460810478446266}, "test_regrid": {"min": 0.0, "max": 100.0, "mean": 22.460810478446266, "std": 10.161659164392901}, "diff": {"min": -100.0, "max": 58.434120178222656, "mean": -0.7245864551720008}, "misc": {"rmse": 4.279621915909215, "corr": 0.9210561374305225}, "unit": "%"}