{"ref": {"min": 64.1667709350586, "max": 445.2763366699219, "mean": 352.67931139926856}, "ref_regrid": {"min": 64.1667709350586, "max": 445.2763366699219, "mean": 352.67931139926856, "std": 62.58517532978206}, "test": {"min": 60.59189224243164, "max": 446.1849060058594, "mean": 352.8953594601593}, "test_regrid": {"min": 60.59189224243164, "max": 446.1849060058594, "mean": 352.8953594601593, "std": 63.11540545185735}, "diff": {"min": -19.29925537109375, "max": 24.598953247070312, "mean": 0.2160480608907351}, "misc": {"rmse": 3.766473683382348, "corr": 0.9982457982010344}, "unit": "W/m2"}