{"ref": {"min": 60.63250732421875, "max": 441.64752197265625, "mean": 326.8679966200968}, "ref_regrid": {"min": 60.63250732421875, "max": 441.64752197265625, "mean": 326.8679966200968, "std": 73.95556991131274}, "test": {"min": 56.56572723388672, "max": 442.9635314941406, "mean": 327.3395636169836}, "test_regrid": {"min": 56.56572723388672, "max": 442.9635314941406, "mean": 327.3395636169836, "std": 74.38839193435606}, "diff": {"min": -20.13916015625, "max": 15.71728515625, "mean": 0.47156699688684023}, "misc": {"rmse": 3.2716295734085934, "corr": 0.9990644396353129}, "unit": "W/m2"}