{"ref": {"min": 93.9210433959961, "max": 427.6583251953125, "mean": 338.8783262692777}, "ref_regrid": {"min": 93.9210433959961, "max": 427.6583251953125, "mean": 338.8783262692777, "std": 69.0329767802345}, "test": {"min": 97.19366455078125, "max": 428.4736633300781, "mean": 338.43633890047664}, "test_regrid": {"min": 97.19366455078125, "max": 428.4736633300781, "mean": 338.43633890047664, "std": 70.08729198988652}, "diff": {"min": -35.42573547363281, "max": 38.315765380859375, "mean": -0.44198736880102435}, "misc": {"rmse": 5.7037378515401755, "corr": 0.9967730947911394}, "unit": "W/m2"}