{"ref": {"min": 69.62494659423828, "max": 430.8397521972656, "mean": 344.4240664580581}, "ref_regrid": {"min": 69.62494659423828, "max": 430.8397521972656, "mean": 344.4240664580581, "std": 65.35735261683146}, "test": {"min": 68.85464477539062, "max": 430.472412109375, "mean": 344.3593742478814}, "test_regrid": {"min": 68.85464477539062, "max": 430.472412109375, "mean": 344.3593742478814, "std": 66.16544647045538}, "diff": {"min": -28.343032836914062, "max": 22.759796142578125, "mean": -0.06469221017669768}, "misc": {"rmse": 4.358033506272331, "corr": 0.9978800221515223}, "unit": "W/m2"}