{"ref": {"min": 74.20149230957031, "max": 424.8103942871094, "mean": 345.31118730950203}, "ref_regrid": {"min": 74.20149230957031, "max": 424.8103942871094, "mean": 345.31118730950203, "std": 62.34367058367919}, "test": {"min": 74.15936279296875, "max": 426.1736755371094, "mean": 345.2760797243614}, "test_regrid": {"min": 74.15936279296875, "max": 426.1736755371094, "mean": 345.2760797243614, "std": 62.927301614847224}, "diff": {"min": -15.36181640625, "max": 15.444046020507812, "mean": -0.035107585140552275}, "misc": {"rmse": 2.6128396689937143, "corr": 0.999173480062421}, "unit": "W/m2"}