{"ref": {"min": 65.53256225585938, "max": 419.51043701171875, "mean": 317.1857842086298}, "ref_regrid": {"min": 65.53256225585938, "max": 419.51043701171875, "mean": 317.1857842086298, "std": 78.62443835386}, "test": {"min": 64.28466796875, "max": 419.26806640625, "mean": 317.56855009925795}, "test_regrid": {"min": 64.28466796875, "max": 419.26806640625, "mean": 317.56855009925795, "std": 79.16573857803813}, "diff": {"min": -19.077972412109375, "max": 13.883621215820312, "mean": 0.38276589062810196}, "misc": {"rmse": 3.45319483059285, "corr": 0.9990774122860651}, "unit": "W/m2"}