{"ref": {"min": 68.26902770996094, "max": 429.4424743652344, "mean": 345.2630449949216}, "ref_regrid": {"min": 68.26902770996094, "max": 429.4424743652344, "mean": 345.2630449949216, "std": 63.747972445711305}, "test": {"min": 67.83518981933594, "max": 431.0611572265625, "mean": 345.41324618731966}, "test_regrid": {"min": 67.83518981933594, "max": 431.0611572265625, "mean": 345.41324618731966, "std": 64.01071337962867}, "diff": {"min": -21.506591796875, "max": 17.99432373046875, "mean": 0.15020119239802407}, "misc": {"rmse": 3.9229379031475387, "corr": 0.9981255178341866}, "unit": "W/m2"}