{"ref": {"min": 63.488407135009766, "max": 415.887939453125, "mean": 317.5469667185531}, "ref_regrid": {"min": 63.488407135009766, "max": 415.887939453125, "mean": 317.5469667185531, "std": 76.9405331919129}, "test": {"min": 63.08325958251953, "max": 416.0102233886719, "mean": 318.0804644939549}, "test_regrid": {"min": 63.08325958251953, "max": 416.0102233886719, "mean": 318.0804644939549, "std": 76.83756065724614}, "diff": {"min": -13.896575927734375, "max": 12.6048583984375, "mean": 0.5334977754016939}, "misc": {"rmse": 2.870005815078429, "corr": 0.9993283311578639}, "unit": "W/m2"}