{"ref": {"min": 85.84519958496094, "max": 419.00079345703125, "mean": 310.56399781807227}, "ref_regrid": {"min": 85.84519958496094, "max": 419.00079345703125, "mean": 310.56399781807227, "std": 81.74058889234868}, "test": {"min": 86.25080108642578, "max": 419.5313415527344, "mean": 310.8025156883284}, "test_regrid": {"min": 86.25080108642578, "max": 419.5313415527344, "mean": 310.8025156883284, "std": 82.50310460574721}, "diff": {"min": -23.950103759765625, "max": 22.222946166992188, "mean": 0.23851787025616009}, "misc": {"rmse": 4.409499197627252, "corr": 0.998605740175583}, "unit": "W/m2"}