{"ref": {"min": 66.95472717285156, "max": 414.5936279296875, "mean": 317.51924511272534}, "ref_regrid": {"min": 66.95472717285156, "max": 414.5936279296875, "mean": 317.51924511272534, "std": 75.43020735452676}, "test": {"min": 65.35447692871094, "max": 415.196044921875, "mean": 317.8894822916939}, "test_regrid": {"min": 65.35447692871094, "max": 415.196044921875, "mean": 317.8894822916939, "std": 75.86052035544935}, "diff": {"min": -15.955001831054688, "max": 7.792266845703125, "mean": 0.3702371789686456}, "misc": {"rmse": 2.2509901162080976, "corr": 0.9995854097930299}, "unit": "W/m2"}