{"ref": {"min": 46.27388381958008, "max": 172.5535430908203, "mean": 80.70277201315005}, "ref_regrid": {"min": 46.27388381958008, "max": 172.5535430908203, "mean": 80.70277201315005, "std": 15.61102029957228}, "test": {"min": 47.76008605957031, "max": 168.76068115234375, "mean": 79.74175368799064}, "test_regrid": {"min": 47.76008605957031, "max": 168.76068115234375, "mean": 79.74175368799064, "std": 15.11286502646612}, "diff": {"min": -16.411048889160156, "max": 13.311058044433594, "mean": -0.9610183251594193}, "misc": {"rmse": 3.0176906239832766, "corr": 0.9831839216331885}, "unit": "W/m2"}