{"ref": {"min": 44.85615539550781, "max": 169.18492126464844, "mean": 81.43993161962574}, "ref_regrid": {"min": 44.85615539550781, "max": 169.18492126464844, "mean": 81.43993161962574, "std": 15.50790318872705}, "test": {"min": 45.57481384277344, "max": 169.46099853515625, "mean": 80.7828862087479}, "test_regrid": {"min": 45.57481384277344, "max": 169.46099853515625, "mean": 80.7828862087479, "std": 15.25170771360911}, "diff": {"min": -17.629425048828125, "max": 21.7080078125, "mean": -0.6570454108778483}, "misc": {"rmse": 2.6744642740077387, "corr": 0.9859306658747197}, "unit": "W/m2"}