{"ref": {"min": 12.259936332702637, "max": 166.24612426757812, "mean": 54.361420664783275}, "ref_regrid": {"min": 12.259936332702637, "max": 166.24612426757812, "mean": 54.361420664783275, "std": 20.82256530860835}, "test": {"min": 11.930517196655273, "max": 167.9624481201172, "mean": 54.083086752762846}, "test_regrid": {"min": 11.930517196655273, "max": 167.9624481201172, "mean": 54.083086752762846, "std": 20.42885152751375}, "diff": {"min": -22.54485321044922, "max": 27.235137939453125, "mean": -0.27833391202044155}, "misc": {"rmse": 3.7795735717858383, "corr": 0.9834822277762059}, "unit": "W/m2"}