{"ref": {"min": 2.1775963306427, "max": 157.77552795410156, "mean": 54.64246808425958}, "ref_regrid": {"min": 2.1775963306427, "max": 157.77552795410156, "mean": 54.64246808425958, "std": 23.415942641076867}, "test": {"min": 5.310791492462158, "max": 155.4518585205078, "mean": 54.24477089068427}, "test_regrid": {"min": 5.310791492462158, "max": 155.4518585205078, "mean": 54.24477089068427, "std": 22.94202242622913}, "diff": {"min": -27.496177673339844, "max": 19.303253173828125, "mean": -0.39769719358312966}, "misc": {"rmse": 3.5236919331938577, "corr": 0.9887998533206404}, "unit": "W/m2"}