{"ref": {"min": 34.68135452270508, "max": 151.98695373535156, "mean": 80.98102045546553}, "ref_regrid": {"min": 34.68135452270508, "max": 151.98695373535156, "mean": 80.98102045546553, "std": 15.92769035132901}, "test": {"min": 35.287567138671875, "max": 146.6568145751953, "mean": 80.03950173059884}, "test_regrid": {"min": 35.287567138671875, "max": 146.6568145751953, "mean": 80.03950173059884, "std": 15.282409116082732}, "diff": {"min": -17.087989807128906, "max": 10.813552856445312, "mean": -0.941518724866677}, "misc": {"rmse": 2.739626770457254, "corr": 0.9872589034472075}, "unit": "W/m2"}