{"ref": {"min": 29.578657150268555, "max": 160.0284881591797, "mean": 79.97037829773879}, "ref_regrid": {"min": 29.578657150268555, "max": 160.0284881591797, "mean": 79.97037829773879, "std": 18.652447043302896}, "test": {"min": 31.324190139770508, "max": 157.68174743652344, "mean": 79.3286015610021}, "test_regrid": {"min": 31.324190139770508, "max": 157.68174743652344, "mean": 79.3286015610021, "std": 18.151233618084003}, "diff": {"min": -24.740089416503906, "max": 17.965316772460938, "mean": -0.6417767367366848}, "misc": {"rmse": 2.719257395007753, "corr": 0.9900591173857667}, "unit": "W/m2"}