{"ref": {"min": 11.692100524902344, "max": 149.7579803466797, "mean": 54.335272931499574}, "ref_regrid": {"min": 11.692100524902344, "max": 149.7579803466797, "mean": 54.335272931499574, "std": 20.657987973841628}, "test": {"min": 10.814718246459961, "max": 139.62010192871094, "mean": 53.887623411702215}, "test_regrid": {"min": 10.814718246459961, "max": 139.62010192871094, "mean": 53.887623411702215, "std": 19.917155851517816}, "diff": {"min": -22.728660583496094, "max": 23.297985076904297, "mean": -0.4476495197973701}, "misc": {"rmse": 3.6177655166215366, "corr": 0.9850054033141636}, "unit": "W/m2"}