{"ref": {"min": 9.800562858581543, "max": 168.62669372558594, "mean": 52.849205099926415}, "ref_regrid": {"min": 9.800562858581543, "max": 168.62669372558594, "mean": 52.849205099926415, "std": 21.21939887337289}, "test": {"min": 10.639677047729492, "max": 164.1861114501953, "mean": 52.556614411774994}, "test_regrid": {"min": 10.639677047729492, "max": 164.1861114501953, "mean": 52.556614411774994, "std": 20.3715211431085}, "diff": {"min": -18.083587646484375, "max": 24.28797149658203, "mean": -0.29259068815141337}, "misc": {"rmse": 3.7496890961523675, "corr": 0.9846674318773121}, "unit": "W/m2"}