{"ref": {"min": 12.358139991760254, "max": 151.00233459472656, "mean": 54.04709170092358}, "ref_regrid": {"min": 12.358139991760254, "max": 151.00233459472656, "mean": 54.04709170092358, "std": 19.643203454644006}, "test": {"min": 13.870067596435547, "max": 148.98634338378906, "mean": 53.69302385997187}, "test_regrid": {"min": 13.870067596435547, "max": 148.98634338378906, "mean": 53.69302385997187, "std": 19.04441440964769}, "diff": {"min": -14.944068908691406, "max": 10.525192260742188, "mean": -0.354067840951713}, "misc": {"rmse": 2.1314893751118156, "corr": 0.9945744357764819}, "unit": "W/m2"}