{"ref": {"min": 47.222740173339844, "max": 155.70944213867188, "mean": 80.77352559369048}, "ref_regrid": {"min": 47.222740173339844, "max": 155.70944213867188, "mean": 80.77352559369048, "std": 14.245681545490855}, "test": {"min": 47.52055358886719, "max": 153.7195281982422, "mean": 79.97318580765743}, "test_regrid": {"min": 47.52055358886719, "max": 153.7195281982422, "mean": 79.97318580765743, "std": 13.872355850906903}, "diff": {"min": -12.908042907714844, "max": 6.441276550292969, "mean": -0.8003397860330724}, "misc": {"rmse": 1.7241545585280023, "corr": 0.9944520289123167}, "unit": "W/m2"}