{"ref": {"min": 118.9878921508789, "max": 308.142333984375, "mean": 264.41066118214604}, "ref_regrid": {"min": 118.9878921508789, "max": 308.142333984375, "mean": 264.41066118214604, "std": 30.48289637600372}, "test": {"min": 117.38141632080078, "max": 308.3488464355469, "mean": 263.30703813028333}, "test_regrid": {"min": 117.38141632080078, "max": 308.3488464355469, "mean": 263.30703813028333, "std": 30.155512852969792}, "diff": {"min": -8.163360595703125, "max": 8.0894775390625, "mean": -1.1036230518626882}, "misc": {"rmse": 2.079014286983114, "corr": 0.9983697521510613}, "unit": "W/m2"}