{"ref": {"min": 154.4710693359375, "max": 312.6545104980469, "mean": 239.5006876698174}, "ref_regrid": {"min": 154.4710693359375, "max": 312.6545104980469, "mean": 239.5006876698174, "std": 34.71611943849012}, "test": {"min": 151.2093505859375, "max": 306.47088623046875, "mean": 237.97570088275316}, "test_regrid": {"min": 151.2093505859375, "max": 306.47088623046875, "mean": 237.97570088275316, "std": 34.61058488132286}, "diff": {"min": -30.455703735351562, "max": 25.112777709960938, "mean": -1.5249867870642204}, "misc": {"rmse": 5.807460235064684, "corr": 0.9869377064982293}, "unit": "W/m2"}