{"ref": {"min": 101.76155090332031, "max": 329.674072265625, "mean": 243.6736130009754}, "ref_regrid": {"min": 101.76155090332031, "max": 329.674072265625, "mean": 243.6736130009754, "std": 36.19654280292764}, "test": {"min": 99.55742645263672, "max": 335.9700927734375, "mean": 242.21851515995388}, "test_regrid": {"min": 99.55742645263672, "max": 335.9700927734375, "mean": 242.21851515995388, "std": 36.220572677381064}, "diff": {"min": -30.3184814453125, "max": 24.511764526367188, "mean": -1.4550978410215347}, "misc": {"rmse": 5.0327370701157434, "corr": 0.991148168958302}, "unit": "W/m2"}