{"ref": {"min": 111.9739761352539, "max": 313.2637023925781, "mean": 263.66849094345207}, "ref_regrid": {"min": 111.9739761352539, "max": 313.2637023925781, "mean": 263.66849094345207, "std": 31.61517472949274}, "test": {"min": 111.41442108154297, "max": 314.9623107910156, "mean": 262.3190268153721}, "test_regrid": {"min": 111.41442108154297, "max": 314.9623107910156, "mean": 262.3190268153721, "std": 31.445357693045228}, "diff": {"min": -9.046951293945312, "max": 7.9002227783203125, "mean": -1.3494641280798663}, "misc": {"rmse": 2.399555245433522, "corr": 0.9980345155948991}, "unit": "W/m2"}