{"ref": {"min": 122.1480712890625, "max": 303.46942138671875, "mean": 264.3185991915965}, "ref_regrid": {"min": 122.1480712890625, "max": 303.46942138671875, "mean": 264.3185991915965, "std": 29.95054975678954}, "test": {"min": 121.57717895507812, "max": 305.0848388671875, "mean": 263.1093137274927}, "test_regrid": {"min": 121.57717895507812, "max": 305.0848388671875, "mean": 263.1093137274927, "std": 29.81100709847726}, "diff": {"min": -7.7318878173828125, "max": 4.9337615966796875, "mean": -1.2092854641037432}, "misc": {"rmse": 1.6920465766466026, "corr": 0.9992265390797792}, "unit": "W/m2"}