{"ref": {"min": 122.53173065185547, "max": 297.24127197265625, "mean": 241.181064299076}, "ref_regrid": {"min": 122.53173065185547, "max": 297.24127197265625, "mean": 241.181064299076, "std": 32.012693570887585}, "test": {"min": 121.9791030883789, "max": 298.60382080078125, "mean": 239.6108902142663}, "test_regrid": {"min": 121.9791030883789, "max": 298.60382080078125, "mean": 239.6108902142663, "std": 31.612846102029128}, "diff": {"min": -14.4234619140625, "max": 8.2421875, "mean": -1.570174084809692}, "misc": {"rmse": 3.2399106846560586, "corr": 0.996110869241184}, "unit": "W/m2"}