{"ref": {"min": 112.78977966308594, "max": 306.18707275390625, "mean": 240.08474921721591}, "ref_regrid": {"min": 112.78977966308594, "max": 306.18707275390625, "mean": 240.08474921721591, "std": 33.96355265473793}, "test": {"min": 112.52091979980469, "max": 305.4939880371094, "mean": 238.13618141623087}, "test_regrid": {"min": 112.52091979980469, "max": 305.4939880371094, "mean": 238.13618141623087, "std": 33.239456545940214}, "diff": {"min": -31.440780639648438, "max": 29.00994873046875, "mean": -1.9485678009850682}, "misc": {"rmse": 5.856454362525221, "corr": 0.9867233463973901}, "unit": "W/m2"}