{"ref": {"min": 156.76759338378906, "max": 314.0604248046875, "mean": 262.0141043229248}, "ref_regrid": {"min": 156.76759338378906, "max": 314.0604248046875, "mean": 262.0141043229248, "std": 32.25357646804705}, "test": {"min": 152.25852966308594, "max": 313.9042053222656, "mean": 260.7393738927591}, "test_regrid": {"min": 152.25852966308594, "max": 313.9042053222656, "mean": 260.7393738927591, "std": 32.43578452016486}, "diff": {"min": -13.292022705078125, "max": 10.996810913085938, "mean": -1.2747304301657658}, "misc": {"rmse": 2.652884490215546, "corr": 0.9974288794182977}, "unit": "W/m2"}