{"ref": {"min": 119.48538208007812, "max": 305.0117492675781, "mean": 241.4652073140453}, "ref_regrid": {"min": 119.48538208007812, "max": 305.0117492675781, "mean": 241.4652073140453, "std": 33.803280227183535}, "test": {"min": 117.9305648803711, "max": 306.05572509765625, "mean": 240.11316370071336}, "test_regrid": {"min": 117.9305648803711, "max": 306.05572509765625, "mean": 240.11316370071336, "std": 33.42232455568725}, "diff": {"min": -20.206283569335938, "max": 22.733551025390625, "mean": -1.3520436133319536}, "misc": {"rmse": 5.028833882826377, "corr": 0.9896812059142889}, "unit": "W/m2"}