{"ref": {"min": 100.86283874511719, "max": 331.49981689453125, "mean": 267.1811403602579}, "ref_regrid": {"min": 100.86283874511719, "max": 331.49981689453125, "mean": 267.1811403602579, "std": 31.65390575583736}, "test": {"min": 98.43540954589844, "max": 336.8758544921875, "mean": 266.0718161269102}, "test_regrid": {"min": 98.43540954589844, "max": 336.8758544921875, "mean": 266.0718161269102, "std": 31.71539005081443}, "diff": {"min": -10.36297607421875, "max": 10.685638427734375, "mean": -1.1093242333476516}, "misc": {"rmse": 2.0879851274456085, "corr": 0.9984434447373646}, "unit": "W/m2"}