{"ref": {"min": 0.0, "max": 406.05126953125, "mean": 253.3329471734164}, "ref_regrid": {"min": 0.0, "max": 406.05126953125, "mean": 253.3329471734164, "std": 110.94700756873085}, "test": {"min": 0.0, "max": 406.5950622558594, "mean": 253.09833648967825}, "test_regrid": {"min": 0.0, "max": 406.5950622558594, "mean": 253.09833648967825, "std": 110.8537909854906}, "diff": {"min": -14.473831176757812, "max": 9.645721435546875, "mean": -0.23461068373812172}, "misc": {"rmse": 1.477416142043242, "corr": 0.9999138531838473}, "unit": "W/m2"}