{"ref": {"min": 0.0, "max": 400.4013671875, "mean": 195.3792951989506}, "ref_regrid": {"min": 0.0, "max": 400.4013671875, "mean": 195.3792951989506, "std": 95.8482577167471}, "test": {"min": 0.0, "max": 399.9007263183594, "mean": 194.92343139318777}, "test_regrid": {"min": 0.0, "max": 399.9007263183594, "mean": 194.92343139318777, "std": 95.78311262879127}, "diff": {"min": -35.47599792480469, "max": 36.9364013671875, "mean": -0.4558638057627759}, "misc": {"rmse": 7.9641435299633825, "corr": 0.996557129445913}, "unit": "W/m2"}