{"ref": {"min": 48.10824966430664, "max": 307.40771484375, "mean": 188.66384317738627}, "ref_regrid": {"min": 48.10824966430664, "max": 307.40771484375, "mean": 188.66384317738627, "std": 61.035892750750364}, "test": {"min": 43.70726013183594, "max": 307.05731201171875, "mean": 188.0567190008446}, "test_regrid": {"min": 43.70726013183594, "max": 307.05731201171875, "mean": 188.0567190008446, "std": 61.21024096432371}, "diff": {"min": -17.61590576171875, "max": 14.936630249023438, "mean": -0.6071241765416299}, "misc": {"rmse": 4.074660687125805, "corr": 0.9978314014240081}, "unit": "W/m2"}