{"ref": {"min": 0.0, "max": 363.61175537109375, "mean": 179.23218583821372}, "ref_regrid": {"min": 0.0, "max": 363.61175537109375, "mean": 179.23218583821372, "std": 89.28784513369631}, "test": {"min": 0.0, "max": 364.37646484375, "mean": 178.68135725777677}, "test_regrid": {"min": 0.0, "max": 364.37646484375, "mean": 178.68135725777677, "std": 89.6694439951286}, "diff": {"min": -39.81793212890625, "max": 42.92698669433594, "mean": -0.5508285804369599}, "misc": {"rmse": 7.799359547219441, "corr": 0.9962292016889881}, "unit": "W/m2"}