{"ref": {"min": 13.239768981933594, "max": 365.083984375, "mean": 245.69854901710875}, "ref_regrid": {"min": 13.239768981933594, "max": 365.083984375, "mean": 245.69854901710875, "std": 73.7390527639854}, "test": {"min": 13.167282104492188, "max": 367.4492492675781, "mean": 245.5429822295379}, "test_regrid": {"min": 13.167282104492188, "max": 367.4492492675781, "mean": 245.5429822295379, "std": 73.67523200062887}, "diff": {"min": -8.856658935546875, "max": 5.83758544921875, "mean": -0.15556678757081643}, "misc": {"rmse": 1.2481923756629427, "corr": 0.9998592138455906}, "unit": "W/m2"}