{"ref": {"min": 4.348249912261963, "max": 355.1075439453125, "mean": 190.99872752112685}, "ref_regrid": {"min": 4.348249912261963, "max": 355.1075439453125, "mean": 190.99872752112685, "std": 73.29593376838143}, "test": {"min": 4.722256183624268, "max": 360.6730651855469, "mean": 190.38331808645046}, "test_regrid": {"min": 4.722256183624268, "max": 360.6730651855469, "mean": 190.38331808645046, "std": 73.0978906795409}, "diff": {"min": -34.79118347167969, "max": 35.24833679199219, "mean": -0.6154094346763807}, "misc": {"rmse": 7.352833892305305, "corr": 0.9949936134341183}, "unit": "W/m2"}