{"ref": {"min": 14.089232444763184, "max": 366.466064453125, "mean": 242.65720081322075}, "ref_regrid": {"min": 14.089232444763184, "max": 366.466064453125, "mean": 242.65720081322075, "std": 73.08522622260644}, "test": {"min": 14.157414436340332, "max": 367.4503479003906, "mean": 242.4835370889203}, "test_regrid": {"min": 14.157414436340332, "max": 367.4503479003906, "mean": 242.4835370889203, "std": 73.03895761075798}, "diff": {"min": -10.332794189453125, "max": 10.43963623046875, "mean": -0.17366372430045468}, "misc": {"rmse": 1.3963953418081432, "corr": 0.9998203824804232}, "unit": "W/m2"}