{"ref": {"min": 0.0, "max": 387.1608581542969, "mean": 232.47032423836197}, "ref_regrid": {"min": 0.0, "max": 387.1608581542969, "mean": 232.47032423836197, "std": 100.58515602324434}, "test": {"min": 0.0, "max": 389.10906982421875, "mean": 232.39956250439866}, "test_regrid": {"min": 0.0, "max": 389.10906982421875, "mean": 232.39956250439866, "std": 100.57705351222286}, "diff": {"min": -15.529876708984375, "max": 19.270965576171875, "mean": -0.07076173396330232}, "misc": {"rmse": 1.705145912356744, "corr": 0.9998565507717185}, "unit": "W/m2"}