{"ref": {"min": 10.92508316040039, "max": 341.1412048339844, "mean": 189.04516416506377}, "ref_regrid": {"min": 10.92508316040039, "max": 341.1412048339844, "mean": 189.04516416506377, "std": 76.44696284003942}, "test": {"min": 10.521268844604492, "max": 345.56634521484375, "mean": 188.23876929825076}, "test_regrid": {"min": 10.521268844604492, "max": 345.56634521484375, "mean": 188.23876929825076, "std": 76.39242612735009}, "diff": {"min": -38.616058349609375, "max": 34.24992370605469, "mean": -0.8063948668130195}, "misc": {"rmse": 7.790839763367289, "corr": 0.9948592248699297}, "unit": "W/m2"}