{"ref": {"min": 118.958740234375, "max": 323.5604553222656, "mean": 243.5397552940684}, "ref_regrid": {"min": 118.958740234375, "max": 323.5604553222656, "mean": 243.5397552940684, "std": 50.08950173625328}, "test": {"min": 118.59888458251953, "max": 323.5807800292969, "mean": 243.38110464050374}, "test_regrid": {"min": 118.59888458251953, "max": 323.5807800292969, "mean": 243.38110464050374, "std": 50.05178323886726}, "diff": {"min": -5.573577880859375, "max": 6.7421875, "mean": -0.158650653564684}, "misc": {"rmse": 0.802949432398548, "corr": 0.9998767212236008}, "unit": "W/m2"}