{"ref": {"min": 11.409396171569824, "max": 398.3249816894531, "mean": 289.75258933144966}, "ref_regrid": {"min": 11.409396171569824, "max": 398.3249816894531, "mean": 289.75258933144966, "std": 105.08560695190987}, "test": {"min": 13.52741813659668, "max": 398.2609558105469, "mean": 289.73564313245583}, "test_regrid": {"min": 13.52741813659668, "max": 398.2609558105469, "mean": 289.73564313245583, "std": 105.01899521213562}, "diff": {"min": -18.942138671875, "max": 32.109710693359375, "mean": -0.01694619899389549}, "misc": {"rmse": 1.2520215537017112, "corr": 0.9999291938062763}, "unit": "W/m2"}