{"ref": {"min": 9.24953842163086, "max": 391.3297119140625, "mean": 244.48102931390787}, "ref_regrid": {"min": 9.24953842163086, "max": 391.3297119140625, "mean": 244.48102931390787, "std": 97.81604361880744}, "test": {"min": 9.947559356689453, "max": 388.84161376953125, "mean": 244.06913930416516}, "test_regrid": {"min": 9.947559356689453, "max": 388.84161376953125, "mean": 244.06913930416516, "std": 97.53167640324254}, "diff": {"min": -26.10601806640625, "max": 35.871917724609375, "mean": -0.41189000974276274}, "misc": {"rmse": 5.9577836776612525, "corr": 0.9981528263902523}, "unit": "W/m2"}