{"ref": {"min": 45.866695404052734, "max": 362.0577697753906, "mean": 242.88203894599366}, "ref_regrid": {"min": 45.866695404052734, "max": 362.0577697753906, "mean": 242.88203894599366, "std": 82.48448737455747}, "test": {"min": 46.190914154052734, "max": 365.3520812988281, "mean": 242.4453488954348}, "test_regrid": {"min": 46.190914154052734, "max": 365.3520812988281, "mean": 242.4453488954348, "std": 82.59600087556987}, "diff": {"min": -13.248214721679688, "max": 13.475555419921875, "mean": -0.43669005055881865}, "misc": {"rmse": 3.3460631903554017, "corr": 0.9991932202407274}, "unit": "W/m2"}