{"ref": {"min": 7.032655239105225, "max": 393.58843994140625, "mean": 285.36138720840944}, "ref_regrid": {"min": 7.032655239105225, "max": 393.58843994140625, "mean": 285.36138720840944, "std": 100.6633078952335}, "test": {"min": 6.9393744468688965, "max": 393.76397705078125, "mean": 285.198992012677}, "test_regrid": {"min": 6.9393744468688965, "max": 393.76397705078125, "mean": 285.198992012677, "std": 100.80965386373077}, "diff": {"min": -42.19221496582031, "max": 23.0660400390625, "mean": -0.16239519573234593}, "misc": {"rmse": 2.3961663206643844, "corr": 0.9997194560422971}, "unit": "W/m2"}