{"ref": {"min": 0.0, "max": 324.8000793457031, "mean": 159.5682802191052}, "ref_regrid": {"min": 0.0, "max": 324.8000793457031, "mean": 159.5682802191052, "std": 81.45958913040194}, "test": {"min": 0.0, "max": 320.1495056152344, "mean": 159.0555631065017}, "test_regrid": {"min": 0.0, "max": 320.1495056152344, "mean": 159.0555631065017, "std": 81.74985984264987}, "diff": {"min": -35.70732116699219, "max": 36.782623291015625, "mean": -0.5127171126035275}, "misc": {"rmse": 7.0982493289622965, "corr": 0.9962430043213327}, "unit": "W/m2"}