{"ref": {"min": 1.4947896003723145, "max": 313.3951721191406, "mean": 167.2205549437031}, "ref_regrid": {"min": 1.4947896003723145, "max": 313.3951721191406, "mean": 167.2205549437031, "std": 76.43307977474021}, "test": {"min": 2.1504251956939697, "max": 317.2520446777344, "mean": 166.68287064283524}, "test_regrid": {"min": 2.1504251956939697, "max": 317.2520446777344, "mean": 166.68287064283524, "std": 76.12945753294514}, "diff": {"min": -30.42474365234375, "max": 40.63275909423828, "mean": -0.5376843008674183}, "misc": {"rmse": 6.670407269481793, "corr": 0.9962094439057255}, "unit": "W/m2"}