{"ref": {"min": 2.8488240242004395, "max": 316.6451721191406, "mean": 215.85882663444664}, "ref_regrid": {"min": 2.8488240242004395, "max": 316.6451721191406, "mean": 215.85882663444664, "std": 83.87017942876273}, "test": {"min": 3.8600878715515137, "max": 318.47698974609375, "mean": 215.75056079336576}, "test_regrid": {"min": 3.8600878715515137, "max": 318.47698974609375, "mean": 215.75056079336576, "std": 83.78334558652612}, "diff": {"min": -19.22962188720703, "max": 34.74092102050781, "mean": -0.10826584108107605}, "misc": {"rmse": 1.5413649825684703, "corr": 0.9998323201223306}, "unit": "W/m2"}