{"ref": {"min": 0.0, "max": 417.6978759765625, "mean": 281.60747388448004}, "ref_regrid": {"min": 0.0, "max": 417.6978759765625, "mean": 281.60747388448004, "std": 123.57371395298952}, "test": {"min": 0.0, "max": 417.7514343261719, "mean": 281.56243766986324}, "test_regrid": {"min": 0.0, "max": 417.7514343261719, "mean": 281.56243766986324, "std": 123.58417411508823}, "diff": {"min": -30.884490966796875, "max": 18.850799560546875, "mean": -0.045036214616821967}, "misc": {"rmse": 1.396758363398718, "corr": 0.9999361949522286}, "unit": "W/m2"}