{"ref": {"min": 6.611155033111572, "max": 386.3149108886719, "mean": 241.65004252080564}, "ref_regrid": {"min": 6.611155033111572, "max": 386.3149108886719, "mean": 241.65004252080564, "std": 97.66098971822223}, "test": {"min": 6.538655757904053, "max": 383.36407470703125, "mean": 241.01036077289598}, "test_regrid": {"min": 6.538655757904053, "max": 383.36407470703125, "mean": 241.01036077289598, "std": 97.6202659420591}, "diff": {"min": -30.24615478515625, "max": 31.903839111328125, "mean": -0.6396817479096856}, "misc": {"rmse": 6.439030384929111, "corr": 0.9978470952001423}, "unit": "W/m2"}