{"ref": {"min": 0.0, "max": 437.9193420410156, "mean": 248.5462098351278}, "ref_regrid": {"min": 0.0, "max": 437.9193420410156, "mean": 248.5462098351278, "std": 121.48083448873241}, "test": {"min": 0.0, "max": 438.93402099609375, "mean": 248.2950279871757}, "test_regrid": {"min": 0.0, "max": 438.93402099609375, "mean": 248.2950279871757, "std": 121.64400617596974}, "diff": {"min": -29.574676513671875, "max": 32.2880859375, "mean": -0.25118184795208254}, "misc": {"rmse": 6.537690545221891, "corr": 0.998556862076333}, "unit": "W/m2"}