{"ref": {"min": 0.0, "max": 411.2065124511719, "mean": 236.85087402121917}, "ref_regrid": {"min": 0.0, "max": 411.2065124511719, "mean": 236.85087402121917, "std": 111.08428763981787}, "test": {"min": 0.0, "max": 410.2852478027344, "mean": 236.4068673086551}, "test_regrid": {"min": 0.0, "max": 410.2852478027344, "mean": 236.4068673086551, "std": 111.31714309286741}, "diff": {"min": -33.548553466796875, "max": 32.10662841796875, "mean": -0.4440067125640774}, "misc": {"rmse": 6.5321584171038225, "corr": 0.9982848476537891}, "unit": "W/m2"}