{"ref": {"min": 24.511810302734375, "max": 288.6195068359375, "mean": 214.26056627190692}, "ref_regrid": {"min": 24.511810302734375, "max": 288.6195068359375, "mean": 214.26056627190692, "std": 65.28612933399769}, "test": {"min": 24.33816146850586, "max": 288.7785949707031, "mean": 214.047389666629}, "test_regrid": {"min": 24.33816146850586, "max": 288.7785949707031, "mean": 214.047389666629, "std": 65.34706877101743}, "diff": {"min": -10.272430419921875, "max": 9.300796508789062, "mean": -0.21317660527796703}, "misc": {"rmse": 1.0841784036672137, "corr": 0.9998680007613715}, "unit": "W/m2"}