{"ref": {"min": 0.0, "max": 442.4615173339844, "mean": 296.7911212525274}, "ref_regrid": {"min": 0.0, "max": 442.4615173339844, "mean": 296.7911212525274, "std": 139.12289794178346}, "test": {"min": 0.0, "max": 442.3005065917969, "mean": 296.66353933323563}, "test_regrid": {"min": 0.0, "max": 442.3005065917969, "mean": 296.66353933323563, "std": 139.23529712527588}, "diff": {"min": -29.4892578125, "max": 20.23297119140625, "mean": -0.12758191929175003}, "misc": {"rmse": 1.8009083001831827, "corr": 0.9999170307246811}, "unit": "W/m2"}