{"ref": {"min": 0.0, "max": 352.4398193359375, "mean": 170.33513878600792}, "ref_regrid": {"min": 0.0, "max": 352.4398193359375, "mean": 170.33513878600792, "std": 91.91458803012172}, "test": {"min": 0.0, "max": 352.23388671875, "mean": 169.90211551341307}, "test_regrid": {"min": 0.0, "max": 352.23388671875, "mean": 169.90211551341307, "std": 92.15545628595832}, "diff": {"min": -32.53630065917969, "max": 35.74122619628906, "mean": -0.4330232725948399}, "misc": {"rmse": 7.240963223746831, "corr": 0.9969195177499398}, "unit": "W/m2"}