{"ref": {"min": 1.5568920373916626, "max": 297.3031921386719, "mean": 165.0851576669659}, "ref_regrid": {"min": 1.5568920373916626, "max": 297.3031921386719, "mean": 165.0851576669659, "std": 76.96031183079732}, "test": {"min": 1.5579193830490112, "max": 297.6245422363281, "mean": 164.2892280451725}, "test_regrid": {"min": 1.5579193830490112, "max": 297.6245422363281, "mean": 164.2892280451725, "std": 76.89551698961371}, "diff": {"min": -33.634735107421875, "max": 33.86138916015625, "mean": -0.7959296217934133}, "misc": {"rmse": 7.046500051609636, "corr": 0.9958587138352757}, "unit": "W/m2"}