{"ref": {"min": 2.187328815460205, "max": 309.6477966308594, "mean": 211.8590473080743}, "ref_regrid": {"min": 2.187328815460205, "max": 309.6477966308594, "mean": 211.8590473080743, "std": 79.39020270871366}, "test": {"min": 2.190514326095581, "max": 310.8882141113281, "mean": 211.53393703392672}, "test_regrid": {"min": 2.190514326095581, "max": 310.8882141113281, "mean": 211.53393703392672, "std": 79.46343793523175}, "diff": {"min": -43.78356170654297, "max": 22.593246459960938, "mean": -0.3251102741475774}, "misc": {"rmse": 2.6662934452661387, "corr": 0.9994453572978897}, "unit": "W/m2"}