{"ref": {"min": 46.460838317871094, "max": 379.6934814453125, "mean": 288.3781429399641}, "ref_regrid": {"min": 46.460838317871094, "max": 379.6934814453125, "mean": 288.3781429399641, "std": 82.72309880807475}, "test": {"min": 46.76888656616211, "max": 379.8065185546875, "mean": 288.290153040076}, "test_regrid": {"min": 46.76888656616211, "max": 379.8065185546875, "mean": 288.290153040076, "std": 82.79442658284445}, "diff": {"min": -10.439727783203125, "max": 8.985824584960938, "mean": -0.08798989988807658}, "misc": {"rmse": 0.9507508425310047, "corr": 0.9999349468799813}, "unit": "W/m2"}