{"ref": {"min": 0.0, "max": 331.8006591796875, "mean": 206.95714255763482}, "ref_regrid": {"min": 0.0, "max": 331.8006591796875, "mean": 206.95714255763482, "std": 93.23989004067909}, "test": {"min": 0.0, "max": 329.2687072753906, "mean": 206.85688090404932}, "test_regrid": {"min": 0.0, "max": 329.2687072753906, "mean": 206.85688090404932, "std": 93.24964792863628}, "diff": {"min": -31.327346801757812, "max": 19.316452026367188, "mean": -0.10026165358555623}, "misc": {"rmse": 1.9318832264778716, "corr": 0.9997859555436792}, "unit": "W/m2"}