{"ref": {"min": 0.0, "max": 358.0310363769531, "mean": 222.36724839035537}, "ref_regrid": {"min": 0.0, "max": 358.0310363769531, "mean": 222.36724839035537, "std": 110.53449371904149}, "test": {"min": 0.0, "max": 357.2610168457031, "mean": 222.04818013653673}, "test_regrid": {"min": 0.0, "max": 357.2610168457031, "mean": 222.04818013653673, "std": 110.66604777297141}, "diff": {"min": -30.202468872070312, "max": 18.989791870117188, "mean": -0.319068253818681}, "misc": {"rmse": 2.049067624032197, "corr": 0.9998332484354457}, "unit": "W/m2"}