{"ref": {"min": 15.705948829650879, "max": 269.91082763671875, "mean": 165.5522828749867}, "ref_regrid": {"min": 15.705948829650879, "max": 269.91082763671875, "mean": 165.5522828749867, "std": 65.90964794395228}, "test": {"min": 14.652981758117676, "max": 273.1617126464844, "mean": 164.9824443442046}, "test_regrid": {"min": 14.652981758117676, "max": 273.1617126464844, "mean": 164.9824443442046, "std": 66.03734221350643}, "diff": {"min": -15.430770874023438, "max": 14.300346374511719, "mean": -0.56983853078212}, "misc": {"rmse": 3.704153581070503, "corr": 0.9984629826624362}, "unit": "W/m2"}