{"ref": {"min": -14.81511402130127, "max": 366.48077392578125, "mean": 93.04210130086857}, "ref_regrid": {"min": -14.81511402130127, "max": 366.48077392578125, "mean": 93.04210130086857, "std": 67.5911082370665}, "test": {"min": -9.979493141174316, "max": 338.40234375, "mean": 91.35057366320792}, "test_regrid": {"min": -9.979493141174316, "max": 338.40234375, "mean": 91.35057366320792, "std": 65.26470188127665}, "diff": {"min": -75.61555480957031, "max": 63.998321533203125, "mean": -1.6915276376640358}, "misc": {"rmse": 12.20920915844168, "corr": 0.9840420145852953}, "unit": "W/m2"}