{"ref": {"min": -23.483022689819336, "max": 365.05303955078125, "mean": 95.69414927936207}, "ref_regrid": {"min": -23.483022689819336, "max": 365.05303955078125, "mean": 95.69414927936207, "std": 61.7727495707937}, "test": {"min": -23.05172348022461, "max": 372.2027893066406, "mean": 94.36641776873176}, "test_regrid": {"min": -23.05172348022461, "max": 372.2027893066406, "mean": 94.36641776873176, "std": 61.42866915818259}, "diff": {"min": -60.10832214355469, "max": 49.02309036254883, "mean": -1.3277315106477492}, "misc": {"rmse": 9.685231021829415, "corr": 0.9878877869224446}, "unit": "W/m2"}