{"ref": {"min": -3.4343931674957275, "max": 287.260009765625, "mean": 91.43274153146905}, "ref_regrid": {"min": -3.4343931674957275, "max": 287.260009765625, "mean": 91.43274153146905, "std": 57.389084005332}, "test": {"min": -3.707195520401001, "max": 316.427734375, "mean": 90.247273925544}, "test_regrid": {"min": -3.707195520401001, "max": 316.427734375, "mean": 90.247273925544, "std": 56.94650529680373}, "diff": {"min": -54.6429443359375, "max": 55.501708984375, "mean": -1.185467606166786}, "misc": {"rmse": 10.233954315097657, "corr": 0.9842213569809346}, "unit": "W/m2"}