{"ref": {"min": -8.354252815246582, "max": 274.5445556640625, "mean": 93.89392241002177}, "ref_regrid": {"min": -8.354252815246582, "max": 274.5445556640625, "mean": 93.89392241002177, "std": 56.90206731109834}, "test": {"min": -5.016364574432373, "max": 270.1657409667969, "mean": 92.8582956070084}, "test_regrid": {"min": -5.016364574432373, "max": 270.1657409667969, "mean": 92.8582956070084, "std": 56.33072205939169}, "diff": {"min": -48.65032958984375, "max": 52.016929626464844, "mean": -1.035626802987107}, "misc": {"rmse": 10.651795017497847, "corr": 0.9825194877197198}, "unit": "W/m2"}