{"ref": {"min": -1.7409653663635254, "max": 271.21295166015625, "mean": 93.51572862005618}, "ref_regrid": {"min": -1.7409653663635254, "max": 271.21295166015625, "mean": 93.51572862005618, "std": 55.912874123246006}, "test": {"min": -2.336655855178833, "max": 268.2978820800781, "mean": 92.20564022572749}, "test_regrid": {"min": -2.336655855178833, "max": 268.2978820800781, "mean": 92.20564022572749, "std": 54.98415447813884}, "diff": {"min": -27.597549438476562, "max": 24.375728607177734, "mean": -1.3100883943638864}, "misc": {"rmse": 5.954357787971414, "corr": 0.994653207411241}, "unit": "W/m2"}