{"ref": {"min": 0.0545196533203125, "max": 78.13423156738281, "mean": 27.853566915905258}, "ref_regrid": {"min": 0.0545196533203125, "max": 78.13423156738281, "mean": 27.853566915905258, "std": 19.724712149038158}, "test": {"min": 0.14153289794921875, "max": 75.91669464111328, "mean": 27.185139272018947}, "test_regrid": {"min": 0.14153289794921875, "max": 75.91669464111328, "mean": 27.185139272018947, "std": 19.21123146529157}, "diff": {"min": -22.363643646240234, "max": 22.185218811035156, "mean": -0.6684276438863156}, "misc": {"rmse": 3.037725896811102, "corr": 0.9887615319473795}, "unit": "W/m2"}