{"ref": {"min": 0.3152618408203125, "max": 72.8061294555664, "mean": 25.32791021271074}, "ref_regrid": {"min": 0.3152618408203125, "max": 72.8061294555664, "mean": 25.32791021271074, "std": 19.20793952134622}, "test": {"min": 0.17425537109375, "max": 72.7831802368164, "mean": 25.083830670513386}, "test_regrid": {"min": 0.17425537109375, "max": 72.7831802368164, "mean": 25.083830670513386, "std": 19.049952175607157}, "diff": {"min": -15.591556549072266, "max": 18.614376068115234, "mean": -0.24407954219735528}, "misc": {"rmse": 2.4664760392207103, "corr": 0.991802678753709}, "unit": "W/m2"}