{"ref": {"min": 0.47869873046875, "max": 71.30358123779297, "mean": 26.645747524911176}, "ref_regrid": {"min": 0.47869873046875, "max": 71.30358123779297, "mean": 26.645747524911176, "std": 19.499755432022155}, "test": {"min": 1.0335540771484375, "max": 71.18370819091797, "mean": 26.151878319454003}, "test_regrid": {"min": 1.0335540771484375, "max": 71.18370819091797, "mean": 26.151878319454003, "std": 19.10639654181605}, "diff": {"min": -16.375335693359375, "max": 15.026752471923828, "mean": -0.49386920545717317}, "misc": {"rmse": 2.642173401614294, "corr": 0.9911661685508623}, "unit": "W/m2"}