{"ref": {"min": 0.629730224609375, "max": 72.75840759277344, "mean": 27.078510955878986}, "ref_regrid": {"min": 0.629730224609375, "max": 72.75840759277344, "mean": 27.078510955878986, "std": 19.751764716189637}, "test": {"min": 0.2383575439453125, "max": 71.30280303955078, "mean": 26.69979945805218}, "test_regrid": {"min": 0.2383575439453125, "max": 71.30280303955078, "mean": 26.69979945805218, "std": 19.320046525601345}, "diff": {"min": -15.434593200683594, "max": 11.904956817626953, "mean": -0.37871149782680863}, "misc": {"rmse": 2.4853601153674285, "corr": 0.9923386593655751}, "unit": "W/m2"}