{"ref": {"min": 1.0261001586914062, "max": 70.14682006835938, "mean": 26.726433892035285}, "ref_regrid": {"min": 1.0261001586914062, "max": 70.14682006835938, "mean": 26.726433892035285, "std": 18.691744181776407}, "test": {"min": 1.387176513671875, "max": 70.38867950439453, "mean": 26.28016194600791}, "test_regrid": {"min": 1.387176513671875, "max": 70.38867950439453, "mean": 26.28016194600791, "std": 18.287134604710367}, "diff": {"min": -7.443107604980469, "max": 9.721227645874023, "mean": -0.44627194602737585}, "misc": {"rmse": 1.5088241859763427, "corr": 0.9972007318772508}, "unit": "W/m2"}