{"ref": {"min": -2.362769603729248, "max": 129.2406768798828, "mean": 23.50752742303118}, "ref_regrid": {"min": -2.362769603729248, "max": 129.2406768798828, "mean": 23.50752742303118, "std": 14.476512544710147}, "test": {"min": -2.2283072471618652, "max": 138.44406127929688, "mean": 23.853301048494675}, "test_regrid": {"min": -2.2283072471618652, "max": 138.44406127929688, "mean": 23.853301048494675, "std": 14.816278075429832}, "diff": {"min": -17.357227325439453, "max": 24.68563461303711, "mean": 0.3457736254352958}, "misc": {"rmse": 3.7343060706307742, "corr": 0.9680400780561477}, "unit": "W/m2"}