{"ref": {"min": -1.2399526834487915, "max": 113.88384246826172, "mean": 22.945453811343608}, "ref_regrid": {"min": -1.2399526834487915, "max": 113.88384246826172, "mean": 22.945453811343608, "std": 12.091924967381265}, "test": {"min": -0.8205258250236511, "max": 120.74581909179688, "mean": 23.193874454324206}, "test_regrid": {"min": -0.8205258250236511, "max": 120.74581909179688, "mean": 23.193874454324206, "std": 12.434975598289945}, "diff": {"min": -17.50196075439453, "max": 16.130613327026367, "mean": 0.248420642963383}, "misc": {"rmse": 3.6503115378316364, "corr": 0.9562877969510085}, "unit": "W/m2"}