{"ref": {"min": -2.5688164234161377, "max": 101.75170135498047, "mean": 23.583741684051088}, "ref_regrid": {"min": -2.5688164234161377, "max": 101.75170135498047, "mean": 23.583741684051088, "std": 11.784376041092207}, "test": {"min": -2.896195650100708, "max": 96.5156478881836, "mean": 24.182845292004483}, "test_regrid": {"min": -2.896195650100708, "max": 96.5156478881836, "mean": 24.182845292004483, "std": 11.717422717732207}, "diff": {"min": -24.757144927978516, "max": 24.067623138427734, "mean": 0.5991036079092764}, "misc": {"rmse": 4.33179432678611, "corr": 0.9333694272230147}, "unit": "W/m2"}