{"ref": {"min": -0.7092533707618713, "max": 100.66265869140625, "mean": 23.13753490426492}, "ref_regrid": {"min": -0.7092533707618713, "max": 100.66265869140625, "mean": 23.13753490426492, "std": 10.52141101767301}, "test": {"min": -0.7635674476623535, "max": 100.52969360351562, "mean": 23.49842350392242}, "test_regrid": {"min": -0.7635674476623535, "max": 100.52969360351562, "mean": 23.49842350392242, "std": 10.817262363588249}, "diff": {"min": -7.822345733642578, "max": 10.30314826965332, "mean": 0.36088859965755304}, "misc": {"rmse": 2.1251687546657103, "corr": 0.9811156069973335}, "unit": "W/m2"}