{"ref": {"min": 0.31391873955726624, "max": 92.74747467041016, "mean": 22.513416685626023}, "ref_regrid": {"min": 0.31391873955726624, "max": 92.74747467041016, "mean": 22.513416685626023, "std": 13.585825904932502}, "test": {"min": 0.15359224379062653, "max": 100.95121765136719, "mean": 22.76367318872829}, "test_regrid": {"min": 0.15359224379062653, "max": 100.95121765136719, "mean": 22.76367318872829, "std": 14.306249850439176}, "diff": {"min": -19.990760803222656, "max": 22.207338333129883, "mean": 0.2502565031120832}, "misc": {"rmse": 4.3011176200959484, "corr": 0.9539057169694278}, "unit": "W/m2"}