{"ref": {"min": -244.5674285888672, "max": 180.84371948242188, "mean": 1.1765788234809995}, "ref_regrid": {"min": -244.5674285888672, "max": 180.84371948242188, "mean": 1.1765788234809995, "std": 47.05417859710546}, "test": {"min": -230.94134521484375, "max": 179.1239013671875, "mean": 2.034150258989718}, "test_regrid": {"min": -230.94134521484375, "max": 179.1239013671875, "mean": 2.034150258989718, "std": 47.88036234301698}, "diff": {"min": -71.63580322265625, "max": 53.95648193359375, "mean": 0.8575714354089766}, "misc": {"rmse": 13.184371036472577, "corr": 0.9617372743215299}, "unit": "W/m2"}