{"ref": {"min": -93.99234771728516, "max": 18.286468505859375, "mean": -20.127603065617418}, "ref_regrid": {"min": -93.99234771728516, "max": 18.286468505859375, "mean": -20.127603065617418, "std": 18.356737176300854}, "test": {"min": -88.94254302978516, "max": 23.1608829498291, "mean": -20.005785883467404}, "test_regrid": {"min": -88.94254302978516, "max": 23.1608829498291, "mean": -20.005785883467404, "std": 18.49374653930461}, "diff": {"min": -26.81085205078125, "max": 27.85978889465332, "mean": 0.12181718218685542}, "misc": {"rmse": 4.322272253152988, "corr": 0.9725342274453413}, "unit": "W/m2"}