{"ref": {"min": -501.88580322265625, "max": 234.11683654785156, "mean": 10.476821012606552}, "ref_regrid": {"min": -501.88580322265625, "max": 234.11683654785156, "mean": 10.476821012606552, "std": 93.4013304252398}, "test": {"min": -470.59698486328125, "max": 221.69754028320312, "mean": 12.145146209521242}, "test_regrid": {"min": -470.59698486328125, "max": 221.69754028320312, "mean": 12.145146209521242, "std": 91.91359676620007}, "diff": {"min": -130.42431640625, "max": 111.36892700195312, "mean": 1.6683251974656255}, "misc": {"rmse": 17.436453011221477, "corr": 0.9825836713789655}, "unit": "W/m2"}