{"ref": {"min": -130.12100219726562, "max": 32.528717041015625, "mean": -21.24907236758575}, "ref_regrid": {"min": -130.12100219726562, "max": 32.528717041015625, "mean": -21.24907236758575, "std": 28.329243369543416}, "test": {"min": -131.447998046875, "max": 32.84652328491211, "mean": -21.302269311150386}, "test_regrid": {"min": -131.447998046875, "max": 32.84652328491211, "mean": -21.302269311150386, "std": 28.92350488445561}, "diff": {"min": -27.888763427734375, "max": 27.631607055664062, "mean": -0.05319694360732511}, "misc": {"rmse": 4.941338153634449, "corr": 0.9853176689611945}, "unit": "W/m2"}