{"ref": {"min": -234.41937255859375, "max": 156.80751037597656, "mean": 2.7994396684888887}, "ref_regrid": {"min": -234.41937255859375, "max": 156.80751037597656, "mean": 2.7994396684888887, "std": 31.944495643513008}, "test": {"min": -214.27789306640625, "max": 157.7897491455078, "mean": 3.993904134172001}, "test_regrid": {"min": -214.27789306640625, "max": 157.7897491455078, "mean": 3.993904134172001, "std": 31.985880459334975}, "diff": {"min": -57.261924743652344, "max": 34.6947021484375, "mean": 1.1944644653734142}, "misc": {"rmse": 7.556264130230861, "corr": 0.9727587835117273}, "unit": "W/m2"}