{"ref": {"min": -134.5036163330078, "max": 49.16638946533203, "mean": -21.981849506328505}, "ref_regrid": {"min": -134.5036163330078, "max": 49.16638946533203, "mean": -21.981849506328505, "std": 19.514719958907996}, "test": {"min": -130.48199462890625, "max": 46.451927185058594, "mean": -22.784783370590933}, "test_regrid": {"min": -130.48199462890625, "max": 46.451927185058594, "mean": -22.784783370590933, "std": 19.37568539067962}, "diff": {"min": -11.456352233886719, "max": 11.656360626220703, "mean": -0.8029338642624277}, "misc": {"rmse": 2.9831001226372647, "corr": 0.9891105371513016}, "unit": "W/m2"}