{"ref": {"min": -126.19078063964844, "max": 54.37018966674805, "mean": -20.12814211735314}, "ref_regrid": {"min": -126.19078063964844, "max": 54.37018966674805, "mean": -20.12814211735314, "std": 25.591234616398502}, "test": {"min": -112.70647430419922, "max": 57.455078125, "mean": -21.09283066945689}, "test_regrid": {"min": -112.70647430419922, "max": 57.455078125, "mean": -21.09283066945689, "std": 25.376551751898003}, "diff": {"min": -27.345726013183594, "max": 27.393569946289062, "mean": -0.964688552103746}, "misc": {"rmse": 5.624137557545388, "corr": 0.9763986804273798}, "unit": "W/m2"}