{"ref": {"min": -101.66928100585938, "max": 19.706893920898438, "mean": -22.326106136621117}, "ref_regrid": {"min": -101.66928100585938, "max": 19.706893920898438, "mean": -22.326106136621117, "std": 21.18654135603054}, "test": {"min": -99.60223388671875, "max": 20.253971099853516, "mean": -22.472629400190435}, "test_regrid": {"min": -99.60223388671875, "max": 20.253971099853516, "mean": -22.472629400190435, "std": 21.975438044724037}, "diff": {"min": -22.52817153930664, "max": 20.582195281982422, "mean": -0.14652326355193185}, "misc": {"rmse": 4.104258130751102, "corr": 0.9826012875842564}, "unit": "W/m2"}