{"ref": {"min": -146.8784942626953, "max": 75.76144409179688, "mean": -24.178542684817696}, "ref_regrid": {"min": -146.8784942626953, "max": 75.76144409179688, "mean": -24.178542684817696, "std": 37.825866327510845}, "test": {"min": -144.1324462890625, "max": 73.65711975097656, "mean": -24.960925346724167}, "test_regrid": {"min": -144.1324462890625, "max": 73.65711975097656, "mean": -24.960925346724167, "std": 37.89063118194016}, "diff": {"min": -27.96591567993164, "max": 29.432861328125, "mean": -0.782382661906471}, "misc": {"rmse": 5.947446826360778, "corr": 0.987875142119601}, "unit": "W/m2"}