{"ref": {"min": -169.64215087890625, "max": 68.02848052978516, "mean": -22.06095211378497}, "ref_regrid": {"min": -169.64215087890625, "max": 68.02848052978516, "mean": -22.06095211378497, "std": 35.93869908797565}, "test": {"min": -170.3592529296875, "max": 67.60368347167969, "mean": -22.717487122965696}, "test_regrid": {"min": -170.3592529296875, "max": 67.60368347167969, "mean": -22.717487122965696, "std": 36.05014338756292}, "diff": {"min": -27.21660614013672, "max": 25.7064208984375, "mean": -0.6565350091807177}, "misc": {"rmse": 5.5285880344921905, "corr": 0.9883752943695043}, "unit": "W/m2"}