{"ref": {"min": -149.04454040527344, "max": 47.026004791259766, "mean": -25.731494672843855}, "ref_regrid": {"min": -149.04454040527344, "max": 47.026004791259766, "mean": -25.731494672843855, "std": 32.03788409823359}, "test": {"min": -145.19322204589844, "max": 40.30373764038086, "mean": -25.60483821727215}, "test_regrid": {"min": -145.19322204589844, "max": 40.30373764038086, "mean": -25.60483821727215, "std": 32.52713694753569}, "diff": {"min": -20.466575622558594, "max": 27.399398803710938, "mean": 0.126656455556751}, "misc": {"rmse": 4.574369793522564, "corr": 0.9900827960150478}, "unit": "W/m2"}