{"ref": {"min": -70.65333557128906, "max": 14.04226303100586, "mean": -22.35856905634131}, "ref_regrid": {"min": -70.65333557128906, "max": 14.04226303100586, "mean": -22.35856905634131, "std": 14.181098104993481}, "test": {"min": -70.48683166503906, "max": 15.603429794311523, "mean": -22.346380703293928}, "test_regrid": {"min": -70.48683166503906, "max": 15.603429794311523, "mean": -22.346380703293928, "std": 14.657923834675007}, "diff": {"min": -11.338249206542969, "max": 12.041675567626953, "mean": 0.012188353047376888}, "misc": {"rmse": 2.5182757823757442, "corr": 0.985292886958208}, "unit": "W/m2"}