{"ref": {"min": -293.5234375, "max": 186.39346313476562, "mean": 7.068654661242526}, "ref_regrid": {"min": -293.5234375, "max": 186.39346313476562, "mean": 7.068654661242526, "std": 50.72959365141293}, "test": {"min": -334.8877868652344, "max": 186.34471130371094, "mean": 7.961390897079883}, "test_regrid": {"min": -334.8877868652344, "max": 186.34471130371094, "mean": 7.961390897079883, "std": 50.647879052119514}, "diff": {"min": -60.924564361572266, "max": 71.6515121459961, "mean": 0.89273623668726}, "misc": {"rmse": 12.53209038360223, "corr": 0.9695935038903114}, "unit": "W/m2"}