{"ref": {"min": -343.6581115722656, "max": 225.71900939941406, "mean": -7.524295667999784}, "ref_regrid": {"min": -343.6581115722656, "max": 225.71900939941406, "mean": -7.524295667999784, "std": 80.26051561487697}, "test": {"min": -332.88714599609375, "max": 233.9606170654297, "mean": -6.165070841420197}, "test_regrid": {"min": -332.88714599609375, "max": 233.9606170654297, "mean": -6.165070841420197, "std": 81.46770666093099}, "diff": {"min": -53.401031494140625, "max": 79.19906616210938, "mean": 1.3592248269692284}, "misc": {"rmse": 12.27252784647862, "corr": 0.9887354147707732}, "unit": "W/m2"}