{"ref": {"min": -159.23138427734375, "max": 65.16680908203125, "mean": -21.55976073791234}, "ref_regrid": {"min": -159.23138427734375, "max": 65.16680908203125, "mean": -21.55976073791234, "std": 27.303901703882335}, "test": {"min": -163.0994873046875, "max": 63.04086685180664, "mean": -22.36789069338887}, "test_regrid": {"min": -163.0994873046875, "max": 63.04086685180664, "mean": -22.36789069338887, "std": 27.48738462003249}, "diff": {"min": -21.55875015258789, "max": 24.13443374633789, "mean": -0.8081299554765199}, "misc": {"rmse": 5.082845161733185, "corr": 0.9832457395007338}, "unit": "W/m2"}