{"ref": {"min": -280.229248046875, "max": 239.51858520507812, "mean": -0.3090623792233972}, "ref_regrid": {"min": -280.229248046875, "max": 239.51858520507812, "mean": -0.3090623792233972, "std": 29.745373945020788}, "test": {"min": -367.5889892578125, "max": 273.9336853027344, "mean": -0.30845504874191987}, "test_regrid": {"min": -367.5889892578125, "max": 273.9336853027344, "mean": -0.30845504874191987, "std": 29.809898268845625}, "diff": {"min": -109.66583251953125, "max": 83.37762451171875, "mean": 0.000607330392979055}, "misc": {"rmse": 12.839973985674108, "corr": 0.9070375847175545}, "unit": "mbar/day"}