{"ref": {"min": -176.4545135498047, "max": 49.28145217895508, "mean": 0.1748594566988258}, "ref_regrid": {"min": -176.4545135498047, "max": 49.28145217895508, "mean": 0.1748594566988258, "std": 12.933626005247064}, "test": {"min": -147.3495635986328, "max": 45.10966491699219, "mean": 0.185045868065563}, "test_regrid": {"min": -147.3495635986328, "max": 45.10966491699219, "mean": 0.185045868065563, "std": 12.594239623055586}, "diff": {"min": -47.12697219848633, "max": 50.1229248046875, "mean": 0.010186411659063596}, "misc": {"rmse": 6.456589844165595, "corr": 0.8723909606042106}, "unit": "mbar/day"}