{"ref": {"min": -164.6292724609375, "max": 46.479251861572266, "mean": 0.18059027063045846}, "ref_regrid": {"min": -164.6292724609375, "max": 46.479251861572266, "mean": 0.18059027063045846, "std": 11.08927338912309}, "test": {"min": -170.8015594482422, "max": 52.32239532470703, "mean": 0.185921143894445}, "test_regrid": {"min": -170.8015594482422, "max": 52.32239532470703, "mean": 0.185921143894445, "std": 11.495950141931978}, "diff": {"min": -23.921789169311523, "max": 16.663249969482422, "mean": 0.0053308727635134265}, "misc": {"rmse": 3.080768616351331, "corr": 0.9634233052264373}, "unit": "mbar/day"}