{"ref": {"min": -198.07513427734375, "max": 60.20729446411133, "mean": 0.1855634918459508}, "ref_regrid": {"min": -198.07513427734375, "max": 60.20729446411133, "mean": 0.1855634918459508, "std": 12.958713900768466}, "test": {"min": -212.46202087402344, "max": 61.0936279296875, "mean": 0.19268230927949256}, "test_regrid": {"min": -212.46202087402344, "max": 61.0936279296875, "mean": 0.19268230927949256, "std": 13.631419802637557}, "diff": {"min": -42.68299865722656, "max": 40.00359344482422, "mean": 0.007118817736817891}, "misc": {"rmse": 5.9154747522574045, "corr": 0.9022329319758583}, "unit": "mbar/day"}