{"ref": {"min": -371.83154296875, "max": 729.45458984375, "mean": -0.12638103622980357}, "ref_regrid": {"min": -371.83154296875, "max": 729.45458984375, "mean": -0.12638103622980357, "std": 35.057701063480664}, "test": {"min": -334.4899597167969, "max": 709.1368408203125, "mean": -0.12408377083160849}, "test_regrid": {"min": -334.4899597167969, "max": 709.1368408203125, "mean": -0.12408377083160849, "std": 34.23367741634827}, "diff": {"min": -121.69357299804688, "max": 264.597412109375, "mean": 0.038474253650308106}, "misc": {"rmse": 11.300092839267522, "corr": 0.9466773129330363}, "unit": "mbar/day"}