{"ref": {"min": -235.32858276367188, "max": 116.39055633544922, "mean": -0.31716715571905346}, "ref_regrid": {"min": -235.32858276367188, "max": 116.39055633544922, "mean": -0.31716715571905346, "std": 22.01920680610654}, "test": {"min": -233.0435791015625, "max": 116.34324645996094, "mean": -0.32584605693853147}, "test_regrid": {"min": -233.0435791015625, "max": 116.34324645996094, "mean": -0.32584605693853147, "std": 22.429054295340215}, "diff": {"min": -37.07280349731445, "max": 29.169418334960938, "mean": -0.008678900754489956}, "misc": {"rmse": 6.034164121516114, "corr": 0.9633070571324743}, "unit": "mbar/day"}