{"ref": {"min": -172.25628662109375, "max": 62.30968475341797, "mean": 0.17022731411923278}, "ref_regrid": {"min": -172.25628662109375, "max": 62.30968475341797, "mean": 0.17022731411923278, "std": 15.258754227772503}, "test": {"min": -182.46554565429688, "max": 68.21446990966797, "mean": 0.1688911709254132}, "test_regrid": {"min": -182.46554565429688, "max": 68.21446990966797, "mean": 0.1688911709254132, "std": 16.171483520749874}, "diff": {"min": -50.83135223388672, "max": 45.25322341918945, "mean": -0.001336142897066863}, "misc": {"rmse": 6.577209588616968, "corr": 0.9140314911946756}, "unit": "mbar/day"}