{"ref": {"min": -362.876220703125, "max": 639.9276733398438, "mean": -0.17568489005168164}, "ref_regrid": {"min": -362.876220703125, "max": 639.9276733398438, "mean": -0.17568489005168164, "std": 33.38365640416813}, "test": {"min": -374.5244140625, "max": 600.4398193359375, "mean": -0.16257878010411667}, "test_regrid": {"min": -374.5244140625, "max": 600.4398193359375, "mean": -0.16257878010411667, "std": 34.05002860655764}, "diff": {"min": -92.57231903076172, "max": 181.12857055664062, "mean": 0.022723398249403795}, "misc": {"rmse": 9.797653228042988, "corr": 0.9579377029975651}, "unit": "mbar/day"}