{"ref": {"min": -303.9031066894531, "max": 655.218017578125, "mean": -0.21229786898225958}, "ref_regrid": {"min": -303.9031066894531, "max": 655.218017578125, "mean": -0.21229786898225958, "std": 28.655710659376055}, "test": {"min": -302.8377685546875, "max": 622.8148803710938, "mean": -0.2045138468718929}, "test_regrid": {"min": -302.8377685546875, "max": 622.8148803710938, "mean": -0.2045138468718929, "std": 28.742715686572353}, "diff": {"min": -115.32130432128906, "max": 70.598876953125, "mean": 0.03588347799477408}, "misc": {"rmse": 5.373990895625485, "corr": 0.9824105123284327}, "unit": "mbar/day"}