{"ref": {"min": -279.9316711425781, "max": 930.416748046875, "mean": -0.21418825664799387}, "ref_regrid": {"min": -279.9316711425781, "max": 930.416748046875, "mean": -0.21418825664799387, "std": 35.32614919149812}, "test": {"min": -297.5406188964844, "max": 851.2850341796875, "mean": -0.1994405116793181}, "test_regrid": {"min": -297.5406188964844, "max": 851.2850341796875, "mean": -0.1994405116793181, "std": 35.48577938944719}, "diff": {"min": -253.5569305419922, "max": 283.6134948730469, "mean": 0.11112418951885158}, "misc": {"rmse": 10.791154447748584, "corr": 0.9530060305778338}, "unit": "mbar/day"}