{"ref": {"min": -250.26156616210938, "max": 59.66092300415039, "mean": 0.18554696846880617}, "ref_regrid": {"min": -250.26156616210938, "max": 59.66092300415039, "mean": 0.18554696846880617, "std": 15.379439423406085}, "test": {"min": -287.4902038574219, "max": 65.92648315429688, "mean": 0.19144287441383603}, "test_regrid": {"min": -287.4902038574219, "max": 65.92648315429688, "mean": 0.19144287441383603, "std": 16.01778623886753}, "diff": {"min": -73.03941345214844, "max": 41.487979888916016, "mean": 0.005895905004410768}, "misc": {"rmse": 6.211905901612541, "corr": 0.9225064032565403}, "unit": "mbar/day"}