{"ref": {"min": -303.2275085449219, "max": 140.07485961914062, "mean": -0.31971181934524534}, "ref_regrid": {"min": -303.2275085449219, "max": 140.07485961914062, "mean": -0.31971181934524534, "std": 25.966801959755923}, "test": {"min": -315.3310241699219, "max": 142.60879516601562, "mean": -0.33153942965487776}, "test_regrid": {"min": -315.3310241699219, "max": 142.60879516601562, "mean": -0.33153942965487776, "std": 26.61005718435602}, "diff": {"min": -88.12399291992188, "max": 89.08536529541016, "mean": -0.011827608976264581}, "misc": {"rmse": 11.333505386774046, "corr": 0.9073527595863301}, "unit": "mbar/day"}