{"ref": {"min": -258.9620361328125, "max": 162.14303588867188, "mean": -0.31367739965546065}, "ref_regrid": {"min": -258.9620361328125, "max": 162.14303588867188, "mean": -0.31367739965546065, "std": 25.072075107150695}, "test": {"min": -266.9747009277344, "max": 136.47071838378906, "mean": -0.32382028016044845}, "test_regrid": {"min": -266.9747009277344, "max": 136.47071838378906, "mean": -0.32382028016044845, "std": 24.34861453876996}, "diff": {"min": -63.70204544067383, "max": 57.896324157714844, "mean": -0.010142883496902367}, "misc": {"rmse": 12.069220187072132, "corr": 0.8811223239915954}, "unit": "mbar/day"}