{"ref": {"min": -285.3456726074219, "max": 779.7594604492188, "mean": -0.26549749567681497}, "ref_regrid": {"min": -285.3456726074219, "max": 779.7594604492188, "mean": -0.26549749567681497, "std": 31.395356365616003}, "test": {"min": -300.2154235839844, "max": 822.75341796875, "mean": -0.25221753871331287}, "test_regrid": {"min": -300.2154235839844, "max": 822.75341796875, "mean": -0.25221753871331287, "std": 31.203376976745098}, "diff": {"min": -129.72207641601562, "max": 123.06018829345703, "mean": 0.03513179830585787}, "misc": {"rmse": 10.760528634585484, "corr": 0.9405573672326019}, "unit": "mbar/day"}