{"ref": {"min": -297.3538818359375, "max": 193.1539306640625, "mean": -0.32271212675996336}, "ref_regrid": {"min": -297.3538818359375, "max": 193.1539306640625, "mean": -0.32271212675996336, "std": 28.979899936867188}, "test": {"min": -314.5819091796875, "max": 180.5776824951172, "mean": -0.337188942807426}, "test_regrid": {"min": -314.5819091796875, "max": 180.5776824951172, "mean": -0.337188942807426, "std": 29.579151460179705}, "diff": {"min": -139.9441375732422, "max": 63.72577667236328, "mean": -0.014476816458300727}, "misc": {"rmse": 11.384906598385305, "corr": 0.9246053100847877}, "unit": "mbar/day"}