{"ref": {"min": 1.7666764051682549e-06, "max": 27.695327758789062, "mean": 3.217861411795961}, "ref_regrid": {"min": 1.7666764051682549e-06, "max": 27.695327758789062, "mean": 3.217861411795961, "std": 2.8963101417504316}, "test": {"min": 2.210844286310021e-05, "max": 28.099092483520508, "mean": 3.1599010448265394}, "test_regrid": {"min": 2.210844286310021e-05, "max": 28.099092483520508, "mean": 3.1599010448265394, "std": 2.816468511771751}, "diff": {"min": -5.290961742401123, "max": 8.424853324890137, "mean": -0.057960366982668876}, "misc": {"rmse": 0.8795711319682328, "corr": 0.9531765965449654}, "unit": "mm/day"}