{"ref": {"min": 0.0011646045604720712, "max": 27.48761558532715, "mean": 3.2320773724166583}, "ref_regrid": {"min": 0.0011646045604720712, "max": 27.48761558532715, "mean": 3.2320773724166583, "std": 2.4840769373086884}, "test": {"min": 0.0022672535851597786, "max": 23.99786376953125, "mean": 3.1922767092329223}, "test_regrid": {"min": 0.0022672535851597786, "max": 23.99786376953125, "mean": 3.1922767092329223, "std": 2.3664252127658507}, "diff": {"min": -6.001031875610352, "max": 5.232302188873291, "mean": -0.03980066323425549}, "misc": {"rmse": 0.8417190218343858, "corr": 0.9410496941058153}, "unit": "mm/day"}