{"ref": {"min": 0.0074144755490124226, "max": 30.865861892700195, "mean": 3.232144296288636}, "ref_regrid": {"min": 0.0074144755490124226, "max": 30.865861892700195, "mean": 3.232144296288636, "std": 2.309142762918281}, "test": {"min": 0.01056632213294506, "max": 30.208322525024414, "mean": 3.1865804415698356}, "test_regrid": {"min": 0.01056632213294506, "max": 30.208322525024414, "mean": 3.1865804415698356, "std": 2.2818684445565807}, "diff": {"min": -2.8980817794799805, "max": 3.1727566719055176, "mean": -0.0455638547205855}, "misc": {"rmse": 0.4286118878694852, "corr": 0.9828351960581097}, "unit": "mm/day"}