{"ref": {"min": 4.672433715313673e-05, "max": 43.949195861816406, "mean": 3.293284324952834}, "ref_regrid": {"min": 4.672433715313673e-05, "max": 43.949195861816406, "mean": 3.293284324952834, "std": 3.0736810162288895}, "test": {"min": 4.0589126001577824e-05, "max": 48.190513610839844, "mean": 3.253570774871212}, "test_regrid": {"min": 4.0589126001577824e-05, "max": 48.190513610839844, "mean": 3.253570774871212, "std": 3.0444983500407057}, "diff": {"min": -6.339203834533691, "max": 14.709826469421387, "mean": -0.039713550111628054}, "misc": {"rmse": 0.8756318918991495, "corr": 0.9591623536812486}, "unit": "mm/day"}