{"ref": {"min": 0.0010099336504936218, "max": 39.9781608581543, "mean": 3.18535408194948}, "ref_regrid": {"min": 0.0010099336504936218, "max": 39.9781608581543, "mean": 3.18535408194948, "std": 2.726559694793984}, "test": {"min": 6.624301022384316e-05, "max": 41.068241119384766, "mean": 3.1405732351157476}, "test_regrid": {"min": 6.624301022384316e-05, "max": 41.068241119384766, "mean": 3.1405732351157476, "std": 2.729321706050753}, "diff": {"min": -8.298242568969727, "max": 6.004997730255127, "mean": -0.04478084682094191}, "misc": {"rmse": 0.7990637606666207, "corr": 0.9572346730906588}, "unit": "mm/day"}