{"ref": {"min": 969.1875610351562, "max": 1029.34228515625, "mean": 1011.1973554210983}, "ref_regrid": {"min": 969.1875610351562, "max": 1029.34228515625, "mean": 1011.1973554210983, "std": 11.511579570549912}, "test": {"min": 964.8248291015625, "max": 1028.152587890625, "mean": 1011.1916247291017}, "test_regrid": {"min": 964.8248291015625, "max": 1028.152587890625, "mean": 1011.1916247291017, "std": 11.90497288447101}, "diff": {"min": -5.32110595703125, "max": 4.736083984375, "mean": -0.0057306919969304275}, "misc": {"rmse": 1.261437385032057, "corr": 0.9947592663885961}, "unit": "mbar"}