{"ref": {"min": 968.3366088867188, "max": 1038.3631591796875, "mean": 1011.3854194662183}, "ref_regrid": {"min": 968.3366088867188, "max": 1038.3631591796875, "mean": 1011.3854194662183, "std": 11.5489579286743}, "test": {"min": 969.84326171875, "max": 1035.3983154296875, "mean": 1011.3895443561879}, "test_regrid": {"min": 969.84326171875, "max": 1035.3983154296875, "mean": 1011.3895443561879, "std": 11.547970265095787}, "diff": {"min": -12.828369140625, "max": 8.27838134765625, "mean": 0.0041248899695997526}, "misc": {"rmse": 2.069396286962167, "corr": 0.9839451201155216}, "unit": "mbar"}