{"ref": {"min": 972.0611572265625, "max": 1026.9632568359375, "mean": 1011.2301645543339}, "ref_regrid": {"min": 972.0611572265625, "max": 1026.9632568359375, "mean": 1011.2301645543339, "std": 10.474070289420013}, "test": {"min": 967.1270141601562, "max": 1026.3828125, "mean": 1011.2222583637792}, "test_regrid": {"min": 967.1270141601562, "max": 1026.3828125, "mean": 1011.2222583637792, "std": 11.120885102163083}, "diff": {"min": -5.43499755859375, "max": 3.14996337890625, "mean": -0.007906190554640948}, "misc": {"rmse": 1.0851519281799573, "corr": 0.9967414288236986}, "unit": "mbar"}