{"ref": {"min": 974.5746459960938, "max": 1028.865966796875, "mean": 1011.0846003712982}, "ref_regrid": {"min": 974.5746459960938, "max": 1028.865966796875, "mean": 1011.0846003712982, "std": 10.542820718862867}, "test": {"min": 962.1735229492188, "max": 1028.2401123046875, "mean": 1011.0425686805467}, "test_regrid": {"min": 962.1735229492188, "max": 1028.2401123046875, "mean": 1011.0425686805467, "std": 11.927726838557474}, "diff": {"min": -14.56195068359375, "max": 8.18988037109375, "mean": -0.04203169075160202}, "misc": {"rmse": 2.5866557915084654, "corr": 0.9810298808917993}, "unit": "mbar"}