{"ref": {"min": 972.3047485351562, "max": 1027.3759765625, "mean": 1011.2532834287643}, "ref_regrid": {"min": 972.3047485351562, "max": 1027.3759765625, "mean": 1011.2532834287643, "std": 9.899879950233375}, "test": {"min": 967.9204711914062, "max": 1027.3070068359375, "mean": 1011.265296334322}, "test_regrid": {"min": 967.9204711914062, "max": 1027.3070068359375, "mean": 1011.265296334322, "std": 10.582027140730986}, "diff": {"min": -7.4156494140625, "max": 6.060302734375, "mean": 0.012012905557713125}, "misc": {"rmse": 1.5898739984722643, "corr": 0.9901574336142226}, "unit": "mbar"}