{"ref": {"min": -128.36264038085938, "max": 93.71263122558594, "mean": 1.8348804943667878}, "ref_regrid": {"min": -128.36264038085938, "max": 93.71263122558594, "mean": 1.8348804943667878, "std": 54.74015731024761}, "test": {"min": -128.83314514160156, "max": 97.0262451171875, "mean": 2.9705202283866683}, "test_regrid": {"min": -128.83314514160156, "max": 97.0262451171875, "mean": 2.9705202283866683, "std": 55.71982244747596}, "diff": {"min": -9.939117431640625, "max": 11.643722534179688, "mean": 1.1356397340198834}, "misc": {"rmse": 2.9312873926042355, "corr": 0.998960198314876}, "unit": "W/m2"}