{"ref": {"min": -178.89854431152344, "max": 106.4976806640625, "mean": 3.1449540150750086}, "ref_regrid": {"min": -178.89854431152344, "max": 106.4976806640625, "mean": 3.1449540150750086, "std": 72.72673860828584}, "test": {"min": -180.07583618164062, "max": 117.19993591308594, "mean": 4.088181855135312}, "test_regrid": {"min": -180.07583618164062, "max": 117.19993591308594, "mean": 4.088181855135312, "std": 73.11352928101175}, "diff": {"min": -18.431427001953125, "max": 23.82244873046875, "mean": 0.9432278400603017}, "misc": {"rmse": 4.3404082051716975, "corr": 0.9983262343437983}, "unit": "W/m2"}