{"ref": {"min": -186.4041290283203, "max": 154.35867309570312, "mean": 9.185171680034191}, "ref_regrid": {"min": -186.4041290283203, "max": 154.35867309570312, "mean": 9.185171680034191, "std": 98.738402037105}, "test": {"min": -187.32424926757812, "max": 155.76742553710938, "mean": 10.461095924657153}, "test_regrid": {"min": -187.32424926757812, "max": 155.76742553710938, "mean": 10.461095924657153, "std": 98.95161879181228}, "diff": {"min": -22.17540740966797, "max": 23.785995483398438, "mean": 1.2759242446229775}, "misc": {"rmse": 4.911372171376859, "corr": 0.9988512085686252}, "unit": "W/m2"}