{"ref": {"min": -162.41860961914062, "max": 105.31138610839844, "mean": 1.6993673322141583}, "ref_regrid": {"min": -162.41860961914062, "max": 105.31138610839844, "mean": 1.6993673322141583, "std": 70.81248169313528}, "test": {"min": -163.1544647216797, "max": 109.074462890625, "mean": 3.0092488723111726}, "test_regrid": {"min": -163.1544647216797, "max": 109.074462890625, "mean": 3.0092488723111726, "std": 71.81024638635061}, "diff": {"min": -22.859130859375, "max": 23.03265380859375, "mean": 1.309881540097017}, "misc": {"rmse": 4.589780276342011, "corr": 0.9981952276473491}, "unit": "W/m2"}