{"ref": {"min": -178.2365264892578, "max": 128.09109497070312, "mean": -6.6899710865070405}, "ref_regrid": {"min": -178.2365264892578, "max": 128.09109497070312, "mean": -6.6899710865070405, "std": 87.84921001770824}, "test": {"min": -177.6096954345703, "max": 130.98240661621094, "mean": -5.6764459001333565}, "test_regrid": {"min": -177.6096954345703, "max": 130.98240661621094, "mean": -5.6764459001333565, "std": 88.90367052065953}, "diff": {"min": -24.755645751953125, "max": 24.909713745117188, "mean": 1.0135251863736903}, "misc": {"rmse": 4.971165281682705, "corr": 0.9985548639637308}, "unit": "W/m2"}