{"ref": {"min": -84.51469421386719, "max": 140.951416015625, "mean": 16.75595854076601}, "ref_regrid": {"min": -84.51469421386719, "max": 140.951416015625, "mean": 16.75595854076601, "std": 21.9164846670858}, "test": {"min": -86.11385345458984, "max": 140.15000915527344, "mean": 16.60944529272561}, "test_regrid": {"min": -86.11385345458984, "max": 140.15000915527344, "mean": 16.60944529272561, "std": 22.271512011088756}, "diff": {"min": -34.65041732788086, "max": 25.497587203979492, "mean": -0.1465132482577038}, "misc": {"rmse": 4.250432582830287, "corr": 0.9816449701657068}, "unit": "W/m2"}