{"ref": {"min": -108.23417663574219, "max": 155.34889221191406, "mean": 13.967011390154534}, "ref_regrid": {"min": -108.23417663574219, "max": 155.34889221191406, "mean": 13.967011390154534, "std": 23.53960857901386}, "test": {"min": -99.31243133544922, "max": 180.0386962890625, "mean": 13.849781226748446}, "test_regrid": {"min": -99.31243133544922, "max": 180.0386962890625, "mean": 13.849781226748446, "std": 23.7244149699667}, "diff": {"min": -67.53655242919922, "max": 79.08163452148438, "mean": -0.11723016307808667}, "misc": {"rmse": 5.367216358085904, "corr": 0.9742515677999423}, "unit": "W/m2"}