{"ref": {"min": -101.72232818603516, "max": 97.91678619384766, "mean": 15.190022888363222}, "ref_regrid": {"min": -101.72232818603516, "max": 97.91678619384766, "mean": 15.190022888363222, "std": 17.679801722056457}, "test": {"min": -100.68312072753906, "max": 99.23963928222656, "mean": 15.089876091231194}, "test_regrid": {"min": -100.68312072753906, "max": 99.23963928222656, "mean": 15.089876091231194, "std": 17.807792297754837}, "diff": {"min": -20.006065368652344, "max": 29.48886489868164, "mean": -0.10014679717644225}, "misc": {"rmse": 2.5411453033944693, "corr": 0.9897868054647113}, "unit": "W/m2"}