{"ref": {"min": -110.67054748535156, "max": 129.38429260253906, "mean": 15.679383521074035}, "ref_regrid": {"min": -110.67054748535156, "max": 129.38429260253906, "mean": 15.679383521074035, "std": 19.318487981345516}, "test": {"min": -112.32556915283203, "max": 126.58710479736328, "mean": 15.509158765906124}, "test_regrid": {"min": -112.32556915283203, "max": 126.58710479736328, "mean": 15.509158765906124, "std": 19.307801371926686}, "diff": {"min": -39.026939392089844, "max": 31.682231903076172, "mean": -0.17022475528285788}, "misc": {"rmse": 4.3329967839536305, "corr": 0.9748714539230818}, "unit": "W/m2"}