{"ref": {"min": -108.20401763916016, "max": 141.990234375, "mean": 14.357738082197393}, "ref_regrid": {"min": -108.20401763916016, "max": 141.990234375, "mean": 14.357738082197393, "std": 20.6749269112734}, "test": {"min": -108.33876037597656, "max": 145.77857971191406, "mean": 14.391119060239134}, "test_regrid": {"min": -108.33876037597656, "max": 145.77857971191406, "mean": 14.391119060239134, "std": 21.231693026839718}, "diff": {"min": -39.090293884277344, "max": 39.29149627685547, "mean": 0.03338097810544588}, "misc": {"rmse": 3.9372004750598286, "corr": 0.9826973795995471}, "unit": "W/m2"}