{"ref": {"min": -0.346588134765625, "max": 29.58978271484375, "mean": 20.070682353951533}, "ref_regrid": {"min": -0.346588134765625, "max": 29.58978271484375, "mean": 20.070682353951533, "std": 8.38107777413271}, "test": {"min": -0.3829345703125, "max": 29.58978271484375, "mean": 20.070733416711523}, "test_regrid": {"min": -0.3829345703125, "max": 29.58978271484375, "mean": 20.070733416711523, "std": 8.381180381792287}, "diff": {"min": -0.155975341796875, "max": 0.18975830078125, "mean": 5.1062759989628474e-05}, "misc": {"rmse": 0.005493035766536853, "corr": 0.999999784858318}, "unit": "degC"}