{"ref": {"min": -1.219512939453125, "max": 31.9366455078125, "mean": 19.95403346869971}, "ref_regrid": {"min": -1.219512939453125, "max": 31.9366455078125, "mean": 19.95403346869971, "std": 8.514408003190216}, "test": {"min": -1.160125732421875, "max": 31.944854736328125, "mean": 19.954184380465215}, "test_regrid": {"min": -1.160125732421875, "max": 31.944854736328125, "mean": 19.954184380465215, "std": 8.514441292994471}, "diff": {"min": -0.131622314453125, "max": 0.170562744140625, "mean": 0.0001509117655059515}, "misc": {"rmse": 0.005673817546662414, "corr": 0.9999997781321103}, "unit": "degC"}