{"ref": {"min": -1.251556396484375, "max": 29.77044677734375, "mean": 19.860093507531595}, "ref_regrid": {"min": -1.251556396484375, "max": 29.77044677734375, "mean": 19.860093507531595, "std": 8.992475621166294}, "test": {"min": -1.222320556640625, "max": 29.77044677734375, "mean": 19.860204204816434}, "test_regrid": {"min": -1.222320556640625, "max": 29.77044677734375, "mean": 19.860204204816434, "std": 8.992347823715711}, "diff": {"min": -0.342071533203125, "max": 0.38055419921875, "mean": 0.00011069728483732829}, "misc": {"rmse": 0.011141724576298952, "corr": 0.9999992324609067}, "unit": "degC"}