{"ref": {"min": -0.486297607421875, "max": 30.34820556640625, "mean": 19.731299759943404}, "ref_regrid": {"min": -0.486297607421875, "max": 30.34820556640625, "mean": 19.731299759943404, "std": 8.716728687409661}, "test": {"min": -0.492767333984375, "max": 30.341583251953125, "mean": 19.73126394604098}, "test_regrid": {"min": -0.492767333984375, "max": 30.341583251953125, "mean": 19.73126394604098, "std": 8.71713995611991}, "diff": {"min": -0.278594970703125, "max": 0.2686767578125, "mean": -3.58139024241073e-05}, "misc": {"rmse": 0.008683988999581097, "corr": 0.9999995045060666}, "unit": "degC"}