{"ref": {"min": -1.029632568359375, "max": 30.89190673828125, "mean": 19.875969753490356}, "ref_regrid": {"min": -1.029632568359375, "max": 30.89190673828125, "mean": 19.875969753490356, "std": 8.568610576876027}, "test": {"min": -0.9659423828125, "max": 30.89190673828125, "mean": 19.87586537362863}, "test_regrid": {"min": -0.9659423828125, "max": 30.89190673828125, "mean": 19.87586537362863, "std": 8.568877290632944}, "diff": {"min": -0.2635498046875, "max": 0.190643310546875, "mean": -0.00010437986172023809}, "misc": {"rmse": 0.005914686507609163, "corr": 0.9999997624941591}, "unit": "degC"}