{"ref": {"min": -141.9290008544922, "max": -0.11102151870727539, "mean": -46.77388964110394}, "ref_regrid": {"min": -141.9290008544922, "max": -0.11102151870727539, "mean": -46.77388964110394, "std": 26.643360894640146}, "test": {"min": -141.8323974609375, "max": -0.14798688888549805, "mean": -47.24470898900194}, "test_regrid": {"min": -141.8323974609375, "max": -0.14798688888549805, "mean": -47.24470898900194, "std": 26.56765030709008}, "diff": {"min": -34.440521240234375, "max": 33.26701354980469, "mean": -0.47081934789800156}, "misc": {"rmse": 6.800826207084253, "corr": 0.9674904734056387}, "unit": "W/m2"}