{"ref": {"min": -144.53549194335938, "max": -0.058680031448602676, "mean": -43.71134474705736}, "ref_regrid": {"min": -144.53549194335938, "max": -0.058680031448602676, "mean": -43.71134474705736, "std": 24.475431395131835}, "test": {"min": -128.8677978515625, "max": -0.0709960088133812, "mean": -44.188631172589865}, "test_regrid": {"min": -128.8677978515625, "max": -0.0709960088133812, "mean": -44.188631172589865, "std": 24.38849292114604}, "diff": {"min": -30.86846351623535, "max": 32.002601623535156, "mean": -0.4772864256197683}, "misc": {"rmse": 6.4675242563826325, "corr": 0.9651598313612555}, "unit": "W/m2"}