{"ref": {"min": -214.27590942382812, "max": 7.0763344410806894e-06, "mean": -52.03210960305815}, "ref_regrid": {"min": -214.27590942382812, "max": 7.0763344410806894e-06, "mean": -52.03210960305815, "std": 41.1474858370791}, "test": {"min": -209.97317504882812, "max": 1.1696945875883102e-05, "mean": -52.14606462249352}, "test_regrid": {"min": -209.97317504882812, "max": 1.1696945875883102e-05, "mean": -52.14606462249352, "std": 41.613998142558714}, "diff": {"min": -30.992752075195312, "max": 33.33000183105469, "mean": -0.11395501943536188}, "misc": {"rmse": 6.803037981951979, "corr": 0.9865530579340518}, "unit": "W/m2"}