{"ref": {"min": -188.22003173828125, "max": 3.136310260742903e-05, "mean": -47.38886233247401}, "ref_regrid": {"min": -188.22003173828125, "max": 3.136310260742903e-05, "mean": -47.38886233247401, "std": 34.89273969752493}, "test": {"min": -189.29188537597656, "max": 2.8281938284635544e-06, "mean": -47.801317798595385}, "test_regrid": {"min": -189.29188537597656, "max": 2.8281938284635544e-06, "mean": -47.801317798595385, "std": 35.46607703508755}, "diff": {"min": -36.20899963378906, "max": 36.3226318359375, "mean": -0.41245546612137085}, "misc": {"rmse": 6.936675380014186, "corr": 0.9807602825341334}, "unit": "W/m2"}