{"ref": {"min": -187.41848754882812, "max": 0.0, "mean": -48.24491136583472}, "ref_regrid": {"min": -187.41848754882812, "max": 0.0, "mean": -48.24491136583472, "std": 36.86817504187563}, "test": {"min": -185.34469604492188, "max": 0.0, "mean": -48.3685114032319}, "test_regrid": {"min": -185.34469604492188, "max": 0.0, "mean": -48.3685114032319, "std": 37.25831653345472}, "diff": {"min": -29.9727783203125, "max": 32.74877166748047, "mean": -0.12360003741316711}, "misc": {"rmse": 6.489393536132096, "corr": 0.9847323339686456}, "unit": "W/m2"}