{"ref": {"min": -194.95896911621094, "max": 6.65613924866193e-07, "mean": -44.75659979280494}, "ref_regrid": {"min": -194.95896911621094, "max": 6.65613924866193e-07, "mean": -44.75659979280494, "std": 31.9634159242831}, "test": {"min": -196.8932647705078, "max": 1.640185132600891e-06, "mean": -45.15557036311623}, "test_regrid": {"min": -196.8932647705078, "max": 1.640185132600891e-06, "mean": -45.15557036311623, "std": 32.43955087142534}, "diff": {"min": -33.544708251953125, "max": 32.55632019042969, "mean": -0.3989705703984431}, "misc": {"rmse": 6.531364942025635, "corr": 0.9796153399350225}, "unit": "W/m2"}