{"ref": {"min": -154.74176025390625, "max": -0.3552289307117462, "mean": -45.49610395921919}, "ref_regrid": {"min": -154.74176025390625, "max": -0.3552289307117462, "mean": -45.49610395921919, "std": 20.77061521569556}, "test": {"min": -150.67678833007812, "max": -0.43941232562065125, "mean": -45.84480420783827}, "test_regrid": {"min": -150.67678833007812, "max": -0.43941232562065125, "mean": -45.84480420783827, "std": 20.926151982297753}, "diff": {"min": -13.01513671875, "max": 13.381336212158203, "mean": -0.34870024862174087}, "misc": {"rmse": 3.3104394457167596, "corr": 0.9875609691432914}, "unit": "W/m2"}