{"ref": {"min": -152.15032958984375, "max": -0.9218769073486328, "mean": -48.70828339682833}, "ref_regrid": {"min": -152.15032958984375, "max": -0.9218769073486328, "mean": -48.70828339682833, "std": 22.48924721428312}, "test": {"min": -148.1474609375, "max": -1.0569419860839844, "mean": -49.06494532227726}, "test_regrid": {"min": -148.1474609375, "max": -1.0569419860839844, "mean": -49.06494532227726, "std": 22.67496052202578}, "diff": {"min": -13.72967529296875, "max": 14.552276611328125, "mean": -0.3566619254489298}, "misc": {"rmse": 3.5162685731906858, "corr": 0.9880354739567712}, "unit": "W/m2"}