{"ref": {"min": -180.4050750732422, "max": -0.5976486206054688, "mean": -48.63827169139514}, "ref_regrid": {"min": -180.4050750732422, "max": -0.5976486206054688, "mean": -48.63827169139514, "std": 29.600972346245975}, "test": {"min": -185.67453002929688, "max": -0.120635986328125, "mean": -49.0676901507396}, "test_regrid": {"min": -185.67453002929688, "max": -0.120635986328125, "mean": -49.0676901507396, "std": 30.02616285338602}, "diff": {"min": -30.300262451171875, "max": 29.530929565429688, "mean": -0.42941845934439044}, "misc": {"rmse": 6.216661405063853, "corr": 0.9784644821442136}, "unit": "W/m2"}