{"ref": {"min": -181.63551330566406, "max": -0.287881076335907, "mean": -45.271559942517264}, "ref_regrid": {"min": -181.63551330566406, "max": -0.287881076335907, "mean": -45.271559942517264, "std": 26.81890167771489}, "test": {"min": -186.34231567382812, "max": -0.11995662748813629, "mean": -45.66650386042842}, "test_regrid": {"min": -186.34231567382812, "max": -0.11995662748813629, "mean": -45.66650386042842, "std": 27.1440966418218}, "diff": {"min": -26.009479522705078, "max": 27.74609375, "mean": -0.39494391798498524}, "misc": {"rmse": 5.884117951393574, "corr": 0.9763995204979511}, "unit": "W/m2"}