{"ref": {"min": 204.4874725341797, "max": 226.42893981933594, "mean": 217.25354057091}, "ref_regrid": {"min": 204.4874725341797, "max": 226.42893981933594, "mean": 217.25354057091, "std": 3.2135251119157346}, "test": {"min": 204.83851623535156, "max": 227.12254333496094, "mean": 217.14037585817357}, "test_regrid": {"min": 204.83851623535156, "max": 227.12254333496094, "mean": 217.14037585817357, "std": 3.1984951716752685}, "diff": {"min": -1.9357757568359375, "max": 2.1021881103515625, "mean": -0.11316471273640544}, "misc": {"rmse": 0.49986101572389635, "corr": 0.9884793418641176}, "unit": "K"}