{"ref": {"min": 198.64454650878906, "max": 231.7844696044922, "mean": 216.88734516222482}, "ref_regrid": {"min": 198.64454650878906, "max": 231.7844696044922, "mean": 216.88734516222482, "std": 5.071281143883355}, "test": {"min": 198.6072998046875, "max": 229.59051513671875, "mean": 216.6721013102438}, "test_regrid": {"min": 198.6072998046875, "max": 229.59051513671875, "mean": 216.6721013102438, "std": 4.89047202469225}, "diff": {"min": -5.5672149658203125, "max": 2.2928314208984375, "mean": -0.21524385198102383}, "misc": {"rmse": 0.8875385958896805, "corr": 0.9857121868825457}, "unit": "K"}