{"ref": {"min": 198.82839965820312, "max": 225.8782958984375, "mean": 216.8697504878808}, "ref_regrid": {"min": 198.82839965820312, "max": 225.8782958984375, "mean": 216.8697504878808, "std": 3.8608517604952204}, "test": {"min": 198.93740844726562, "max": 225.96517944335938, "mean": 216.6006862338594}, "test_regrid": {"min": 198.93740844726562, "max": 225.96517944335938, "mean": 216.6006862338594, "std": 3.8312709965106317}, "diff": {"min": -3.821380615234375, "max": 3.47607421875, "mean": -0.26906425402140915}, "misc": {"rmse": 0.8044809542701523, "corr": 0.9806003173511525}, "unit": "K"}