{"ref": {"min": 210.6958465576172, "max": 228.22581481933594, "mean": 217.61831528271958}, "ref_regrid": {"min": 210.6958465576172, "max": 228.22581481933594, "mean": 217.61831528271958, "std": 3.031299417964366}, "test": {"min": 210.5608367919922, "max": 229.62071228027344, "mean": 217.51113965997246}, "test_regrid": {"min": 210.5608367919922, "max": 229.62071228027344, "mean": 217.51113965997246, "std": 3.3777564060458127}, "diff": {"min": -4.18389892578125, "max": 5.793853759765625, "mean": -0.10717562274715263}, "misc": {"rmse": 1.0141039943727046, "corr": 0.956202331980973}, "unit": "K"}