{"ref": {"min": 208.88243103027344, "max": 227.31031799316406, "mean": 217.6385845326832}, "ref_regrid": {"min": 208.88243103027344, "max": 227.31031799316406, "mean": 217.6385845326832, "std": 2.78893470125247}, "test": {"min": 210.7264862060547, "max": 227.39102172851562, "mean": 217.778088583117}, "test_regrid": {"min": 210.7264862060547, "max": 227.39102172851562, "mean": 217.778088583117, "std": 2.770387193397412}, "diff": {"min": -3.8729095458984375, "max": 4.40496826171875, "mean": 0.1395040504337888}, "misc": {"rmse": 0.9428318338259865, "corr": 0.9437562628545836}, "unit": "K"}