{"ref": {"min": 247.2898406982422, "max": 297.475830078125, "mean": 279.6102311512215}, "ref_regrid": {"min": 247.2898406982422, "max": 297.475830078125, "mean": 279.6102311512215, "std": 11.123107890022887}, "test": {"min": 245.62594604492188, "max": 297.02520751953125, "mean": 279.6329228709547}, "test_regrid": {"min": 245.62594604492188, "max": 297.02520751953125, "mean": 279.6329228709547, "std": 11.281560850684414}, "diff": {"min": -4.93701171875, "max": 3.778717041015625, "mean": 0.015230949690877075}, "misc": {"rmse": 0.9255645016246575, "corr": 0.9966924735807253}, "unit": "K"}