{"ref": {"min": 234.47207641601562, "max": 303.8042297363281, "mean": 282.56929748734916}, "ref_regrid": {"min": 234.47207641601562, "max": 303.8042297363281, "mean": 282.56929748734916, "std": 9.9747056293928}, "test": {"min": 233.61517333984375, "max": 304.05181884765625, "mean": 282.6325056592167}, "test_regrid": {"min": 233.61517333984375, "max": 304.05181884765625, "mean": 282.6325056592167, "std": 10.078052156964432}, "diff": {"min": -5.4117431640625, "max": 3.4953460693359375, "mean": 0.050275717191705836}, "misc": {"rmse": 0.6566553153125616, "corr": 0.9979431198885507}, "unit": "K"}