{"ref": {"min": 242.7696990966797, "max": 298.7675476074219, "mean": 280.95376162807446}, "ref_regrid": {"min": 242.7696990966797, "max": 298.7675476074219, "mean": 280.95376162807446, "std": 10.26459910583474}, "test": {"min": 244.12718200683594, "max": 299.2458190917969, "mean": 281.0552164237574}, "test_regrid": {"min": 244.12718200683594, "max": 299.2458190917969, "mean": 281.0552164237574, "std": 10.222275686472145}, "diff": {"min": -2.32598876953125, "max": 3.168731689453125, "mean": 0.10006997902543974}, "misc": {"rmse": 0.6141189647242602, "corr": 0.9982582427249626}, "unit": "K"}