{"ref": {"min": 244.1112060546875, "max": 295.8764343261719, "mean": 280.9632133720043}, "ref_regrid": {"min": 244.1112060546875, "max": 295.8764343261719, "mean": 280.9632133720043, "std": 9.845902552111502}, "test": {"min": 244.5147705078125, "max": 295.7290344238281, "mean": 281.0176657004456}, "test_regrid": {"min": 244.5147705078125, "max": 295.7290344238281, "mean": 281.0176657004456, "std": 9.90498174168877}, "diff": {"min": -2.7764892578125, "max": 2.260589599609375, "mean": 0.04995185894567382}, "misc": {"rmse": 0.4318406139670881, "corr": 0.9990777353168314}, "unit": "K"}