{"ref": {"min": 239.29327392578125, "max": 297.54071044921875, "mean": 280.75010270627513}, "ref_regrid": {"min": 239.29327392578125, "max": 297.54071044921875, "mean": 280.75010270627513, "std": 10.500657379730047}, "test": {"min": 240.76052856445312, "max": 298.0538635253906, "mean": 280.7755369086834}, "test_regrid": {"min": 240.76052856445312, "max": 298.0538635253906, "mean": 280.7755369086834, "std": 10.616627100536205}, "diff": {"min": -4.43511962890625, "max": 3.8706207275390625, "mean": 0.021810101916005364}, "misc": {"rmse": 0.7476241219108325, "corr": 0.9975585968576147}, "unit": "K"}