{"ref": {"min": 0.00040378348785452545, "max": 0.9143862128257751, "mean": 0.08284263948765101}, "ref_regrid": {"min": 0.00040378348785452545, "max": 0.9143862128257751, "mean": 0.08284263948765101, "std": 0.06645556739569292}, "test": {"min": 0.00032180509879253805, "max": 0.8672306537628174, "mean": 0.08648086610874416}, "test_regrid": {"min": 0.00032180509879253805, "max": 0.8672306537628174, "mean": 0.08648086610874416, "std": 0.07236393656231573}, "diff": {"min": -0.1430029571056366, "max": 0.15367059409618378, "mean": 0.0036382266209812578}, "misc": {"rmse": 0.024478323401874294, "corr": 0.9427069685040071}, "unit": "N/m^2"}