{"ref": {"min": 0.0003601522766984999, "max": 0.867106556892395, "mean": 0.07474565373947659}, "ref_regrid": {"min": 0.0003601522766984999, "max": 0.867106556892395, "mean": 0.07474565373947659, "std": 0.05780980315005065}, "test": {"min": 0.00039823047700338066, "max": 0.9077903032302856, "mean": 0.07736997653354678}, "test_regrid": {"min": 0.00039823047700338066, "max": 0.9077903032302856, "mean": 0.07736997653354678, "std": 0.06194897935064723}, "diff": {"min": -0.04025375097990036, "max": 0.05980938673019409, "mean": 0.002624322794451058}, "misc": {"rmse": 0.010506726283197196, "corr": 0.98794118725655}, "unit": "N/m^2"}