{"ref": {"min": 0.00024377148656640202, "max": 1.0498343706130981, "mean": 0.07960898440511259}, "ref_regrid": {"min": 0.00024377148656640202, "max": 1.0498343706130981, "mean": 0.07960898440511259, "std": 0.0614309158652198}, "test": {"min": 7.602247933391482e-05, "max": 1.0273258686065674, "mean": 0.08101325660535734}, "test_regrid": {"min": 7.602247933391482e-05, "max": 1.0273258686065674, "mean": 0.08101325660535734, "std": 0.060196847433263534}, "diff": {"min": -0.1488751769065857, "max": 0.2592077851295471, "mean": 0.0014042721999635624}, "misc": {"rmse": 0.022088751239370086, "corr": 0.9345017707624153}, "unit": "N/m^2"}