{"ref": {"min": 0.00037126996903680265, "max": 1.07210373878479, "mean": 0.07875444878660409}, "ref_regrid": {"min": 0.00037126996903680265, "max": 1.07210373878479, "mean": 0.07875444878660409, "std": 0.06251118461115727}, "test": {"min": 0.00020730709366034716, "max": 1.183976173400879, "mean": 0.07993975864828579}, "test_regrid": {"min": 0.00020730709366034716, "max": 1.183976173400879, "mean": 0.07993975864828579, "std": 0.06396610150665565}, "diff": {"min": -0.11285825073719025, "max": 0.18668842315673828, "mean": 0.0011853098615866406}, "misc": {"rmse": 0.015564746597607428, "corr": 0.9701470794963882}, "unit": "N/m^2"}