{"ref": {"min": 0.00028962205396965146, "max": 0.7468222975730896, "mean": 0.07491912052165413}, "ref_regrid": {"min": 0.00028962205396965146, "max": 0.7468222975730896, "mean": 0.07491912052165413, "std": 0.05986121041206793}, "test": {"min": 0.00037551112473011017, "max": 0.8406019806861877, "mean": 0.07673896783101711}, "test_regrid": {"min": 0.00037551112473011017, "max": 0.8406019806861877, "mean": 0.07673896783101711, "std": 0.06628357988066662}, "diff": {"min": -0.12882450222969055, "max": 0.11888450384140015, "mean": 0.0018198473104231712}, "misc": {"rmse": 0.01801734169601388, "corr": 0.9647077915965526}, "unit": "N/m^2"}