{"ref": {"min": 1.5025800466537476, "max": 148.84645080566406, "mean": 52.58291927325745}, "ref_regrid": {"min": 1.5025800466537476, "max": 148.84645080566406, "mean": 52.58291927325745, "std": 24.021539207678227}, "test": {"min": 1.224402666091919, "max": 149.51148986816406, "mean": 53.46080911293716}, "test_regrid": {"min": 1.224402666091919, "max": 149.51148986816406, "mean": 53.46080911293716, "std": 25.072381444172926}, "diff": {"min": -17.384376525878906, "max": 24.932373046875, "mean": 0.8778898396797058}, "misc": {"rmse": 4.245860234113395, "corr": 0.9865905854890079}, "unit": "g/m^2"}