{"ref": {"min": 1.0194544792175293, "max": 169.66201782226562, "mean": 52.09919352624443}, "ref_regrid": {"min": 1.0194544792175293, "max": 169.66201782226562, "mean": 52.09919352624443, "std": 25.34582368439095}, "test": {"min": 0.117251455783844, "max": 169.2028045654297, "mean": 53.21797327368374}, "test_regrid": {"min": 0.117251455783844, "max": 169.2028045654297, "mean": 53.21797327368374, "std": 26.369811544909034}, "diff": {"min": -44.153526306152344, "max": 29.71996307373047, "mean": 1.1187797474431884}, "misc": {"rmse": 6.92296066670901, "corr": 0.9658665605288762}, "unit": "g/m^2"}