{"ref": {"min": 0.5503853559494019, "max": 206.1378936767578, "mean": 54.74684506061543}, "ref_regrid": {"min": 0.5503853559494019, "max": 206.1378936767578, "mean": 54.74684506061543, "std": 28.25951920059103}, "test": {"min": 0.39463016390800476, "max": 211.7982177734375, "mean": 54.93442056508831}, "test_regrid": {"min": 0.39463016390800476, "max": 211.7982177734375, "mean": 54.93442056508831, "std": 28.6400068273853}, "diff": {"min": -63.12730407714844, "max": 36.401283264160156, "mean": 0.18757550443972892}, "misc": {"rmse": 7.8970304217150264, "corr": 0.9615846560175431}, "unit": "g/m^2"}