{"ref": {"min": 0.4359077513217926, "max": 144.29910278320312, "mean": 52.23354754504541}, "ref_regrid": {"min": 0.4359077513217926, "max": 144.29910278320312, "mean": 52.23354754504541, "std": 26.297080833275643}, "test": {"min": 0.5308610796928406, "max": 146.12757873535156, "mean": 53.124376619046856}, "test_regrid": {"min": 0.5308610796928406, "max": 146.12757873535156, "mean": 53.124376619046856, "std": 26.972232728274374}, "diff": {"min": -33.36662292480469, "max": 36.9844970703125, "mean": 0.8908290741094863}, "misc": {"rmse": 7.048420249669604, "corr": 0.9658596942622256}, "unit": "g/m^2"}