{"ref": {"min": 0.017594238743185997, "max": 159.30284118652344, "mean": 52.30434947113082}, "ref_regrid": {"min": 0.017594238743185997, "max": 159.30284118652344, "mean": 52.30434947113082, "std": 26.892383814796958}, "test": {"min": 0.1831786334514618, "max": 160.5150146484375, "mean": 53.661678672525824}, "test_regrid": {"min": 0.1831786334514618, "max": 160.5150146484375, "mean": 53.661678672525824, "std": 28.49659146319891}, "diff": {"min": -47.168907165527344, "max": 46.55036926269531, "mean": 1.3573292013515073}, "misc": {"rmse": 7.64602445126938, "corr": 0.96473773117086}, "unit": "g/m^2"}