{"ref": {"min": 0.40546533465385437, "max": 54.41496658325195, "mean": 23.43047244528044}, "ref_regrid": {"min": 0.40546533465385437, "max": 54.41496658325195, "mean": 23.43047244528044, "std": 14.57425363955612}, "test": {"min": 0.41701915860176086, "max": 53.9925422668457, "mean": 23.53638650365701}, "test_regrid": {"min": 0.41701915860176086, "max": 53.9925422668457, "mean": 23.53638650365701, "std": 14.621440770544872}, "diff": {"min": -5.361101150512695, "max": 5.626861572265625, "mean": 0.10591405837656707}, "misc": {"rmse": 1.1765489967896097, "corr": 0.9967835638939144}, "unit": "kg/m2"}