{"ref": {"min": 0.176711767911911, "max": 57.003173828125, "mean": 24.335174641445413}, "ref_regrid": {"min": 0.176711767911911, "max": 57.003173828125, "mean": 24.335174641445413, "std": 14.14450348875729}, "test": {"min": 0.17265865206718445, "max": 57.886295318603516, "mean": 24.481221434130756}, "test_regrid": {"min": 0.17265865206718445, "max": 57.886295318603516, "mean": 24.481221434130756, "std": 14.332107491038608}, "diff": {"min": -5.812591552734375, "max": 5.276641845703125, "mean": 0.14604679268534299}, "misc": {"rmse": 1.1974440801602417, "corr": 0.9966028418808218}, "unit": "kg/m2"}