{"ref": {"min": 0.15062284469604492, "max": 59.61802673339844, "mean": 25.811737436985947}, "ref_regrid": {"min": 0.15062284469604492, "max": 59.61802673339844, "mean": 25.811737436985947, "std": 14.012243753285837}, "test": {"min": 0.12109775841236115, "max": 62.984310150146484, "mean": 25.93091971428871}, "test_regrid": {"min": 0.12109775841236115, "max": 62.984310150146484, "mean": 25.93091971428871, "std": 14.105009460244741}, "diff": {"min": -7.242622375488281, "max": 5.394834518432617, "mean": 0.11918227730276817}, "misc": {"rmse": 1.1175812991556564, "corr": 0.9968979951295559}, "unit": "kg/m2"}