{"ref": {"min": 0.1960633099079132, "max": 55.61174392700195, "mean": 24.172451737309}, "ref_regrid": {"min": 0.1960633099079132, "max": 55.61174392700195, "mean": 24.172451737309, "std": 14.240270534664697}, "test": {"min": 0.1833837479352951, "max": 54.505470275878906, "mean": 24.377368014714552}, "test_regrid": {"min": 0.1833837479352951, "max": 54.505470275878906, "mean": 24.377368014714552, "std": 14.352273217374812}, "diff": {"min": -4.949089050292969, "max": 6.435319900512695, "mean": 0.20491627740555365}, "misc": {"rmse": 1.1880990402367468, "corr": 0.9966800994833613}, "unit": "kg/m2"}