{"ref": {"min": 0.23221582174301147, "max": 55.20960998535156, "mean": 24.437459062408127}, "ref_regrid": {"min": 0.23221582174301147, "max": 55.20960998535156, "mean": 24.437459062408127, "std": 13.479194489094581}, "test": {"min": 0.2237531989812851, "max": 55.07304382324219, "mean": 24.581473920249817}, "test_regrid": {"min": 0.2237531989812851, "max": 55.07304382324219, "mean": 24.581473920249817, "std": 13.61627571104792}, "diff": {"min": -2.323453903198242, "max": 2.5760116577148438, "mean": 0.14401485784168744}, "misc": {"rmse": 0.6174332069813481, "corr": 0.9990691434003918}, "unit": "kg/m2"}