{"ref": {"min": -40.11042785644531, "max": 32.3250732421875, "mean": 13.261163950946957}, "ref_regrid": {"min": -40.11042785644531, "max": 32.3250732421875, "mean": 13.261163950946957, "std": 14.972832038037863}, "test": {"min": -39.055267333984375, "max": 32.790985107421875, "mean": 13.1016499009428}, "test_regrid": {"min": -39.055267333984375, "max": 32.790985107421875, "mean": 13.1016499009428, "std": 15.29234128293874}, "diff": {"min": -7.8739166259765625, "max": 7.02789306640625, "mean": -0.15951405000415528}, "misc": {"rmse": 1.0864279869663083, "corr": 0.9977010159839077}, "unit": "DegC"}