{"ref": {"min": -57.42225646972656, "max": 30.95867919921875, "mean": 14.851016559794337}, "ref_regrid": {"min": -57.42225646972656, "max": 30.95867919921875, "mean": 14.851016559794337, "std": 13.995688932124683}, "test": {"min": -58.12457275390625, "max": 31.037261962890625, "mean": 14.854049330077453}, "test_regrid": {"min": -58.12457275390625, "max": 31.037261962890625, "mean": 14.854049330077453, "std": 13.89947649198225}, "diff": {"min": -3.4886627197265625, "max": 3.724151611328125, "mean": 0.003032770283117317}, "misc": {"rmse": 0.49522872465900225, "corr": 0.9993934559109997}, "unit": "DegC"}