{"ref": {"min": -57.42225646972656, "max": 30.95867919921875, "mean": 9.687385771518844}, "ref_regrid": {"min": -57.42225646972656, "max": 30.95867919921875, "mean": 9.687385771518844, "std": 18.969335087737516}, "test": {"min": -58.12457275390625, "max": 31.037261962890625, "mean": 9.676513819027596}, "test_regrid": {"min": -58.12457275390625, "max": 31.037261962890625, "mean": 9.676513819027596, "std": 18.774820912487474}, "diff": {"min": -3.4886627197265625, "max": 3.724151611328125, "mean": -0.010871952491245484}, "misc": {"rmse": 0.7791527827477884, "corr": 0.9992009945152369}, "unit": "DegC"}