{"ref": {"min": -66.19664001464844, "max": 39.3966064453125, "mean": 16.26415288975871}, "ref_regrid": {"min": -66.19664001464844, "max": 39.3966064453125, "mean": 16.26415288975871, "std": 14.326691596437502}, "test": {"min": -67.50396728515625, "max": 40.06591796875, "mean": 16.236872464786742}, "test_regrid": {"min": -67.50396728515625, "max": 40.06591796875, "mean": 16.236872464786742, "std": 14.459179335080163}, "diff": {"min": -3.8256378173828125, "max": 5.2045135498046875, "mean": -0.027280424971961367}, "misc": {"rmse": 0.6149193225259322, "corr": 0.9991314884451895}, "unit": "DegC"}