{"ref": {"min": -40.11042785644531, "max": 32.3250732421875, "mean": 4.5829364393893455}, "ref_regrid": {"min": -40.11042785644531, "max": 32.3250732421875, "mean": 4.5829364393893455, "std": 18.699519169158513}, "test": {"min": -39.055267333984375, "max": 32.790985107421875, "mean": 4.07794914641366}, "test_regrid": {"min": -39.055267333984375, "max": 32.790985107421875, "mean": 4.07794914641366, "std": 19.132430738282903}, "diff": {"min": -7.8739166259765625, "max": 4.8026275634765625, "mean": -0.5049872929756861}, "misc": {"rmse": 1.8183387248945089, "corr": 0.9959974939571112}, "unit": "DegC"}