{"ref": {"min": -56.30116271972656, "max": 30.1612548828125, "mean": 9.17961998712613}, "ref_regrid": {"min": -56.30116271972656, "max": 30.1612548828125, "mean": 9.17961998712613, "std": 18.471508780965763}, "test": {"min": -56.48321533203125, "max": 29.758453369140625, "mean": 8.977994447562418}, "test_regrid": {"min": -56.48321533203125, "max": 29.758453369140625, "mean": 8.977994447562418, "std": 18.528126012485405}, "diff": {"min": -3.99383544921875, "max": 3.3712005615234375, "mean": -0.2016255395637101}, "misc": {"rmse": 0.811016169698666, "corr": 0.9991031375109213}, "unit": "DegC"}