{"ref": {"min": -56.30116271972656, "max": 30.1612548828125, "mean": 14.732210703903878}, "ref_regrid": {"min": -56.30116271972656, "max": 30.1612548828125, "mean": 14.732210703903878, "std": 13.878790125426685}, "test": {"min": -56.48321533203125, "max": 29.758453369140625, "mean": 14.659916938302107}, "test_regrid": {"min": -56.48321533203125, "max": 29.758453369140625, "mean": 14.659916938302107, "std": 13.954957508613418}, "diff": {"min": -3.99383544921875, "max": 3.3712005615234375, "mean": -0.07229376560177064}, "misc": {"rmse": 0.48979107249751946, "corr": 0.9994091549467318}, "unit": "DegC"}