{"ref": {"min": -62.54493713378906, "max": 33.133270263671875, "mean": 14.552509334329699}, "ref_regrid": {"min": -62.54493713378906, "max": 33.133270263671875, "mean": 14.552509334329699, "std": 14.774431364948187}, "test": {"min": -62.2935791015625, "max": 32.95758056640625, "mean": 14.447096182175073}, "test_regrid": {"min": -62.2935791015625, "max": 32.95758056640625, "mean": 14.447096182175073, "std": 14.897838525662413}, "diff": {"min": -5.72332763671875, "max": 5.1307525634765625, "mean": -0.10541315215462772}, "misc": {"rmse": 0.8112652155433979, "corr": 0.9985647673600158}, "unit": "DegC"}