{"ref": {"min": -66.19664001464844, "max": 39.3966064453125, "mean": 14.044142264142646}, "ref_regrid": {"min": -66.19664001464844, "max": 39.3966064453125, "mean": 14.044142264142646, "std": 20.31326880067169}, "test": {"min": -67.50396728515625, "max": 40.06591796875, "mean": 13.973663446509844}, "test_regrid": {"min": -67.50396728515625, "max": 40.06591796875, "mean": 13.973663446509844, "std": 20.53612427831259}, "diff": {"min": -3.825347900390625, "max": 5.2045135498046875, "mean": -0.07047881763280119}, "misc": {"rmse": 0.9625397410146457, "corr": 0.998955005001378}, "unit": "DegC"}