{"ref": {"min": -62.54493713378906, "max": 33.133270263671875, "mean": 8.404014966034254}, "ref_regrid": {"min": -62.54493713378906, "max": 33.133270263671875, "mean": 8.404014966034254, "std": 19.943929594462347}, "test": {"min": -62.2935791015625, "max": 32.95758056640625, "mean": 8.183851320924008}, "test_regrid": {"min": -62.2935791015625, "max": 32.95758056640625, "mean": 8.183851320924008, "std": 20.00596234850743}, "diff": {"min": -5.72332763671875, "max": 5.1307525634765625, "mean": -0.2201636451102461}, "misc": {"rmse": 1.2746445996852118, "corr": 0.9980295628506968}, "unit": "DegC"}