{"ref": {"min": -10.133700370788574, "max": 40.21233367919922, "mean": 15.792699737868823}, "ref_regrid": {"min": -10.133700370788574, "max": 40.21233367919922, "mean": 15.792699737868823, "std": 12.093548212744134}, "test": {"min": -10.36446762084961, "max": 39.134647369384766, "mean": 15.86707133583212}, "test_regrid": {"min": -10.36446762084961, "max": 39.134647369384766, "mean": 15.86707133583212, "std": 12.089279770320122}, "diff": {"min": -4.670153617858887, "max": 5.019416809082031, "mean": 0.074371597937959}, "misc": {"rmse": 1.284582966523953, "corr": 0.9943755871614938}, "unit": "m/s"}