{"ref": {"min": -14.760040283203125, "max": 67.47345733642578, "mean": 16.263326669678705}, "ref_regrid": {"min": -14.760040283203125, "max": 67.47345733642578, "mean": 16.263326669678705, "std": 14.33770557895679}, "test": {"min": -15.616935729980469, "max": 66.69837951660156, "mean": 15.999839638866408}, "test_regrid": {"min": -15.616935729980469, "max": 66.69837951660156, "mean": 15.999839638866408, "std": 14.487008732464659}, "diff": {"min": -11.039237976074219, "max": 8.813312530517578, "mean": -0.26348703074913243}, "misc": {"rmse": 2.9083936625889124, "corr": 0.9798588944428486}, "unit": "m/s"}