{"ref": {"min": -8.214612007141113, "max": 48.70752716064453, "mean": 17.20342721665771}, "ref_regrid": {"min": -8.214612007141113, "max": 48.70752716064453, "mean": 17.20342721665771, "std": 11.98024727533111}, "test": {"min": -8.419106483459473, "max": 52.77458572387695, "mean": 17.38200608305801}, "test_regrid": {"min": -8.419106483459473, "max": 52.77458572387695, "mean": 17.38200608305801, "std": 11.765548667703731}, "diff": {"min": -9.761253356933594, "max": 8.543203353881836, "mean": 0.17857886643987167}, "misc": {"rmse": 2.5679858099271695, "corr": 0.9768841012572536}, "unit": "m/s"}