{"ref": {"min": -12.189860343933105, "max": 43.114356994628906, "mean": 16.169764369990634}, "ref_regrid": {"min": -12.189860343933105, "max": 43.114356994628906, "mean": 16.169764369990634, "std": 12.986633958709188}, "test": {"min": -10.877344131469727, "max": 44.4383544921875, "mean": 16.444516416747636}, "test_regrid": {"min": -10.877344131469727, "max": 44.4383544921875, "mean": 16.444516416747636, "std": 12.869211731081283}, "diff": {"min": -8.348434448242188, "max": 7.832664489746094, "mean": 0.27475204689641536}, "misc": {"rmse": 2.1567824485000955, "corr": 0.9863504591111458}, "unit": "m/s"}