{"ref": {"min": -19.96223258972168, "max": 50.978397369384766, "mean": 13.534564045039783}, "ref_regrid": {"min": -19.96223258972168, "max": 50.978397369384766, "mean": 13.534564045039783, "std": 15.966322047115755}, "test": {"min": -20.14659309387207, "max": 50.85171127319336, "mean": 13.642319716194207}, "test_regrid": {"min": -20.14659309387207, "max": 50.85171127319336, "mean": 13.642319716194207, "std": 15.954620912481026}, "diff": {"min": -7.506024360656738, "max": 9.809371948242188, "mean": 0.1077556710836568}, "misc": {"rmse": 2.450372633910401, "corr": 0.9882376989105607}, "unit": "m/s"}