{"ref": {"min": -15.972155570983887, "max": 17.40938949584961, "mean": 1.0356868218137198}, "ref_regrid": {"min": -15.972155570983887, "max": 17.40938949584961, "mean": 1.0356868218137198, "std": 6.588078182051214}, "test": {"min": -16.63573455810547, "max": 18.65455436706543, "mean": 1.1318832125403366}, "test_regrid": {"min": -16.63573455810547, "max": 18.65455436706543, "mean": 1.1318832125403366, "std": 6.722933219875027}, "diff": {"min": -4.486140727996826, "max": 4.169943809509277, "mean": 0.09561633215458501}, "misc": {"rmse": 1.1748291924844834, "corr": 0.9847284641020605}, "unit": "m/s"}