{"ref": {"min": -14.30232048034668, "max": 16.47503089904785, "mean": 1.0223577036197404}, "ref_regrid": {"min": -14.30232048034668, "max": 16.47503089904785, "mean": 1.0223577036197404, "std": 6.530280926034677}, "test": {"min": -14.671586036682129, "max": 17.253406524658203, "mean": 1.0530341864623542}, "test_regrid": {"min": -14.671586036682129, "max": 17.253406524658203, "mean": 1.0530341864623542, "std": 6.732244868574292}, "diff": {"min": -2.6299777030944824, "max": 2.2060298919677734, "mean": 0.029866090734157153}, "misc": {"rmse": 0.6587019708438588, "corr": 0.9955389157554622}, "unit": "m/s"}