{"ref": {"min": -16.712087631225586, "max": 18.759632110595703, "mean": 1.1682240702739384}, "ref_regrid": {"min": -16.712087631225586, "max": 18.759632110595703, "mean": 1.1682240702739384, "std": 6.903784344824137}, "test": {"min": -17.114049911499023, "max": 18.398996353149414, "mean": 1.27846602125568}, "test_regrid": {"min": -17.114049911499023, "max": 18.398996353149414, "mean": 1.27846602125568, "std": 7.147509059738902}, "diff": {"min": -5.381026268005371, "max": 7.83799409866333, "mean": 0.10771571273504467}, "misc": {"rmse": 1.4343658473896526, "corr": 0.9798764804459236}, "unit": "m/s"}