{"ref": {"min": -13.40231990814209, "max": 18.3295841217041, "mean": 0.9502408419853532}, "ref_regrid": {"min": -13.40231990814209, "max": 18.3295841217041, "mean": 0.9502408419853532, "std": 7.155783642558754}, "test": {"min": -13.697653770446777, "max": 18.151870727539062, "mean": 0.8173023060094299}, "test_regrid": {"min": -13.697653770446777, "max": 18.151870727539062, "mean": 0.8173023060094299, "std": 7.327635903322554}, "diff": {"min": -4.941586971282959, "max": 6.449060440063477, "mean": -0.13264835430795138}, "misc": {"rmse": 1.4335431269919683, "corr": 0.9808541073290192}, "unit": "m/s"}