{"ref": {"min": -13.981017112731934, "max": 18.362960815429688, "mean": 0.9565455825213771}, "ref_regrid": {"min": -13.981017112731934, "max": 18.362960815429688, "mean": 0.9565455825213771, "std": 6.8946075223144465}, "test": {"min": -14.677258491516113, "max": 18.13831901550293, "mean": 1.0041735714030482}, "test_regrid": {"min": -14.677258491516113, "max": 18.13831901550293, "mean": 1.0041735714030482, "std": 6.990171088602852}, "diff": {"min": -4.069943428039551, "max": 3.280628204345703, "mean": 0.047333691664988485}, "misc": {"rmse": 1.0317159804451004, "corr": 0.9890751270193547}, "unit": "m/s"}