{"ref": {"min": 48.730831146240234, "max": 58.8431510925293, "mean": 56.53517898644312}, "ref_regrid": {"min": 48.730831146240234, "max": 58.8431510925293, "mean": 56.53517898644312, "std": 2.725827020921431}, "test": {"min": 48.36552429199219, "max": 58.834102630615234, "mean": 56.55066626515395}, "test_regrid": {"min": 48.36552429199219, "max": 58.834102630615234, "mean": 56.55066626515395, "std": 2.770594002663836}, "diff": {"min": -0.5740432739257812, "max": 0.3747711181640625, "mean": 0.015487278710820385}, "misc": {"rmse": 0.12391475786970185, "corr": 0.999131974909469}, "unit": "hectometer"}