{"ref": {"min": 48.55763244628906, "max": 58.8984489440918, "mean": 56.47664830795513}, "ref_regrid": {"min": 48.55763244628906, "max": 58.8984489440918, "mean": 56.47664830795513, "std": 2.762097988450705}, "test": {"min": 48.22034454345703, "max": 58.89426803588867, "mean": 56.49113095219269}, "test_regrid": {"min": 48.22034454345703, "max": 58.89426803588867, "mean": 56.49113095219269, "std": 2.797387701746873}, "diff": {"min": -0.7608604431152344, "max": 0.9285316467285156, "mean": 0.014482644237559562}, "misc": {"rmse": 0.18557384205060232, "corr": 0.9978656657949249}, "unit": "hectometer"}