{"ref": {"min": 49.61695098876953, "max": 58.84684371948242, "mean": 56.32885559488433}, "ref_regrid": {"min": 49.61695098876953, "max": 58.84684371948242, "mean": 56.32885559488433, "std": 2.794825028072158}, "test": {"min": 49.69397735595703, "max": 58.782142639160156, "mean": 56.333503085652595}, "test_regrid": {"min": 49.69397735595703, "max": 58.782142639160156, "mean": 56.333503085652595, "std": 2.8123780041867064}, "diff": {"min": -1.3181343078613281, "max": 0.9295806884765625, "mean": 0.004647490768270349}, "misc": {"rmse": 0.25902343214069307, "corr": 0.9957530186930581}, "unit": "hectometer"}