{"ref": {"min": 48.195743560791016, "max": 59.286766052246094, "mean": 56.8044135451499}, "ref_regrid": {"min": 48.195743560791016, "max": 59.286766052246094, "mean": 56.8044135451499, "std": 2.7962217220691077}, "test": {"min": 47.19846725463867, "max": 59.34001159667969, "mean": 56.822110333885746}, "test_regrid": {"min": 47.19846725463867, "max": 59.34001159667969, "mean": 56.822110333885746, "std": 2.9002888827409645}, "diff": {"min": -1.3264045715332031, "max": 0.9914932250976562, "mean": 0.017696788735854924}, "misc": {"rmse": 0.2529492257683099, "corr": 0.9967422235644492}, "unit": "hectometer"}