{"ref": {"min": 48.39291763305664, "max": 59.001434326171875, "mean": 56.53025404895842}, "ref_regrid": {"min": 48.39291763305664, "max": 59.001434326171875, "mean": 56.53025404895842, "std": 2.8624549241827886}, "test": {"min": 48.30482864379883, "max": 59.068214416503906, "mean": 56.555062293012796}, "test_regrid": {"min": 48.30482864379883, "max": 59.068214416503906, "mean": 56.555062293012796, "std": 2.8746939691896833}, "diff": {"min": -0.5842781066894531, "max": 0.657073974609375, "mean": 0.024808244054383848}, "misc": {"rmse": 0.1581935518418117, "corr": 0.9985258904758773}, "unit": "hectometer"}