{"ref": {"min": 0.02494145557284355, "max": 0.8417083024978638, "mean": 0.14355516252302142}, "ref_regrid": {"min": 0.02494145557284355, "max": 0.8417083024978638, "mean": 0.14355516252302142, "std": 0.17355649228286135}, "test": {"min": 0.0444633774459362, "max": 0.8399531841278076, "mean": 0.1436101107194761}, "test_regrid": {"min": 0.0444633774459362, "max": 0.8399531841278076, "mean": 0.1436101107194761, "std": 0.16790001664878954}, "diff": {"min": -0.3898833990097046, "max": 0.41432902216911316, "mean": 5.494819162627404e-05}, "misc": {"rmse": 0.04180084809876591, "corr": 0.9705678783745354}, "unit": "dimensionless"}