{"ref": {"min": 0.0, "max": 344.359619140625, "mean": 179.0099145071645}, "ref_regrid": {"min": 0.0, "max": 344.359619140625, "mean": 179.0099145071645, "std": 85.35630177015742}, "test": {"min": 0.0, "max": 357.90185546875, "mean": 174.5271495705673}, "test_regrid": {"min": 0.0, "max": 357.90185546875, "mean": 174.5271495705673, "std": 88.34146923881353}, "diff": {"min": -130.9146728515625, "max": 125.51022338867188, "mean": -4.48276493652891}, "misc": {"rmse": 24.929087677817524, "corr": 0.9607152762458014}, "unit": "W/m2"}