{"ref": {"min": 0.0, "max": 408.8792419433594, "mean": 254.40575039943877}, "ref_regrid": {"min": 0.0, "max": 408.8792419433594, "mean": 254.40575039943877, "std": 111.03448479054526}, "test": {"min": 0.0, "max": 407.9556579589844, "mean": 254.1075293769992}, "test_regrid": {"min": 0.0, "max": 407.9556579589844, "mean": 254.1075293769992, "std": 111.46711041981665}, "diff": {"min": -62.10630798339844, "max": 41.51915740966797, "mean": -0.29822102243957205}, "misc": {"rmse": 5.4394590781404775, "corr": 0.9988158534798954}, "unit": "W/m2"}