{"ref": {"min": 0.0, "max": 381.84027099609375, "mean": 193.01451775015042}, "ref_regrid": {"min": 0.0, "max": 381.84027099609375, "mean": 193.01451775015042, "std": 90.97668704208412}, "test": {"min": 0.0, "max": 393.6336975097656, "mean": 190.275047199672}, "test_regrid": {"min": 0.0, "max": 393.6336975097656, "mean": 190.275047199672, "std": 93.84342720911518}, "diff": {"min": -111.14944458007812, "max": 122.01545715332031, "mean": -2.73947055045315}, "misc": {"rmse": 17.891480841566306, "corr": 0.982173944520183}, "unit": "W/m2"}