{"ref": {"min": 7.584081649780273, "max": 181.4213409423828, "mean": 83.47615246684985}, "ref_regrid": {"min": 7.584081649780273, "max": 181.4213409423828, "mean": 83.47615246684985, "std": 18.045602149813696}, "test": {"min": 48.04016876220703, "max": 143.07086181640625, "mean": 79.39053189930664}, "test_regrid": {"min": 48.04016876220703, "max": 143.07086181640625, "mean": 79.39053189930664, "std": 13.329170415966727}, "diff": {"min": -63.106414794921875, "max": 70.27989196777344, "mean": -4.085620567429192}, "misc": {"rmse": 8.806906753692394, "corr": 0.9197103972423741}, "unit": "W/m2"}