{"ref": {"min": 59.031490325927734, "max": 455.8445739746094, "mean": 325.0967370944376}, "ref_regrid": {"min": 59.031490325927734, "max": 455.8445739746094, "mean": 325.0967370944376, "std": 76.61234425838929}, "test": {"min": 54.868858337402344, "max": 439.83966064453125, "mean": 327.84552238586645}, "test_regrid": {"min": 54.868858337402344, "max": 439.83966064453125, "mean": 327.84552238586645, "std": 74.7142959984781}, "diff": {"min": -83.027099609375, "max": 80.94438171386719, "mean": 2.7487852914288786}, "misc": {"rmse": 10.711857704379053, "corr": 0.990951710890551}, "unit": "W/m2"}