{"ref": {"min": -150.31887817382812, "max": 109.92677307128906, "mean": -18.7757933266221}, "ref_regrid": {"min": -150.31887817382812, "max": 109.92677307128906, "mean": -18.7757933266221, "std": 35.206312654591784}, "test": {"min": -141.0848846435547, "max": 64.89569091796875, "mean": -27.156497271373862}, "test_regrid": {"min": -141.0848846435547, "max": 64.89569091796875, "mean": -27.156497271373862, "std": 38.26690109114017}, "diff": {"min": -158.20632934570312, "max": 66.2933578491211, "mean": -8.380703944121848}, "misc": {"rmse": 17.86384218988615, "corr": 0.911109348435795}, "unit": "W/m2"}