{"ref": {"min": -5.4623870849609375, "max": 103.33282470703125, "mean": 30.933048319640715}, "ref_regrid": {"min": -5.4623870849609375, "max": 103.33282470703125, "mean": 30.933048319640715, "std": 15.498936799399944}, "test": {"min": 0.7563323974609375, "max": 73.6818618774414, "mean": 28.37062987059892}, "test_regrid": {"min": 0.7563323974609375, "max": 73.6818618774414, "mean": 28.37062987059892, "std": 18.287065907685935}, "diff": {"min": -81.8719482421875, "max": 65.16912078857422, "mean": -2.5624184490086406}, "misc": {"rmse": 9.065549062065877, "corr": 0.8803152280367896}, "unit": "W/m2"}