{"ref": {"min": 0.026467440649867058, "max": 0.9883816838264465, "mean": 0.16303172282080167}, "ref_regrid": {"min": 0.026467440649867058, "max": 0.9883816838264465, "mean": 0.16303172282080167, "std": 0.20762218432954804}, "test": {"min": 0.043046463280916214, "max": 0.9701937437057495, "mean": 0.16996451976425841}, "test_regrid": {"min": 0.043046463280916214, "max": 0.9701937437057495, "mean": 0.16996451976425841, "std": 0.21398539306723194}, "diff": {"min": -0.5461369752883911, "max": 0.7291029691696167, "mean": 0.0065124055305448205}, "misc": {"rmse": 0.06959197395700682, "corr": 0.9461810117676681}, "unit": "dimensionless"}