{"ref": {"min": -12.843110084533691, "max": 177.32818603515625, "mean": 52.94777537800936}, "ref_regrid": {"min": -12.843110084533691, "max": 177.32818603515625, "mean": 52.94777537800936, "std": 21.683685096624938}, "test": {"min": 2.482710599899292, "max": 153.9519805908203, "mean": 52.84886866554516}, "test_regrid": {"min": 2.482710599899292, "max": 153.9519805908203, "mean": 52.84886866554516, "std": 22.915837444922122}, "diff": {"min": -51.11446762084961, "max": 99.98954772949219, "mean": -0.09890671263274133}, "misc": {"rmse": 13.752376359614283, "corr": 0.8112296760955842}, "unit": "W/m2"}