{"ref": {"min": 0.023220550268888474, "max": 0.9929010272026062, "mean": 0.13889567351530707}, "ref_regrid": {"min": 0.023220550268888474, "max": 0.9929010272026062, "mean": 0.13889567351530707, "std": 0.17939879157193436}, "test": {"min": 0.04403478279709816, "max": 0.9605503678321838, "mean": 0.14487829650413925}, "test_regrid": {"min": 0.04403478279709816, "max": 0.9605503678321838, "mean": 0.14487829650413925, "std": 0.18276982487667243}, "diff": {"min": -0.4262102246284485, "max": 0.5848631858825684, "mean": 0.005276179091292304}, "misc": {"rmse": 0.045101527977269885, "corr": 0.9692465445023938}, "unit": "dimensionless"}