{"ref": {"min": 19.42268180847168, "max": 270.012451171875, "mean": 163.8898399028433}, "ref_regrid": {"min": 19.42268180847168, "max": 270.012451171875, "mean": 163.8898399028433, "std": 61.838260976047124}, "test": {"min": 16.9984188079834, "max": 271.7208251953125, "mean": 160.75601126076273}, "test_regrid": {"min": 16.9984188079834, "max": 271.7208251953125, "mean": 160.75601126076273, "std": 63.273314537553325}, "diff": {"min": -75.73179626464844, "max": 89.90432739257812, "mean": -3.133828642064904}, "misc": {"rmse": 13.826352476594469, "corr": 0.9770890658611335}, "unit": "W/m2"}