{"ref": {"min": -0.8490066528320312, "max": 113.42756652832031, "mean": 28.724321016886307}, "ref_regrid": {"min": -0.8490066528320312, "max": 113.42756652832031, "mean": 28.724321016886307, "std": 15.00442856797743}, "test": {"min": 0.26120758056640625, "max": 73.77264404296875, "mean": 25.601031353804853}, "test_regrid": {"min": 0.26120758056640625, "max": 73.77264404296875, "mean": 25.601031353804853, "std": 18.232970562046532}, "diff": {"min": -111.34215545654297, "max": 40.713138580322266, "mean": -3.123289663081452}, "misc": {"rmse": 10.987288822338867, "corr": 0.816244206238837}, "unit": "W/m2"}