{"ref": {"min": -132.814453125, "max": 101.73153686523438, "mean": -23.94691005950671}, "ref_regrid": {"min": -132.814453125, "max": 101.73153686523438, "mean": -23.94691005950671, "std": 38.6035761479847}, "test": {"min": -136.4491424560547, "max": 70.10869598388672, "mean": -28.904991103655608}, "test_regrid": {"min": -136.4491424560547, "max": 70.10869598388672, "mean": -28.904991103655608, "std": 39.66494041862172}, "diff": {"min": -138.0756378173828, "max": 92.42678833007812, "mean": -4.958081043921396}, "misc": {"rmse": 15.18910738743297, "corr": 0.9330594379541449}, "unit": "W/m2"}