{"ref": {"min": 0.0, "max": 381.16998291015625, "mean": 232.72853784152548}, "ref_regrid": {"min": 0.0, "max": 381.16998291015625, "mean": 232.72853784152548, "std": 99.00768613830571}, "test": {"min": 0.0, "max": 389.83642578125, "mean": 233.55103610518046}, "test_regrid": {"min": 0.0, "max": 389.83642578125, "mean": 233.55103610518046, "std": 100.86806791291852}, "diff": {"min": -77.58146667480469, "max": 50.62425231933594, "mean": 0.8224982636549901}, "misc": {"rmse": 6.857119206087452, "corr": 0.9978530195452914}, "unit": "W/m2"}