{"ref": {"min": 4.049690246582031, "max": 105.42764282226562, "mean": 30.0677851648512}, "ref_regrid": {"min": 4.049690246582031, "max": 105.42764282226562, "mean": 30.0677851648512, "std": 14.711181984314889}, "test": {"min": 0.9720458984375, "max": 66.33810424804688, "mean": 27.162946821277263}, "test_regrid": {"min": 0.9720458984375, "max": 66.33810424804688, "mean": 27.162946821277263, "std": 17.431896517935552}, "diff": {"min": -102.36800384521484, "max": 30.070877075195312, "mean": -2.904838343573943}, "misc": {"rmse": 8.663823861749337, "corr": 0.8845332402056936}, "unit": "W/m2"}