{"ref": {"min": -113.65852355957031, "max": 78.20143127441406, "mean": -20.167303905706905}, "ref_regrid": {"min": -113.65852355957031, "max": 78.20143127441406, "mean": -20.167303905706905, "std": 20.46343916949241}, "test": {"min": -90.42639923095703, "max": 42.96326446533203, "mean": -26.854661733810854}, "test_regrid": {"min": -90.42639923095703, "max": 42.96326446533203, "mean": -26.854661733810854, "std": 21.072457680813315}, "diff": {"min": -82.63272857666016, "max": 48.482330322265625, "mean": -6.687357828241113}, "misc": {"rmse": 11.941057315910522, "corr": 0.8869505906041559}, "unit": "W/m2"}