{"ref": {"min": -190.00628662109375, "max": 36.069541931152344, "mean": -54.879958363993616}, "ref_regrid": {"min": -190.00628662109375, "max": 36.069541931152344, "mean": -54.879958363993616, "std": 41.88987409140431}, "test": {"min": -198.52590942382812, "max": 4.172418266534805e-05, "mean": -57.275620970655424}, "test_regrid": {"min": -198.52590942382812, "max": 4.172418266534805e-05, "mean": -57.275620970655424, "std": 42.015965692466146}, "diff": {"min": -127.06187438964844, "max": 108.8056640625, "mean": -2.3956626065806033}, "misc": {"rmse": 15.92266872057645, "corr": 0.9296107519344786}, "unit": "W/m2"}