{"ref": {"min": 73.77346801757812, "max": 469.1958923339844, "mean": 354.52426282746757}, "ref_regrid": {"min": 73.77346801757812, "max": 469.1958923339844, "mean": 354.52426282746757, "std": 64.93561714315982}, "test": {"min": 58.014007568359375, "max": 443.0908203125, "mean": 352.2948780529485}, "test_regrid": {"min": 58.014007568359375, "max": 443.0908203125, "mean": 352.2948780529485, "std": 64.08351737408218}, "diff": {"min": -106.45950317382812, "max": 56.98323059082031, "mean": -2.2293847745190734}, "misc": {"rmse": 12.226113220244196, "corr": 0.9827239665354657}, "unit": "W/m2"}