{"ref": {"min": 109.18379211425781, "max": 452.65185546875, "mean": 336.3542692232132}, "ref_regrid": {"min": 109.18379211425781, "max": 452.65185546875, "mean": 336.3542692232132, "std": 76.50265004132363}, "test": {"min": 92.99323272705078, "max": 434.48974609375, "mean": 338.4664829212653}, "test_regrid": {"min": 92.99323272705078, "max": 434.48974609375, "mean": 338.4664829212653, "std": 69.31517775895401}, "diff": {"min": -69.04876708984375, "max": 74.71510314941406, "mean": 2.1122136980520754}, "misc": {"rmse": 15.42883946048057, "corr": 0.9828460378530401}, "unit": "W/m2"}