{"ref": {"min": 55.70066452026367, "max": 300.19561767578125, "mean": 187.21566290688534}, "ref_regrid": {"min": 55.70066452026367, "max": 300.19561767578125, "mean": 187.21566290688534, "std": 55.394205431836816}, "test": {"min": 44.84647750854492, "max": 301.18048095703125, "mean": 183.55424965069832}, "test_regrid": {"min": 44.84647750854492, "max": 301.18048095703125, "mean": 183.55424965069832, "std": 59.09709882340072}, "diff": {"min": -68.87040710449219, "max": 98.61444091796875, "mean": -3.6614132561870236}, "misc": {"rmse": 15.83917130875784, "corr": 0.965823640025563}, "unit": "W/m2"}