{"ref": {"min": 71.32167053222656, "max": 421.5999755859375, "mean": 314.4664065606889}, "ref_regrid": {"min": 71.32167053222656, "max": 421.5999755859375, "mean": 314.4664065606889, "std": 77.70944407088317}, "test": {"min": 63.94706726074219, "max": 420.458984375, "mean": 318.15149432767095}, "test_regrid": {"min": 63.94706726074219, "max": 420.458984375, "mean": 318.15149432767095, "std": 75.09599821615402}, "diff": {"min": -74.03115844726562, "max": 82.0982666015625, "mean": 3.6850877669820106}, "misc": {"rmse": 10.191472279725025, "corr": 0.9928494789595302}, "unit": "W/m2"}