{"ref": {"min": -130.07159423828125, "max": 45.73933410644531, "mean": -50.23508908775057}, "ref_regrid": {"min": -130.07159423828125, "max": 45.73933410644531, "mean": -50.23508908775057, "std": 22.305253478659747}, "test": {"min": -123.04753112792969, "max": -0.8277702331542969, "mean": -54.01760855752331}, "test_regrid": {"min": -123.04753112792969, "max": -0.8277702331542969, "mean": -54.01760855752331, "std": 23.379295084107397}, "diff": {"min": -63.7379150390625, "max": 89.30267333984375, "mean": -3.7825194698188023}, "misc": {"rmse": 13.920892614617916, "corr": 0.8290156330755061}, "unit": "W/m2"}