{"ref": {"min": 0.0, "max": 320.4144287109375, "mean": 167.64418757732864}, "ref_regrid": {"min": 0.0, "max": 320.4144287109375, "mean": 167.64418757732864, "std": 86.52530175484227}, "test": {"min": 0.0, "max": 349.4738464355469, "mean": 165.3430765097378}, "test_regrid": {"min": 0.0, "max": 349.4738464355469, "mean": 165.3430765097378, "std": 89.45890579685955}, "diff": {"min": -107.61470794677734, "max": 129.04949951171875, "mean": -2.3011110678589874}, "misc": {"rmse": 16.997982800872713, "corr": 0.9822342395984905}, "unit": "W/m2"}