{"ref": {"min": -168.32778930664062, "max": 76.6603012084961, "mean": -47.50011435992476}, "ref_regrid": {"min": -168.32778930664062, "max": 76.6603012084961, "mean": -47.50011435992476, "std": 33.22544473619027}, "test": {"min": -188.76028442382812, "max": 9.505209163762629e-06, "mean": -52.75752862735704}, "test_regrid": {"min": -188.76028442382812, "max": 9.505209163762629e-06, "mean": -52.75752862735704, "std": 37.60188224372724}, "diff": {"min": -157.17233276367188, "max": 116.139404296875, "mean": -5.257414267590001}, "misc": {"rmse": 21.73023319166685, "corr": 0.8297462353118643}, "unit": "W/m2"}