{"ref": {"min": 5.375345706939697, "max": 192.60784912109375, "mean": 84.22597231323418}, "ref_regrid": {"min": 5.375345706939697, "max": 192.60784912109375, "mean": 84.22597231323418, "std": 18.695101322364707}, "test": {"min": 46.61081314086914, "max": 166.5430450439453, "mean": 79.36457150363309}, "test_regrid": {"min": 46.61081314086914, "max": 166.5430450439453, "mean": 79.36457150363309, "std": 14.259086958889304}, "diff": {"min": -67.49736785888672, "max": 65.73539733886719, "mean": -4.861400809568394}, "misc": {"rmse": 9.885072865084773, "corr": 0.8979589066657722}, "unit": "W/m2"}