{"ref": {"min": 89.0452651977539, "max": 439.3148498535156, "mean": 345.2772343861836}, "ref_regrid": {"min": 89.0452651977539, "max": 439.3148498535156, "mean": 345.2772343861836, "std": 66.34358572897884}, "test": {"min": 70.9001235961914, "max": 430.53582763671875, "mean": 344.762394859264}, "test_regrid": {"min": 70.9001235961914, "max": 430.53582763671875, "mean": 344.762394859264, "std": 62.9666939604784}, "diff": {"min": -82.41677856445312, "max": 61.6695556640625, "mean": -0.5148395269196538}, "misc": {"rmse": 11.739113812762486, "corr": 0.9849024222985722}, "unit": "W/m2"}