{"ref": {"min": 28.687406539916992, "max": 297.16253662109375, "mean": 214.12492899039532}, "ref_regrid": {"min": 28.687406539916992, "max": 297.16253662109375, "mean": 214.12492899039532, "std": 64.1559848892954}, "test": {"min": 26.102462768554688, "max": 288.09002685546875, "mean": 214.77361981824046}, "test_regrid": {"min": 26.102462768554688, "max": 288.09002685546875, "mean": 214.77361981824046, "std": 65.05018077260429}, "diff": {"min": -112.05310821533203, "max": 64.45716857910156, "mean": 0.6486908278931326}, "misc": {"rmse": 8.387497668817359, "corr": 0.9917177336797848}, "unit": "W/m2"}