{"ref": {"min": -28.418235778808594, "max": 162.89727783203125, "mean": 53.29292398949085}, "ref_regrid": {"min": -28.418235778808594, "max": 162.89727783203125, "mean": 53.29292398949085, "std": 18.077910015668266}, "test": {"min": 8.042327880859375, "max": 161.51133728027344, "mean": 50.993941632108935}, "test_regrid": {"min": 8.042327880859375, "max": 161.51133728027344, "mean": 50.993941632108935, "std": 19.39389846503933}, "diff": {"min": -88.55824279785156, "max": 69.13761138916016, "mean": -2.298982357746325}, "misc": {"rmse": 10.578947747381685, "corr": 0.8504040994809229}, "unit": "W/m2"}