{"ref": {"min": 0.0, "max": 327.73724365234375, "mean": 206.4702512641354}, "ref_regrid": {"min": 0.0, "max": 327.73724365234375, "mean": 206.4702512641354, "std": 91.57430806949155}, "test": {"min": 0.0, "max": 327.9116516113281, "mean": 207.97181882682864}, "test_regrid": {"min": 0.0, "max": 327.9116516113281, "mean": 207.97181882682864, "std": 93.39530120277708}, "diff": {"min": -107.39375305175781, "max": 169.6373748779297, "mean": 1.5015675627065137}, "misc": {"rmse": 10.083456971991945, "corr": 0.9943815179051109}, "unit": "W/m2"}