{"ref": {"min": -22.5223388671875, "max": 151.275634765625, "mean": 53.4083673007426}, "ref_regrid": {"min": -22.5223388671875, "max": 151.275634765625, "mean": 53.4083673007426, "std": 17.599736088210545}, "test": {"min": 13.38487434387207, "max": 137.30117797851562, "mean": 52.22758507625927}, "test_regrid": {"min": 13.38487434387207, "max": 137.30117797851562, "mean": 52.22758507625927, "std": 18.43876998739778}, "diff": {"min": -49.35980987548828, "max": 78.70712280273438, "mean": -1.1807822244570085}, "misc": {"rmse": 10.216670083433502, "corr": 0.842408918895272}, "unit": "W/m2"}