{"ref": {"min": 118.32433319091797, "max": 324.79376220703125, "mean": 243.86354095652644}, "ref_regrid": {"min": 118.32433319091797, "max": 324.79376220703125, "mean": 243.86354095652644, "std": 48.19010926881536}, "test": {"min": 117.96453094482422, "max": 326.01422119140625, "mean": 244.3108338782254}, "test_regrid": {"min": 117.96453094482422, "max": 326.01422119140625, "mean": 244.3108338782254, "std": 50.04358915404043}, "diff": {"min": -68.83174133300781, "max": 45.32798767089844, "mean": 0.4472929216989357}, "misc": {"rmse": 5.28409614557103, "corr": 0.9949647219694208}, "unit": "W/m2"}