{"ref": {"min": 91.14934539794922, "max": 421.8640441894531, "mean": 304.9059493791715}, "ref_regrid": {"min": 91.14934539794922, "max": 421.8640441894531, "mean": 304.9059493791715, "std": 86.50484452026569}, "test": {"min": 87.03168487548828, "max": 421.7921447753906, "mean": 311.26959721303785}, "test_regrid": {"min": 87.03168487548828, "max": 421.7921447753906, "mean": 311.26959721303785, "std": 81.19992895741363}, "diff": {"min": -68.996337890625, "max": 83.70791625976562, "mean": 6.3636478338662785}, "misc": {"rmse": 13.142494859770295, "corr": 0.992590813519289}, "unit": "W/m2"}