{"ref": {"min": 0.0, "max": 311.92279052734375, "mean": 158.97013690380845}, "ref_regrid": {"min": 0.0, "max": 311.92279052734375, "mean": 158.97013690380845, "std": 76.89199836770263}, "test": {"min": 0.0, "max": 314.5813903808594, "mean": 155.21429020049663}, "test_regrid": {"min": 0.0, "max": 314.5813903808594, "mean": 155.21429020049663, "std": 79.73385004401175}, "diff": {"min": -112.6948471069336, "max": 116.99685668945312, "mean": -3.75584670334809}, "misc": {"rmse": 20.827948920931682, "corr": 0.9664305983636503}, "unit": "W/m2"}