{"ref": {"min": 10.670748710632324, "max": 199.5137939453125, "mean": 81.67209639497953}, "ref_regrid": {"min": 10.670748710632324, "max": 199.5137939453125, "mean": 81.67209639497953, "std": 21.849426517114743}, "test": {"min": 30.90133285522461, "max": 156.94210815429688, "mean": 78.44990001954785}, "test_regrid": {"min": 30.90133285522461, "max": 156.94210815429688, "mean": 78.44990001954785, "std": 18.133772054919824}, "diff": {"min": -85.41468811035156, "max": 79.90005493164062, "mean": -3.2221963754555505}, "misc": {"rmse": 10.278745984592351, "corr": 0.8971966091392769}, "unit": "W/m2"}