{"ref": {"min": 0.0, "max": 354.7254638671875, "mean": 222.52414594055395}, "ref_regrid": {"min": 0.0, "max": 354.7254638671875, "mean": 222.52414594055395, "std": 109.79161786492752}, "test": {"min": 0.0, "max": 355.6017150878906, "mean": 222.61869747937692}, "test_regrid": {"min": 0.0, "max": 355.6017150878906, "mean": 222.61869747937692, "std": 110.97845011204}, "diff": {"min": -175.99972534179688, "max": 163.66629028320312, "mean": 0.09455153903332288}, "misc": {"rmse": 11.634737794909453, "corr": 0.9945032799879082}, "unit": "W/m2"}