{"ref": {"min": 232.86622619628906, "max": 305.33013916015625, "mean": 282.6089735126608}, "ref_regrid": {"min": 233.0564422607422, "max": 305.087646484375, "mean": 282.6088857838136, "std": 11.287809367089402}, "test": {"min": 233.07373046875, "max": 303.50189208984375, "mean": 282.067786234126}, "test_regrid": {"min": 233.07373046875, "max": 303.50189208984375, "mean": 282.067786234126, "std": 10.17470734895515}, "diff": {"min": -13.2706298828125, "max": 5.4637451171875, "mean": -1.139471341348628}, "misc": {"rmse": 1.793202903533252, "corr": 0.9909648364900937}, "unit": "K"}