{"ref": {"min": 0.49005019664764404, "max": 57.977352142333984, "mean": 23.315231692849068}, "ref_regrid": {"min": 0.49400684237480164, "max": 57.381282806396484, "mean": 23.315104575787117, "std": 15.456111577494784}, "test": {"min": 0.38687774538993835, "max": 58.36069869995117, "mean": 23.325234879358163}, "test_regrid": {"min": 0.38687774538993835, "max": 58.36069869995117, "mean": 23.325234879358163, "std": 14.738082178747295}, "diff": {"min": -15.306203842163086, "max": 11.459466934204102, "mean": 0.01013030357104488}, "misc": {"rmse": 2.7201539801406835, "corr": 0.9848907660023503}, "unit": "kg/m2"}