{"ref": {"min": -65.19233703613281, "max": 38.840087890625, "mean": 14.26730649935262}, "ref_regrid": {"min": -64.89958953857422, "max": 38.3472900390625, "mean": 13.057233234898662, "std": 19.335314516706053}, "test": {"min": -67.50636291503906, "max": 37.669830322265625, "mean": 14.12618806812706}, "test_regrid": {"min": -67.50636291503906, "max": 37.669830322265625, "mean": 14.12618806812706, "std": 20.583927424092266}, "diff": {"min": -19.137176513671875, "max": 27.558265686035156, "mean": 0.22487890558897525}, "misc": {"rmse": 2.9127339142962705, "corr": 0.9903110450371923}, "unit": "DegC"}