{"ref": {"min": 0.00015421291755046695, "max": 0.40804311633110046, "mean": 0.06987187135591731}, "ref_regrid": {"min": 4.7320510930148885e-05, "max": 0.28669440746307373, "mean": 0.06724253059888159, "std": 0.05091868124909052}, "test": {"min": 0.00036742084193974733, "max": 0.853203535079956, "mean": 0.0724641287800178}, "test_regrid": {"min": 0.00036742084193974733, "max": 0.853203535079956, "mean": 0.0724641287800178, "std": 0.058404461536433076}, "diff": {"min": -0.06833430379629135, "max": 0.7780371904373169, "mean": 0.003062651625627542}, "misc": {"rmse": 0.024865483588022787, "corr": 0.9073257147138669}, "unit": "N/m^2"}