{"ref": {"min": 48.471229553222656, "max": 59.25377655029297, "mean": 56.89058069599986}, "ref_regrid": {"min": 48.47453308105469, "max": 59.25330352783203, "mean": 56.89055928994979, "std": 2.6136003192400423}, "test": {"min": 47.50230026245117, "max": 59.291709899902344, "mean": 56.75861927920998}, "test_regrid": {"min": 47.50230026245117, "max": 59.291709899902344, "mean": 56.75861927920998, "std": 2.9261969899645695}, "diff": {"min": -1.9366111755371094, "max": 0.6019210815429688, "mean": -0.1319400107398161}, "misc": {"rmse": 0.4204498017434753, "corr": 0.9959692784520499}, "unit": "hectometer"}