{"ref": {"min": -22.85366439819336, "max": 54.17134094238281, "mean": 12.972417559182613}, "ref_regrid": {"min": -22.80337905883789, "max": 54.101436614990234, "mean": 12.972466149695544, "std": 16.052363347603045}, "test": {"min": -17.412887573242188, "max": 62.62779235839844, "mean": 15.67366503623181}, "test_regrid": {"min": -17.412887573242188, "max": 62.62779235839844, "mean": 15.67366503623181, "std": 16.19143808030899}, "diff": {"min": -10.516858100891113, "max": 17.655826568603516, "mean": 2.7011988864136884}, "misc": {"rmse": 5.339747846337782, "corr": 0.9592223821290217}, "unit": "m/s"}