{"ref": {"min": -9.470525741577148, "max": 260.3271789550781, "mean": 86.25514109282919}, "ref_regrid": {"min": -8.901834487915039, "max": 244.97821044921875, "mean": 86.25477433043994, "std": 53.52024410853067}, "test": {"min": -22.57526206970215, "max": 326.4154357910156, "mean": 91.58762276720454}, "test_regrid": {"min": -22.57526206970215, "max": 326.4154357910156, "mean": 91.58762276720454, "std": 59.88840660724552}, "diff": {"min": -118.37986755371094, "max": 160.09727478027344, "mean": 5.332848437451346}, "misc": {"rmse": 23.274324926810174, "corr": 0.9262611966089483}, "unit": "W/m2"}