{"ref": {"min": -57.41468811035156, "max": 220.76840209960938, "mean": 15.815660744496046}, "ref_regrid": {"min": -44.805992126464844, "max": 182.34129333496094, "mean": 15.815598783803873, "std": 22.512886617599932}, "test": {"min": -116.88508605957031, "max": 213.83062744140625, "mean": 14.315730631050084}, "test_regrid": {"min": -116.88508605957031, "max": 213.83062744140625, "mean": 14.315730631050084, "std": 24.215384413775944}, "diff": {"min": -141.9561767578125, "max": 119.31571197509766, "mean": -1.4998681517916574}, "misc": {"rmse": 12.33798905245338, "corr": 0.8651053319523013}, "unit": "W/m2"}