{"ref": {"min": 1.425753998773871e-05, "max": 0.5399631261825562, "mean": 0.07409564647574685}, "ref_regrid": {"min": 5.941029667155817e-05, "max": 0.321810245513916, "mean": 0.07134124629509007, "std": 0.04976080837841829}, "test": {"min": 0.0002477070374879986, "max": 0.8189523816108704, "mean": 0.07948674113572415}, "test_regrid": {"min": 0.0002477070374879986, "max": 0.8189523816108704, "mean": 0.07948674113572415, "std": 0.061049236127896714}, "diff": {"min": -0.2341950237751007, "max": 0.697338342666626, "mean": 0.0059672615555634466}, "misc": {"rmse": 0.0384590150730538, "corr": 0.7831049666836329}, "unit": "N/m^2"}