{"ref": {"min": 0.00016656778461765498, "max": 0.5952048301696777, "mean": 0.07790277289108936}, "ref_regrid": {"min": 1.7171958461403847e-05, "max": 0.3940773904323578, "mean": 0.07476349298788725, "std": 0.05845769475120197}, "test": {"min": 0.0004816750588361174, "max": 1.0450958013534546, "mean": 0.08531652700310804}, "test_regrid": {"min": 0.0004816750588361174, "max": 1.0450958013534546, "mean": 0.08531652700310804, "std": 0.06973311169975807}, "diff": {"min": -0.10390736907720566, "max": 0.9411611557006836, "mean": 0.00802262301427806}, "misc": {"rmse": 0.03565596348743167, "corr": 0.8677411488682165}, "unit": "N/m^2"}