{"ref": {"min": 49.25115203857422, "max": 58.766990661621094, "mean": 56.61842693606526}, "ref_regrid": {"min": 49.25281524658203, "max": 58.766014099121094, "mean": 56.618402774941586, "std": 2.574674808336969}, "test": {"min": 48.49365997314453, "max": 58.857635498046875, "mean": 56.474184116797076}, "test_regrid": {"min": 48.49365997314453, "max": 58.857635498046875, "mean": 56.474184116797076, "std": 2.7776761522979228}, "diff": {"min": -1.3723258972167969, "max": 0.45153045654296875, "mean": -0.1442186581445113}, "misc": {"rmse": 0.32746835510997, "corr": 0.9968379889142467}, "unit": "hectometer"}