{"ref": {"min": 241.71942138671875, "max": 297.71038818359375, "mean": 281.1252017605924}, "ref_regrid": {"min": 241.82861328125, "max": 297.6662292480469, "mean": 281.12509808629363, "std": 10.89100159175878}, "test": {"min": 244.38282775878906, "max": 296.4333190917969, "mean": 280.42613883418915}, "test_regrid": {"min": 244.38282775878906, "max": 296.4333190917969, "mean": 280.42613883418915, "std": 9.858026404679775}, "diff": {"min": -8.428421020507812, "max": 4.170806884765625, "mean": -1.2677253286291832}, "misc": {"rmse": 1.6991453115604636, "corr": 0.9936465601844616}, "unit": "K"}