{"ref": {"min": -251.63671875, "max": 244.5688018798828, "mean": -3.9676659186460967}, "ref_regrid": {"min": -247.13641357421875, "max": 239.64193725585938, "mean": -3.9676574267843012, "std": 74.00658601673125}, "test": {"min": -392.3397216796875, "max": 228.04922485351562, "mean": -7.059369652740198}, "test_regrid": {"min": -392.3397216796875, "max": 228.04922485351562, "mean": -7.059369652740198, "std": 78.2255281773746}, "diff": {"min": -167.3917999267578, "max": 199.9501953125, "mean": -3.0917122261313663}, "misc": {"rmse": 27.315845900886245, "corr": 0.9379191644294269}, "unit": "W/m2"}