{"ref": {"min": -429.8952331542969, "max": 252.25930786132812, "mean": 15.438445101787087}, "ref_regrid": {"min": -424.04681396484375, "max": 215.15927124023438, "mean": 15.438436634085946, "std": 88.950898771294}, "test": {"min": -684.64013671875, "max": 230.7329864501953, "mean": 11.204804737730369}, "test_regrid": {"min": -684.64013671875, "max": 230.7329864501953, "mean": 11.204804737730369, "std": 86.70836591645103}, "diff": {"min": -424.5970153808594, "max": 211.9016876220703, "mean": -4.233631896902532}, "misc": {"rmse": 27.763333045218197, "corr": 0.9515188189454067}, "unit": "W/m2"}