{"ref": {"min": 0.2660888731479645, "max": 56.645347595214844, "mean": 24.409939382931736}, "ref_regrid": {"min": 0.2680002450942993, "max": 56.14268493652344, "mean": 24.409816218079346, "std": 14.303471420093048}, "test": {"min": 0.20233449339866638, "max": 56.122108459472656, "mean": 24.422380504092633}, "test_regrid": {"min": 0.20233449339866638, "max": 56.122108459472656, "mean": 24.422380504092633, "std": 13.843210056112683}, "diff": {"min": -11.481415748596191, "max": 8.029487609863281, "mean": 0.012564286013289386}, "misc": {"rmse": 2.389895211011705, "corr": 0.9861125372363808}, "unit": "kg/m2"}