{"ref": {"min": -197.07411193847656, "max": 342.3916931152344, "mean": 0.00010063412613914308}, "ref_regrid": {"min": -174.00787353515625, "max": 263.8678894042969, "mean": 0.00010723551144864446, "std": 20.60086421121492}, "test": {"min": -230.66683959960938, "max": 121.61998748779297, "mean": -0.33693033343688966}, "test_regrid": {"min": -230.66683959960938, "max": 121.61998748779297, "mean": -0.33693033343688966, "std": 22.05926947748015}, "diff": {"min": -245.93728637695312, "max": 232.51148986816406, "mean": -0.33703756825473247}, "misc": {"rmse": 15.74503026468885, "corr": 0.7297053170443668}, "unit": "mbar/day"}