{"ref": {"min": 244.56361389160156, "max": 298.29266357421875, "mean": 279.8364805277974}, "ref_regrid": {"min": 245.07432556152344, "max": 298.23175048828125, "mean": 279.8363698271198, "std": 11.942685506477348}, "test": {"min": 243.7737579345703, "max": 297.3442077636719, "mean": 279.0918140411092}, "test_regrid": {"min": 243.7737579345703, "max": 297.3442077636719, "mean": 279.0918140411092, "std": 11.137293044396362}, "diff": {"min": -6.716217041015625, "max": 5.2330780029296875, "mean": -1.2175498472274067}, "misc": {"rmse": 1.9860651378992153, "corr": 0.991750594708634}, "unit": "K"}