{"ref": {"min": -15.143476486206055, "max": 17.791139602661133, "mean": 1.1393132184934915}, "ref_regrid": {"min": -13.75845718383789, "max": 17.746417999267578, "mean": 1.1393393356795662, "std": 5.813533507141484}, "test": {"min": -16.683597564697266, "max": 19.458303451538086, "mean": 1.7815518637571308}, "test_regrid": {"min": -16.683597564697266, "max": 19.458303451538086, "mean": 1.7815518637571308, "std": 6.920317538372494}, "diff": {"min": -10.792957305908203, "max": 9.70468807220459, "mean": 0.5507827336385059}, "misc": {"rmse": 2.3577069365823555, "corr": 0.9488147128510961}, "unit": "m/s"}