{"ref": {"min": 983.0319213867188, "max": 1036.415771484375, "mean": 1011.4425920168994}, "ref_regrid": {"min": 983.05419921875, "max": 1035.929931640625, "mean": 1011.4425599334952, "std": 8.710062516660384}, "test": {"min": 966.2369384765625, "max": 1037.9722900390625, "mean": 1011.3559261596445}, "test_regrid": {"min": 966.2369384765625, "max": 1037.9722900390625, "mean": 1011.3559261596445, "std": 11.991845255953269}, "diff": {"min": -19.26324462890625, "max": 12.8399658203125, "mean": -0.08663377385079048}, "misc": {"rmse": 4.43559925101299, "corr": 0.9574104301181792}, "unit": "mbar"}