{"ref": {"min": 12.174530029296875, "max": 139.9278564453125, "mean": 56.19206411823856}, "ref_regrid": {"min": 15.98759937286377, "max": 136.6787567138672, "mean": 56.19201144476958, "std": 18.107942942302465}, "test": {"min": 13.38487434387207, "max": 137.30117797851562, "mean": 52.22758507625927}, "test_regrid": {"min": 13.38487434387207, "max": 137.30117797851562, "mean": 52.22758507625927, "std": 18.43876998739778}, "diff": {"min": -45.82911682128906, "max": 60.17350769042969, "mean": -3.9644263684857894}, "misc": {"rmse": 9.533179256456947, "corr": 0.8876040173419177}, "unit": "W/m2"}