{"ref": {"min": 0.0, "max": 311.9971008300781, "mean": 156.7358367763447}, "ref_regrid": {"min": 0.0, "max": 308.5565185546875, "mean": 156.73537937103845, "std": 77.78249412332819}, "test": {"min": 0.0, "max": 314.5813903808594, "mean": 155.21429020049663}, "test_regrid": {"min": 0.0, "max": 314.5813903808594, "mean": 155.21429020049663, "std": 79.73385004401175}, "diff": {"min": -82.91997528076172, "max": 122.4429931640625, "mean": -1.521089170512245}, "misc": {"rmse": 19.22569783108902, "corr": 0.970693974291298}, "unit": "W/m2"}