{"ref": {"min": -426.6703796386719, "max": 1060.4520263671875, "mean": 2.6418425609055154}, "ref_regrid": {"min": -397.41094970703125, "max": 829.5503540039062, "mean": 2.641903210110376, "std": 46.26916003564069}, "test": {"min": -294.3868713378906, "max": 971.4591674804688, "mean": -0.18426452657633602}, "test_regrid": {"min": -294.3868713378906, "max": 971.4591674804688, "mean": -0.18426452657633602, "std": 37.8417690551673}, "diff": {"min": -465.44097900390625, "max": 603.46728515625, "mean": -0.2816820657544913}, "misc": {"rmse": 29.53716293745768, "corr": 0.6760503624895713}, "unit": "mbar/day"}