{"ref": {"min": -1.826024627965756e-16, "max": 32.34761047363281, "mean": 2.9249102065325676}, "ref_regrid": {"min": 5.898310701013543e-05, "max": 27.806842803955078, "mean": 2.924900525307654, "std": 2.282554499331145}, "test": {"min": 0.01058169361203909, "max": 16.336036682128906, "mean": 3.095989224910129}, "test_regrid": {"min": 0.01058169361203909, "max": 16.336036682128906, "mean": 3.095989224910129, "std": 2.2787912155085266}, "diff": {"min": -20.527101516723633, "max": 8.573858261108398, "mean": 0.17108869961974854}, "misc": {"rmse": 1.1686903771576973, "corr": 0.8715216136240789}, "unit": "mm/day"}