{"ref": {"min": 210.56573486328125, "max": 227.49403381347656, "mean": 219.21294732976338}, "ref_regrid": {"min": 210.56658935546875, "max": 227.48854064941406, "mean": 219.21294646985248, "std": 3.074610322953338}, "test": {"min": 204.77964782714844, "max": 226.9691162109375, "mean": 216.94849485605167}, "test_regrid": {"min": 204.77964782714844, "max": 226.9691162109375, "mean": 216.94849485605167, "std": 3.023667363364031}, "diff": {"min": -19.638900756835938, "max": 9.5950927734375, "mean": -2.2644516138007975}, "misc": {"rmse": 4.981459415921673, "corr": -0.05869909255396271}, "unit": "K"}