{"ref": {"min": 10.124542236328125, "max": 156.7044677734375, "mean": 55.713534642596755}, "ref_regrid": {"min": 11.156557083129883, "max": 156.24266052246094, "mean": 55.71347899936763, "std": 21.907358357189583}, "test": {"min": 2.482710599899292, "max": 153.9519805908203, "mean": 52.84886866554516}, "test_regrid": {"min": 2.482710599899292, "max": 153.9519805908203, "mean": 52.84886866554516, "std": 22.915837444922122}, "diff": {"min": -55.866371154785156, "max": 66.25920104980469, "mean": -2.864610333884426}, "misc": {"rmse": 11.536084717773829, "corr": 0.8766414878842805}, "unit": "W/m2"}