{"ref": {"min": -65.19233703613281, "max": 39.069854736328125, "mean": 16.115130554125777}, "ref_regrid": {"min": -64.89958953857422, "max": 38.3472900390625, "mean": 16.11501778738777, "std": 14.291443531119453}, "test": {"min": -67.50636291503906, "max": 37.669830322265625, "mean": 15.873084863377507}, "test_regrid": {"min": -67.50636291503906, "max": 37.669830322265625, "mean": 15.873084863377507, "std": 14.521715909623248}, "diff": {"min": -11.109397888183594, "max": 9.707099914550781, "mean": -0.24193292404339942}, "misc": {"rmse": 1.5382050103585845, "corr": 0.9945683768574556}, "unit": "DegC"}