{"ref": {"min": -225.2747039794922, "max": 207.93832397460938, "mean": 0.0020529596290019838}, "ref_regrid": {"min": -157.783447265625, "max": 164.9674530029297, "mean": 0.002055657424587797, "std": 12.978345602083305}, "test": {"min": -172.38687133789062, "max": 55.80830001831055, "mean": 0.18285655562120687}, "test_regrid": {"min": -172.38687133789062, "max": 55.80830001831055, "mean": 0.18285655562120687, "std": 17.103191067492826}, "diff": {"min": -218.65011596679688, "max": 123.11775970458984, "mean": 0.18080089731344443}, "misc": {"rmse": 11.20390027588159, "corr": 0.7556431241554188}, "unit": "mbar/day"}