{"ref": {"min": -1.146392822265625, "max": 151.3404083251953, "mean": 55.504583157415894}, "ref_regrid": {"min": 3.6461808681488037, "max": 140.23045349121094, "mean": 55.50452935694508, "std": 19.466179556813984}, "test": {"min": 8.042327880859375, "max": 161.51133728027344, "mean": 50.993941632108935}, "test_regrid": {"min": 8.042327880859375, "max": 161.51133728027344, "mean": 50.993941632108935, "std": 19.39389846503933}, "diff": {"min": -60.0307731628418, "max": 81.53047180175781, "mean": -4.510587725216331}, "misc": {"rmse": 11.192283382223485, "corr": 0.8610468836442499}, "unit": "W/m2"}