{"ref": {"min": 0.0, "max": 339.6768493652344, "mean": 168.5536658469242}, "ref_regrid": {"min": 0.0, "max": 338.7450256347656, "mean": 168.5531457327984, "std": 84.85087674738129}, "test": {"min": 0.0, "max": 349.4738464355469, "mean": 165.3430765097378}, "test_regrid": {"min": 0.0, "max": 349.4738464355469, "mean": 165.3430765097378, "std": 89.45890579685955}, "diff": {"min": -122.46742248535156, "max": 125.4544906616211, "mean": -3.210069223186419}, "misc": {"rmse": 19.311097249557985, "corr": 0.9775131731802297}, "unit": "W/m2"}