{"ref": {"min": -461.79364013671875, "max": 639.4943237304688, "mean": 2.168659806643166}, "ref_regrid": {"min": -425.7256774902344, "max": 584.5534057617188, "mean": 2.168706908488606, "std": 39.803766343350986}, "test": {"min": -273.99249267578125, "max": 715.655029296875, "mean": -0.1310135337524066}, "test_regrid": {"min": -273.99249267578125, "max": 715.655029296875, "mean": -0.1310135337524066, "std": 34.410520216362656}, "diff": {"min": -590.096435546875, "max": 686.196533203125, "mean": -0.34446766778401205}, "misc": {"rmse": 28.983692657121317, "corr": 0.6529341646850665}, "unit": "mbar/day"}