{"ref": {"min": -52.7252197265625, "max": 31.38385009765625, "mean": 14.411581183458836}, "ref_regrid": {"min": -52.592750549316406, "max": 31.06199836730957, "mean": 14.411451410455571, "std": 14.109377826115502}, "test": {"min": -56.983306884765625, "max": 31.071533203125, "mean": 14.330432341342481}, "test_regrid": {"min": -56.983306884765625, "max": 31.071533203125, "mean": 14.330432341342481, "std": 13.669724453278821}, "diff": {"min": -8.810815811157227, "max": 11.304471969604492, "mean": -0.08101906910783481}, "misc": {"rmse": 1.6475433071870922, "corr": 0.9934813024771086}, "unit": "DegC"}