{"ref": {"min": 979.0275268554688, "max": 1025.5029296875, "mean": 1011.17489531184}, "ref_regrid": {"min": 979.053955078125, "max": 1025.4915771484375, "mean": 1011.1748560944683, "std": 8.530953641206219}, "test": {"min": 968.6351318359375, "max": 1029.86669921875, "mean": 1011.0768191960492}, "test_regrid": {"min": 968.6351318359375, "max": 1029.86669921875, "mean": 1011.0768191960492, "std": 11.485162442947221}, "diff": {"min": -28.99005126953125, "max": 10.128173828125, "mean": -0.09803689841882653}, "misc": {"rmse": 4.44425841637228, "corr": 0.9437918919036348}, "unit": "mbar"}