{"ref": {"min": -52.7252197265625, "max": 31.38385009765625, "mean": 8.947686022276262}, "ref_regrid": {"min": -52.592750549316406, "max": 31.06199836730957, "mean": 8.188713988186453, "std": 17.637075254534633}, "test": {"min": -56.983306884765625, "max": 31.071533203125, "mean": 9.123684694106098}, "test_regrid": {"min": -56.983306884765625, "max": 31.071533203125, "mean": 9.123684694106098, "std": 18.166699292648786}, "diff": {"min": -14.009309768676758, "max": 24.975666046142578, "mean": 0.4400136127035447}, "misc": {"rmse": 2.7570973959141796, "corr": 0.9888383747634212}, "unit": "DegC"}