{"ref": {"min": -90.4295883178711, "max": 159.7346649169922, "mean": 0.002616407726217186}, "ref_regrid": {"min": -72.54376220703125, "max": 123.62338256835938, "mean": 0.0026224633770837156, "std": 12.645393477942434}, "test": {"min": -159.99778747558594, "max": 68.6224136352539, "mean": 0.17727942827613577}, "test_regrid": {"min": -159.99778747558594, "max": 68.6224136352539, "mean": 0.17727942827613577, "std": 16.58544752075649}, "diff": {"min": -158.049560546875, "max": 88.2857666015625, "mean": 0.17465696620059276}, "misc": {"rmse": 11.36740973269814, "corr": 0.7290236527300314}, "unit": "mbar/day"}