{"ref": {"min": -185.37940979003906, "max": 169.3651123046875, "mean": 6.905292620311803}, "ref_regrid": {"min": -183.11558532714844, "max": 162.22230529785156, "mean": 6.905225695625279, "std": 27.25447927708119}, "test": {"min": -310.98187255859375, "max": 159.8605499267578, "mean": 3.1237716527996153}, "test_regrid": {"min": -310.98187255859375, "max": 159.8605499267578, "mean": 3.1237716527996153, "std": 29.17604769477301}, "diff": {"min": -273.58453369140625, "max": 132.45770263671875, "mean": -3.7814540443246236}, "misc": {"rmse": 19.672771035403215, "corr": 0.7679600618164174}, "unit": "W/m2"}