{"ref": {"min": 210.23052978515625, "max": 223.5169219970703, "mean": 218.81848271012518}, "ref_regrid": {"min": 210.23812866210938, "max": 223.5105438232422, "mean": 218.81847469633877, "std": 2.0153829121966456}, "test": {"min": 203.65907287597656, "max": 225.7931671142578, "mean": 216.98160549070948}, "test_regrid": {"min": 203.65907287597656, "max": 225.7931671142578, "mean": 216.98160549070948, "std": 3.458457482891886}, "diff": {"min": -7.83367919921875, "max": 5.568359375, "mean": -1.8368692056292268}, "misc": {"rmse": 2.734305318313118, "corr": 0.8551047895397321}, "unit": "K"}