{"ref": {"min": -1.826024627965756e-16, "max": 42.008758544921875, "mean": 2.9880327419380954}, "ref_regrid": {"min": -1.826024760314654e-16, "max": 37.0845947265625, "mean": 2.988024095036747, "std": 2.803742490531775}, "test": {"min": 2.956644857476931e-05, "max": 29.732885360717773, "mean": 3.150081786429222}, "test_regrid": {"min": 2.956644857476931e-05, "max": 29.732885360717773, "mean": 3.150081786429222, "std": 3.2031506962917833}, "diff": {"min": -28.744266510009766, "max": 19.828445434570312, "mean": 0.16205769149713808}, "misc": {"rmse": 1.7559848868879007, "corr": 0.8386730436890968}, "unit": "mm/day"}