{"ref": {"min": -403.1805725097656, "max": 862.1821899414062, "mean": 2.549566242590432}, "ref_regrid": {"min": -392.6673583984375, "max": 697.805419921875, "mean": 2.5496245324477855, "std": 37.97647199213705}, "test": {"min": -244.02149963378906, "max": 650.9052124023438, "mean": -0.2021523465653557}, "test_regrid": {"min": -244.02149963378906, "max": 650.9052124023438, "mean": -0.2021523465653557, "std": 28.64469018221113}, "diff": {"min": -530.547607421875, "max": 643.4261474609375, "mean": -0.36967070188993195}, "misc": {"rmse": 23.676290093641988, "corr": 0.6667940417343217}, "unit": "mbar/day"}