{"ref": {"min": -299.07403564453125, "max": 388.1013488769531, "mean": 0.00018099328678955484}, "ref_regrid": {"min": -282.2275390625, "max": 331.00152587890625, "mean": 0.00018955930247210864, "std": 27.21806285649568}, "test": {"min": -356.8830261230469, "max": 302.85040283203125, "mean": -0.32052567048288144}, "test_regrid": {"min": -356.8830261230469, "max": 302.85040283203125, "mean": -0.32052567048288144, "std": 30.439790263360624}, "diff": {"min": -277.985595703125, "max": 334.20867919921875, "mean": -0.3207152317354662}, "misc": {"rmse": 22.61344761919534, "corr": 0.6977197965657802}, "unit": "mbar/day"}