{"ref": {"min": -42.74589538574219, "max": 33.22540283203125, "mean": 3.3960006193579777}, "ref_regrid": {"min": -41.54726791381836, "max": 33.110103607177734, "mean": 3.1078236151561036, "std": 18.896053476981393}, "test": {"min": -38.894317626953125, "max": 32.71942138671875, "mean": 4.576547965990376}, "test_regrid": {"min": -38.894317626953125, "max": 32.71942138671875, "mean": 4.576547965990376, "std": 18.316579130806126}, "diff": {"min": -19.400070190429688, "max": 24.302526473999023, "mean": 1.3409392972125622}, "misc": {"rmse": 3.9069863057915635, "corr": 0.9836817315316108}, "unit": "DegC"}