{"ref": {"min": -11.79416561126709, "max": 74.77255249023438, "mean": 16.98173079386549}, "ref_regrid": {"min": -11.7838134765625, "max": 74.47140502929688, "mean": 16.98175050545123, "std": 14.759694477979355}, "test": {"min": -11.79297161102295, "max": 61.71705627441406, "mean": 18.275671011172214}, "test_regrid": {"min": -11.79297161102295, "max": 61.71705627441406, "mean": 18.275671011172214, "std": 13.881300858106371}, "diff": {"min": -19.926536560058594, "max": 18.514270782470703, "mean": 1.2939205055029381}, "misc": {"rmse": 5.582325995679787, "corr": 0.9299198774793141}, "unit": "m/s"}