{"ref": {"min": 979.7782592773438, "max": 1022.3540649414062, "mean": 1011.3016853699954}, "ref_regrid": {"min": 979.7918701171875, "max": 1022.2969360351562, "mean": 1011.3016503302754, "std": 8.140737120703621}, "test": {"min": 973.203857421875, "max": 1026.0361328125, "mean": 1011.2178516764864}, "test_regrid": {"min": 973.203857421875, "max": 1026.0361328125, "mean": 1011.2178516764864, "std": 10.58174465760232}, "diff": {"min": -20.60406494140625, "max": 9.2506103515625, "mean": -0.0837986537888556}, "misc": {"rmse": 3.4052567033959926, "corr": 0.9673205015375128}, "unit": "mbar"}