{"ref": {"min": -46.20515823364258, "max": 164.53884887695312, "mean": 17.459549916383448}, "ref_regrid": {"min": -46.01664352416992, "max": 125.89525604248047, "mean": 17.45949550882367, "std": 16.867115838204935}, "test": {"min": -109.08405303955078, "max": 111.1372299194336, "mean": 15.88127334388929}, "test_regrid": {"min": -109.08405303955078, "max": 111.1372299194336, "mean": 15.88127334388929, "std": 18.609133409048578}, "diff": {"min": -109.91030883789062, "max": 77.95501708984375, "mean": -1.578222165846808}, "misc": {"rmse": 9.988314679060142, "corr": 0.8498784597483414}, "unit": "W/m2"}