{"ref": {"min": -3.9398586750030518, "max": 217.04861450195312, "mean": 83.17265777153226}, "ref_regrid": {"min": -3.1703591346740723, "max": 213.05320739746094, "mean": 83.17228242429992, "std": 50.22442891596466}, "test": {"min": -0.8005520701408386, "max": 304.8630676269531, "mean": 89.52338121046098}, "test_regrid": {"min": -0.8005520701408386, "max": 304.8630676269531, "mean": 89.52338121046098, "std": 53.24739118778663}, "diff": {"min": -83.945068359375, "max": 179.09286499023438, "mean": 6.35109878550468}, "misc": {"rmse": 16.592421046756815, "corr": 0.9577773609964161}, "unit": "W/m2"}