{"ref": {"min": -12.64686393737793, "max": 44.67717742919922, "mean": 15.687061226447687}, "ref_regrid": {"min": -12.632513999938965, "max": 44.62684631347656, "mean": 15.687093410884428, "std": 12.313268260671304}, "test": {"min": -8.078003883361816, "max": 44.526302337646484, "mean": 17.651147473781787}, "test_regrid": {"min": -8.078003883361816, "max": 44.526302337646484, "mean": 17.651147473781787, "std": 11.766184466685761}, "diff": {"min": -8.782779693603516, "max": 14.951042175292969, "mean": 1.964054063187462}, "misc": {"rmse": 4.429974379852618, "corr": 0.9466184288675606}, "unit": "m/s"}