{"ref": {"min": -1.826024627965756e-16, "max": 34.76763153076172, "mean": 2.8946960988651895}, "ref_regrid": {"min": -1.826024760314654e-16, "max": 27.262508392333984, "mean": 2.894685403685353, "std": 2.7239594681779526}, "test": {"min": 0.0006091607501730323, "max": 28.662425994873047, "mean": 3.088266968229615}, "test_regrid": {"min": 0.0006091607501730323, "max": 28.662425994873047, "mean": 3.088266968229615, "std": 2.9061579609534367}, "diff": {"min": -17.240922927856445, "max": 20.063278198242188, "mean": 0.19358156466940005}, "misc": {"rmse": 1.5813357633664054, "corr": 0.8465213516347739}, "unit": "mm/day"}