{"ref": {"min": -5.457054615020752, "max": 314.4604797363281, "mean": 81.79497683840569}, "ref_regrid": {"min": -4.196732521057129, "max": 312.7987976074219, "mean": 81.79458093770911, "std": 57.938741227720854}, "test": {"min": -4.337216377258301, "max": 439.252685546875, "mean": 88.82859948944913}, "test_regrid": {"min": -4.337216377258301, "max": 439.252685546875, "mean": 88.82859948944913, "std": 62.08562788713193}, "diff": {"min": -100.20757293701172, "max": 268.3706970214844, "mean": 7.034018552613741}, "misc": {"rmse": 20.906142880824216, "corr": 0.9485159953540768}, "unit": "W/m2"}