{"ref": {"min": -139.97767639160156, "max": 129.07275390625, "mean": 0.0022460364104234256}, "ref_regrid": {"min": -98.65258026123047, "max": 99.02642059326172, "mean": 0.002250606927058917, "std": 9.32975065423926}, "test": {"min": -109.19024658203125, "max": 40.229862213134766, "mean": 0.18352545521558858}, "test_regrid": {"min": -109.19024658203125, "max": 40.229862213134766, "mean": 0.18352545521558858, "std": 11.407408814786738}, "diff": {"min": -152.18093872070312, "max": 89.61553192138672, "mean": 0.18127484798688426}, "misc": {"rmse": 7.660713503742032, "corr": 0.7447247691262764}, "unit": "mbar/day"}