{"ref": {"min": 0.15373603999614716, "max": 66.10726928710938, "mean": 25.938945190329513}, "ref_regrid": {"min": 0.15456727147102356, "max": 65.31819915771484, "mean": 25.93883541344176, "std": 14.96736757655358}, "test": {"min": 0.10860220342874527, "max": 62.524147033691406, "mean": 26.04320653610191}, "test_regrid": {"min": 0.10860220342874527, "max": 62.524147033691406, "mean": 26.04320653610191, "std": 14.859991586210718}, "diff": {"min": -22.061328887939453, "max": 11.528919219970703, "mean": 0.10437112264109574}, "misc": {"rmse": 3.0419906706961566, "corr": 0.9792476088300422}, "unit": "kg/m2"}