{"ref": {"min": 50.30511474609375, "max": 58.81285095214844, "mean": 56.40278380669079}, "ref_regrid": {"min": 50.31304931640625, "max": 58.81209945678711, "mean": 56.402758207296124, "std": 2.6953325922741262}, "test": {"min": 49.238948822021484, "max": 58.82809829711914, "mean": 56.26290106960061}, "test_regrid": {"min": 49.238948822021484, "max": 58.82809829711914, "mean": 56.26290106960061, "std": 2.840307577127136}, "diff": {"min": -1.6970329284667969, "max": 1.2183837890625, "mean": -0.1398571376955076}, "misc": {"rmse": 0.4472197666976877, "corr": 0.9895874712148992}, "unit": "hectometer"}