{"ref": {"min": -357.2571105957031, "max": 612.2561645507812, "mean": -0.00045056958172695643}, "ref_regrid": {"min": -300.2036437988281, "max": 476.67877197265625, "mean": -0.00044760074005623074, "std": 27.098369313827504}, "test": {"min": -222.66429138183594, "max": 192.5150146484375, "mean": -0.3470914774973933}, "test_regrid": {"min": -222.66429138183594, "max": 192.5150146484375, "mean": -0.3470914774973933, "std": 31.036568382975876}, "diff": {"min": -404.3525390625, "max": 309.25634765625, "mean": -0.34664387805128627}, "misc": {"rmse": 21.568230181101043, "corr": 0.7327363915863178}, "unit": "mbar/day"}