{"ref": {"min": -42.74589538574219, "max": 33.22540283203125, "mean": 12.671153115172666}, "ref_regrid": {"min": -41.54726791381836, "max": 33.110103607177734, "mean": 12.671012663003388, "std": 15.88161038923739}, "test": {"min": -38.894317626953125, "max": 32.71942138671875, "mean": 12.886185224993367}, "test_regrid": {"min": -38.894317626953125, "max": 32.71942138671875, "mean": 12.886185224993367, "std": 14.617040690623048}, "diff": {"min": -11.234719276428223, "max": 15.152118682861328, "mean": 0.21517256199959894}, "misc": {"rmse": 2.371841097197169, "corr": 0.9914272451283395}, "unit": "DegC"}