{"ref": {"min": 16.30937957763672, "max": 265.6379089355469, "mean": 163.72956442750174}, "ref_regrid": {"min": 17.04643440246582, "max": 263.5521545410156, "mean": 163.72901502720458, "std": 58.92192553615474}, "test": {"min": 16.9984188079834, "max": 271.7208251953125, "mean": 160.75601126076273}, "test_regrid": {"min": 16.9984188079834, "max": 271.7208251953125, "mean": 160.75601126076273, "std": 63.273314537553325}, "diff": {"min": -65.41441345214844, "max": 105.08358764648438, "mean": -2.9730037664410807}, "misc": {"rmse": 14.81196976186787, "corr": 0.9743010229801504}, "unit": "W/m2"}