{"ref": {"min": -66.00035095214844, "max": 192.45350646972656, "mean": 18.734826954827003}, "ref_regrid": {"min": -64.19184112548828, "max": 164.74435424804688, "mean": 18.734783478736183, "std": 21.37913533688491}, "test": {"min": -105.16020202636719, "max": 152.3235626220703, "mean": 17.837168423866256}, "test_regrid": {"min": -105.16020202636719, "max": 152.3235626220703, "mean": 17.837168423866256, "std": 23.26681623564722}, "diff": {"min": -101.9500503540039, "max": 122.22845458984375, "mean": -0.8976150550169357}, "misc": {"rmse": 12.98300808740221, "corr": 0.8349604015231407}, "unit": "W/m2"}