{"ref": {"min": 199.09283447265625, "max": 231.14584350585938, "mean": 218.7714947837316}, "ref_regrid": {"min": 199.09686279296875, "max": 231.1430206298828, "mean": 218.77147997476632, "std": 4.954334438920823}, "test": {"min": 199.02426147460938, "max": 228.2450408935547, "mean": 216.81100041896437}, "test_regrid": {"min": 199.02426147460938, "max": 228.2450408935547, "mean": 216.81100041896437, "std": 5.0427920974857985}, "diff": {"min": -5.850616455078125, "max": 3.0838775634765625, "mean": -1.960479555801953}, "misc": {"rmse": 2.3318730337802527, "corr": 0.9682527337351969}, "unit": "K"}