{"ref": {"min": 0.10936439782381058, "max": 0.7230847477912903, "mean": 0.3177357922698985}, "ref_regrid": {"min": 0.10936439782381058, "max": 0.7230847477912903, "mean": 0.3177357922698985, "std": 0.14040982038450803}, "test": {"min": 0.10294914245605469, "max": 0.7220730781555176, "mean": 0.3143302102255859}, "test_regrid": {"min": 0.10294914245605469, "max": 0.7220730781555176, "mean": 0.3143302102255859, "std": 0.14137156979974394}, "diff": {"min": -0.0839950442314148, "max": 0.12433218955993652, "mean": -0.003405582044312627}, "misc": {"rmse": 0.01884654485122027, "corr": 0.9913685126282037}, "unit": "dimensionless"}