{"ref": {"min": 0.110933318734169, "max": 0.7248320579528809, "mean": 0.31044942929963737}, "ref_regrid": {"min": 0.110933318734169, "max": 0.7248320579528809, "mean": 0.31044942929963737, "std": 0.12396563853231732}, "test": {"min": 0.1073809340596199, "max": 0.7255076169967651, "mean": 0.30742080885354084}, "test_regrid": {"min": 0.1073809340596199, "max": 0.7255076169967651, "mean": 0.30742080885354084, "std": 0.12446206445591476}, "diff": {"min": -0.06501114368438721, "max": 0.046708911657333374, "mean": -0.0030286204460965005}, "misc": {"rmse": 0.011692644824290539, "corr": 0.9958746905226417}, "unit": "dimensionless"}