{"ref": {"min": 0.0868314728140831, "max": 0.7220678329467773, "mean": 0.16957850687949408}, "ref_regrid": {"min": 0.0868314728140831, "max": 0.7220678329467773, "mean": 0.16957850687949408, "std": 0.11825555557179125}, "test": {"min": 0.08592730015516281, "max": 0.7228788137435913, "mean": 0.16769842290331113}, "test_regrid": {"min": 0.08592730015516281, "max": 0.7228788137435913, "mean": 0.16769842290331113, "std": 0.11755495841143963}, "diff": {"min": -0.08630140125751495, "max": 0.05596219003200531, "mean": -0.0018800839761829507}, "misc": {"rmse": 0.00848047934380555, "corr": 0.9975580752369341}, "unit": "dimensionless"}