{"ref": {"min": 0.08547040075063705, "max": 0.7150382399559021, "mean": 0.18003224867050757}, "ref_regrid": {"min": 0.08547040075063705, "max": 0.7150382399559021, "mean": 0.18003224867050757, "std": 0.13810890665712547}, "test": {"min": 0.08446961641311646, "max": 0.7171105742454529, "mean": 0.1779752837498271}, "test_regrid": {"min": 0.08446961641311646, "max": 0.7171105742454529, "mean": 0.1779752837498271, "std": 0.13754762178980637}, "diff": {"min": -0.110332190990448, "max": 0.15574413537979126, "mean": -0.002056964920680442}, "misc": {"rmse": 0.01115734881281232, "corr": 0.9968431038928575}, "unit": "dimensionless"}