{"ref": {"min": 0.10355502367019653, "max": 0.71146160364151, "mean": 0.31924852476758325}, "ref_regrid": {"min": 0.10355502367019653, "max": 0.71146160364151, "mean": 0.31924852476758325, "std": 0.13314612637069367}, "test": {"min": 0.10375577211380005, "max": 0.704097330570221, "mean": 0.31742735549186035}, "test_regrid": {"min": 0.10375577211380005, "max": 0.704097330570221, "mean": 0.31742735549186035, "std": 0.13227080118189272}, "diff": {"min": -0.07387363910675049, "max": 0.08181057870388031, "mean": -0.0018211692757229081}, "misc": {"rmse": 0.017958676840263227, "corr": 0.9909594858376903}, "unit": "dimensionless"}