{"ref": {"min": 0.04408454895019531, "max": 0.8631269931793213, "mean": 0.1531061308836167}, "ref_regrid": {"min": 0.04408454895019531, "max": 0.8631269931793213, "mean": 0.1531061308836167, "std": 0.1991826464012131}, "test": {"min": 0.044196244329214096, "max": 0.8663405179977417, "mean": 0.15327816846862963}, "test_regrid": {"min": 0.044196244329214096, "max": 0.8663405179977417, "mean": 0.15327816846862963, "std": 0.20010542162322628}, "diff": {"min": -0.1626245677471161, "max": 0.2818622589111328, "mean": 0.00017203758501296658}, "misc": {"rmse": 0.010750940143869944, "corr": 0.9985611043285781}, "unit": "dimensionless"}