{"ref": {"min": 0.08563116937875748, "max": 0.7281633615493774, "mean": 0.17317323722804576}, "ref_regrid": {"min": 0.08563116937875748, "max": 0.7281633615493774, "mean": 0.17317323722804576, "std": 0.13103464990213515}, "test": {"min": 0.08471045643091202, "max": 0.731172502040863, "mean": 0.17130957018258577}, "test_regrid": {"min": 0.08471045643091202, "max": 0.731172502040863, "mean": 0.17130957018258577, "std": 0.12993305179093298}, "diff": {"min": -0.08694452047348022, "max": 0.09542319178581238, "mean": -0.0018636670454600362}, "misc": {"rmse": 0.008297968173219917, "corr": 0.9981155144715722}, "unit": "dimensionless"}