{"ref": {"min": 0.04412759095430374, "max": 0.8446615934371948, "mean": 0.1436977313033104}, "ref_regrid": {"min": 0.04412759095430374, "max": 0.8446615934371948, "mean": 0.1436977313033104, "std": 0.17191714542507613}, "test": {"min": 0.04431574419140816, "max": 0.8474588990211487, "mean": 0.14415504768334952}, "test_regrid": {"min": 0.04431574419140816, "max": 0.8474588990211487, "mean": 0.14415504768334952, "std": 0.1731109477018051}, "diff": {"min": -0.06395669281482697, "max": 0.12296104431152344, "mean": 0.0004573163800391263}, "misc": {"rmse": 0.007069343032368906, "corr": 0.999187833833874}, "unit": "dimensionless"}