{"ref": {"min": 0.04396943375468254, "max": 0.9523547291755676, "mean": 0.14257091840073}, "ref_regrid": {"min": 0.04396943375468254, "max": 0.9523547291755676, "mean": 0.14257091840073, "std": 0.17946209415059722}, "test": {"min": 0.04448710381984711, "max": 0.9570525884628296, "mean": 0.14307175691711022}, "test_regrid": {"min": 0.04448710381984711, "max": 0.9570525884628296, "mean": 0.14307175691711022, "std": 0.18037273341194554}, "diff": {"min": -0.09031102061271667, "max": 0.11920484900474548, "mean": 0.000500838516380241}, "misc": {"rmse": 0.0073456560199063065, "corr": 0.9991832182488649}, "unit": "dimensionless"}