{"ref": {"min": 0.09699808806180954, "max": 0.7234090566635132, "mean": 0.32937746949513097}, "ref_regrid": {"min": 0.09699808806180954, "max": 0.7234090566635132, "mean": 0.32937746949513097, "std": 0.14353429542331947}, "test": {"min": 0.09654990583658218, "max": 0.7237935662269592, "mean": 0.32584806984967574}, "test_regrid": {"min": 0.09654990583658218, "max": 0.7237935662269592, "mean": 0.32584806984967574, "std": 0.14428125323321084}, "diff": {"min": -0.07411298155784607, "max": 0.08273938298225403, "mean": -0.003529399645455246}, "misc": {"rmse": 0.016798429063992443, "corr": 0.9935011682916947}, "unit": "dimensionless"}