{"ref": {"min": 0.04294058680534363, "max": 0.8585792779922485, "mean": 0.14217962138137574}, "ref_regrid": {"min": 0.04294058680534363, "max": 0.8585792779922485, "mean": 0.14217962138137574, "std": 0.18038454383032143}, "test": {"min": 0.04326901584863663, "max": 0.859676718711853, "mean": 0.14150377639464345}, "test_regrid": {"min": 0.04326901584863663, "max": 0.859676718711853, "mean": 0.14150377639464345, "std": 0.1795882983922984}, "diff": {"min": -0.24847188591957092, "max": 0.2679290473461151, "mean": -0.0006758449867322955}, "misc": {"rmse": 0.011824286868168504, "corr": 0.9978588794170045}, "unit": "dimensionless"}