{"ref": {"min": 0.08464112877845764, "max": 0.7208072543144226, "mean": 0.18883792949139364}, "ref_regrid": {"min": 0.08464112877845764, "max": 0.7208072543144226, "mean": 0.18883792949139364, "std": 0.14565832451662156}, "test": {"min": 0.08346449583768845, "max": 0.7208436727523804, "mean": 0.18800480726828475}, "test_regrid": {"min": 0.08346449583768845, "max": 0.7208436727523804, "mean": 0.18800480726828475, "std": 0.14515632280615545}, "diff": {"min": -0.10114982724189758, "max": 0.08899697661399841, "mean": -0.0008331222231088784}, "misc": {"rmse": 0.008612607316970836, "corr": 0.998268218333542}, "unit": "dimensionless"}