{"ref": {"min": 0.08445993810892105, "max": 0.6951424479484558, "mean": 0.17697093190220586}, "ref_regrid": {"min": 0.08445993810892105, "max": 0.6951424479484558, "mean": 0.17697093190220586, "std": 0.12150591941253965}, "test": {"min": 0.08395370095968246, "max": 0.692740261554718, "mean": 0.17534049513514088}, "test_regrid": {"min": 0.08395370095968246, "max": 0.692740261554718, "mean": 0.17534049513514088, "std": 0.11994207200047327}, "diff": {"min": -0.09095393121242523, "max": 0.05517396330833435, "mean": -0.0016304367670649167}, "misc": {"rmse": 0.011680126397334928, "corr": 0.9954945669347556}, "unit": "dimensionless"}