{"ref": {"min": 0.0998230054974556, "max": 0.7303022742271423, "mean": 0.31397138899808913}, "ref_regrid": {"min": 0.0998230054974556, "max": 0.7303022742271423, "mean": 0.31397138899808913, "std": 0.13446257745209442}, "test": {"min": 0.09502243995666504, "max": 0.7339452505111694, "mean": 0.31035577944130677}, "test_regrid": {"min": 0.09502243995666504, "max": 0.7339452505111694, "mean": 0.31035577944130677, "std": 0.13437479900739185}, "diff": {"min": -0.0914192795753479, "max": 0.07571116089820862, "mean": -0.0036156095567824293}, "misc": {"rmse": 0.01732968647856281, "corr": 0.9920513719512078}, "unit": "dimensionless"}