{"ref": {"min": 0.004526522941887379, "max": 0.8616847991943359, "mean": 0.16625035370944977}, "ref_regrid": {"min": 0.004526522941887379, "max": 0.8616847991943359, "mean": 0.16625035370944977, "std": 0.21030337958037393}, "test": {"min": 0.00452651409432292, "max": 0.8719672560691833, "mean": 0.1665488865123055}, "test_regrid": {"min": 0.00452651409432292, "max": 0.8719672560691833, "mean": 0.1665488865123055, "std": 0.21084667698806164}, "diff": {"min": -0.18407604098320007, "max": 0.14435312151908875, "mean": 0.00029853280285575937}, "misc": {"rmse": 0.011603218323281308, "corr": 0.9984861859525763}, "unit": "dimensionless"}