{"ref": {"min": 0.0076573253609240055, "max": 1.8377950191497803, "mean": 0.15615098386480403}, "ref_regrid": {"min": 0.0076573253609240055, "max": 1.8377950191497803, "mean": 0.15615098386480403, "std": 0.13537576078434935}, "test": {"min": 0.01106944214552641, "max": 1.7615212202072144, "mean": 0.18751025126514853}, "test_regrid": {"min": 0.01106944214552641, "max": 1.7615212202072144, "mean": 0.18751025126514853, "std": 0.14772143631489484}, "diff": {"min": -0.07627379894256592, "max": 0.1802363395690918, "mean": 0.03135926740034453}, "misc": {"rmse": 0.03809081429358041, "corr": 0.9921219029564389}, "unit": "dimensionless"}