{"ref": {"min": 0.004435442853718996, "max": 2.0690760612487793, "mean": 0.15391312136640023}, "ref_regrid": {"min": 0.004435442853718996, "max": 2.0690760612487793, "mean": 0.15391312136640023, "std": 0.14430513198745568}, "test": {"min": 0.0062511879950761795, "max": 2.227522611618042, "mean": 0.1842878430602444}, "test_regrid": {"min": 0.0062511879950761795, "max": 2.227522611618042, "mean": 0.1842878430602444, "std": 0.1699886704941999}, "diff": {"min": -0.20610231161117554, "max": 0.5685155391693115, "mean": 0.030374721693844198}, "misc": {"rmse": 0.05068489447279109, "corr": 0.9798882761587274}, "unit": "dimensionless"}