{"ref": {"min": 0.009152271784842014, "max": 1.8517309427261353, "mean": 0.14984562329756712}, "ref_regrid": {"min": 0.009152271784842014, "max": 1.8517309427261353, "mean": 0.14984562329756712, "std": 0.11826709688257028}, "test": {"min": 0.012645329348742962, "max": 1.7361246347427368, "mean": 0.18022309242688087}, "test_regrid": {"min": 0.012645329348742962, "max": 1.7361246347427368, "mean": 0.18022309242688087, "std": 0.12716525591131161}, "diff": {"min": -0.23143041133880615, "max": 0.23238232731819153, "mean": 0.030377469129313765}, "misc": {"rmse": 0.039618554233255956, "corr": 0.9811275887028577}, "unit": "dimensionless"}