{"ref": {"min": 4.673068474403408e-07, "max": 2.3961281776428223, "mean": 0.18108057010239376}, "ref_regrid": {"min": 4.673068474403408e-07, "max": 2.3961281776428223, "mean": 0.18108057010239376, "std": 0.18983485008800993}, "test": {"min": 5.822554385304102e-07, "max": 2.1916885375976562, "mean": 0.22003582511059383}, "test_regrid": {"min": 5.822554385304102e-07, "max": 2.1916885375976562, "mean": 0.22003582511059383, "std": 0.20166893533867206}, "diff": {"min": -0.4779052734375, "max": 0.5483720302581787, "mean": 0.03895525500753923}, "misc": {"rmse": 0.06193725213752793, "corr": 0.9715458469142917}, "unit": "dimensionless"}