{"ref": {"min": 0.00014474675117526203, "max": 1.8007581233978271, "mean": 0.14059645460852055}, "ref_regrid": {"min": 0.00014474675117526203, "max": 1.8007581233978271, "mean": 0.14059645460852055, "std": 0.13267754450133312}, "test": {"min": 0.00020619391580112278, "max": 1.669776201248169, "mean": 0.16644211025561628}, "test_regrid": {"min": 0.00020619391580112278, "max": 1.669776201248169, "mean": 0.16644211025561628, "std": 0.1471896662675029}, "diff": {"min": -0.13317614793777466, "max": 0.22059839963912964, "mean": 0.025845655647046915}, "misc": {"rmse": 0.036994501204380005, "corr": 0.9874545665074832}, "unit": "dimensionless"}