{"ref": {"min": 0.0, "max": 73.32310485839844, "mean": 26.662380226825306}, "ref_regrid": {"min": 0.0, "max": 73.32310485839844, "mean": 26.662380226825306, "std": 19.362186536794457}, "test": {"min": NaN, "max": NaN, "mean": NaN}, "test_regrid": {"min": NaN, "max": NaN, "mean": NaN, "std": NaN}, "diff": {"min": NaN, "max": NaN, "mean": NaN}, "misc": {"rmse": NaN, "corr": NaN}, "unit": "%"}