{"ref": {"min": 0.6074761748313904, "max": 52.07984924316406, "mean": 23.498381213305183}, "ref_regrid": {"min": 0.6074761748313904, "max": 52.07984924316406, "mean": 23.498381213305183, "std": 10.10030042614998}, "test": {"min": NaN, "max": NaN, "mean": NaN}, "test_regrid": {"min": NaN, "max": NaN, "mean": NaN, "std": NaN}, "diff": {"min": NaN, "max": NaN, "mean": NaN}, "misc": {"rmse": NaN, "corr": NaN}, "unit": "%"}