{"ref": {"min": 0.0, "max": 70.68785095214844, "mean": 26.772964249348693}, "ref_regrid": {"min": 0.0, "max": 70.68785095214844, "mean": 26.772964249348693, "std": 17.222665841545428}, "test": {"min": NaN, "max": NaN, "mean": NaN}, "test_regrid": {"min": NaN, "max": NaN, "mean": NaN, "std": NaN}, "diff": {"min": NaN, "max": NaN, "mean": NaN}, "misc": {"rmse": NaN, "corr": NaN}, "unit": "%"}