{"ref": {"min": 0.0, "max": 92.21284484863281, "mean": 31.216929459249762}, "ref_regrid": {"min": 0.0, "max": 92.21284484863281, "mean": 31.216929459249762, "std": 21.887251682267298}, "test": {"min": NaN, "max": NaN, "mean": NaN}, "test_regrid": {"min": NaN, "max": NaN, "mean": NaN, "std": NaN}, "diff": {"min": NaN, "max": NaN, "mean": NaN}, "misc": {"rmse": NaN, "corr": NaN}, "unit": "%"}