{"ref": {"min": 0.0, "max": 89.90032958984375, "mean": 25.361587339742197}, "ref_regrid": {"min": 0.0, "max": 89.90032958984375, "mean": 25.361587339742197, "std": 17.469680002422578}, "test": {"min": NaN, "max": NaN, "mean": NaN}, "test_regrid": {"min": NaN, "max": NaN, "mean": NaN, "std": NaN}, "diff": {"min": NaN, "max": NaN, "mean": NaN}, "misc": {"rmse": NaN, "corr": NaN}, "unit": "%"}