{"ref": {"min": 0.0, "max": 100.00000762939453, "mean": 48.167279468434316}, "ref_regrid": {"min": 0.0, "max": 100.00000762939453, "mean": 48.167279468434316, "std": 23.567953996109907}, "test": {"min": NaN, "max": NaN, "mean": NaN}, "test_regrid": {"min": NaN, "max": NaN, "mean": NaN, "std": NaN}, "diff": {"min": NaN, "max": NaN, "mean": NaN}, "misc": {"rmse": NaN, "corr": NaN}, "unit": "%"}