{"ref": {"min": 0.0, "max": 61.66664123535156, "mean": 11.629872143828946}, "ref_regrid": {"min": 0.0, "max": 61.66664123535156, "mean": 11.629872143828946, "std": 10.027032399125746}, "test": {"min": NaN, "max": NaN, "mean": NaN}, "test_regrid": {"min": NaN, "max": NaN, "mean": NaN, "std": NaN}, "diff": {"min": NaN, "max": NaN, "mean": NaN}, "misc": {"rmse": NaN, "corr": NaN}, "unit": "%"}