{"ref": {"min": 4.140073776245117, "max": 96.66876983642578, "mean": 57.12542931008008}, "ref_regrid": {"min": 4.140073776245117, "max": 96.66876983642578, "mean": 57.12542931008008, "std": 22.163064110149023}, "test": {"min": NaN, "max": NaN, "mean": NaN}, "test_regrid": {"min": NaN, "max": NaN, "mean": NaN, "std": NaN}, "diff": {"min": NaN, "max": NaN, "mean": NaN}, "misc": {"rmse": NaN, "corr": NaN}, "unit": "%"}