{"ref": {"min": 0.7045252919197083, "max": 93.21932983398438, "mean": 27.131030293218192}, "ref_regrid": {"min": 0.7045252919197083, "max": 93.21932983398438, "mean": 27.131030293218192, "std": 13.80067661801125}, "test": {"min": NaN, "max": NaN, "mean": NaN}, "test_regrid": {"min": NaN, "max": NaN, "mean": NaN, "std": NaN}, "diff": {"min": NaN, "max": NaN, "mean": NaN}, "misc": {"rmse": NaN, "corr": NaN}, "unit": "%"}