{"ref": {"min": 0.0, "max": 80.24419403076172, "mean": 23.753055748223208}, "ref_regrid": {"min": 0.0, "max": 80.24419403076172, "mean": 23.753055748223208, "std": 15.608212588404658}, "test": {"min": NaN, "max": NaN, "mean": NaN}, "test_regrid": {"min": NaN, "max": NaN, "mean": NaN, "std": NaN}, "diff": {"min": NaN, "max": NaN, "mean": NaN}, "misc": {"rmse": NaN, "corr": NaN}, "unit": "%"}