{"ref": {"min": 2.330254554748535, "max": 99.81755828857422, "mean": 56.620250890049064}, "ref_regrid": {"min": 2.330254554748535, "max": 99.81755828857422, "mean": 56.620250890049064, "std": 23.884826104537815}, "test": {"min": NaN, "max": NaN, "mean": NaN}, "test_regrid": {"min": NaN, "max": NaN, "mean": NaN, "std": NaN}, "diff": {"min": NaN, "max": NaN, "mean": NaN}, "misc": {"rmse": NaN, "corr": NaN}, "unit": "%"}