{"ref": {"min": 7.470462322235107, "max": 96.58732604980469, "mean": 57.31092904872902}, "ref_regrid": {"min": 7.470462322235107, "max": 96.58732604980469, "mean": 57.31092904872902, "std": 20.846398299904628}, "test": {"min": NaN, "max": NaN, "mean": NaN}, "test_regrid": {"min": NaN, "max": NaN, "mean": NaN, "std": NaN}, "diff": {"min": NaN, "max": NaN, "mean": NaN}, "misc": {"rmse": NaN, "corr": NaN}, "unit": "%"}