{"ref": {"min": 0.11221610009670258, "max": 84.76094055175781, "mean": 29.843829211794763}, "ref_regrid": {"min": 0.11221610009670258, "max": 84.76094055175781, "mean": 29.843829211794763, "std": 20.83985260522853}, "test": {"min": NaN, "max": NaN, "mean": NaN}, "test_regrid": {"min": NaN, "max": NaN, "mean": NaN, "std": NaN}, "diff": {"min": NaN, "max": NaN, "mean": NaN}, "misc": {"rmse": NaN, "corr": NaN}, "unit": "%"}