{"ref": {"min": 0.034162186086177826, "max": 78.60809326171875, "mean": 24.842307325833374}, "ref_regrid": {"min": 0.034162186086177826, "max": 78.60809326171875, "mean": 24.842307325833374, "std": 15.001296657866872}, "test": {"min": NaN, "max": NaN, "mean": NaN}, "test_regrid": {"min": NaN, "max": NaN, "mean": NaN, "std": NaN}, "diff": {"min": NaN, "max": NaN, "mean": NaN}, "misc": {"rmse": NaN, "corr": NaN}, "unit": "%"}