{"ref": {"min": 0.0, "max": 87.54845428466797, "mean": 29.902800810947674}, "ref_regrid": {"min": 0.0, "max": 87.54845428466797, "mean": 29.902800810947674, "std": 21.722212596695417}, "test": {"min": NaN, "max": NaN, "mean": NaN}, "test_regrid": {"min": NaN, "max": NaN, "mean": NaN, "std": NaN}, "diff": {"min": NaN, "max": NaN, "mean": NaN}, "misc": {"rmse": NaN, "corr": NaN}, "unit": "%"}