{"ref": {"min": 0.0, "max": 100.00000762939453, "mean": 48.16730667934785}, "ref_regrid": {"min": 0.0, "max": 100.00000762939453, "mean": 48.16730667934785, "std": 23.567955542569116}, "test": {"min": NaN, "max": NaN, "mean": NaN}, "test_regrid": {"min": NaN, "max": NaN, "mean": NaN, "std": NaN}, "diff": {"min": NaN, "max": NaN, "mean": NaN}, "misc": {"rmse": NaN, "corr": NaN}, "unit": "%"}