{"ref": {"min": 0.10428211092948914, "max": 53.029388427734375, "mean": 22.60117627070309}, "ref_regrid": {"min": 0.10428211092948914, "max": 53.029388427734375, "mean": 22.60117627070309, "std": 10.133012315024255}, "test": {"min": NaN, "max": NaN, "mean": NaN}, "test_regrid": {"min": NaN, "max": NaN, "mean": NaN, "std": NaN}, "diff": {"min": NaN, "max": NaN, "mean": NaN}, "misc": {"rmse": NaN, "corr": NaN}, "unit": "%"}