{"ref": {"min": 1.2160170078277588, "max": 50.983192443847656, "mean": 22.806918823797748}, "ref_regrid": {"min": 1.2160170078277588, "max": 50.983192443847656, "mean": 22.806918823797748, "std": 9.19207400345255}, "test": {"min": NaN, "max": NaN, "mean": NaN}, "test_regrid": {"min": NaN, "max": NaN, "mean": NaN, "std": NaN}, "diff": {"min": NaN, "max": NaN, "mean": NaN}, "misc": {"rmse": NaN, "corr": NaN}, "unit": "%"}