{"ref": {"min": 0.0, "max": 48.196807861328125, "mean": 15.55357281072419}, "ref_regrid": {"min": 0.0, "max": 48.196807861328125, "mean": 15.55357281072419, "std": 11.041104994333976}, "test": {"min": NaN, "max": NaN, "mean": NaN}, "test_regrid": {"min": NaN, "max": NaN, "mean": NaN, "std": NaN}, "diff": {"min": NaN, "max": NaN, "mean": NaN}, "misc": {"rmse": NaN, "corr": NaN}, "unit": "%"}