{"ref": {"min": 0.6629559993743896, "max": 53.61732482910156, "mean": 23.1998411573024}, "ref_regrid": {"min": 0.6629559993743896, "max": 53.61732482910156, "mean": 23.1998411573024, "std": 10.136748791734421}, "test": {"min": NaN, "max": NaN, "mean": NaN}, "test_regrid": {"min": NaN, "max": NaN, "mean": NaN, "std": NaN}, "diff": {"min": NaN, "max": NaN, "mean": NaN}, "misc": {"rmse": NaN, "corr": NaN}, "unit": "%"}