{"ref": {"min": 0.002260788343846798, "max": 65.18098449707031, "mean": 14.051870335180709}, "ref_regrid": {"min": 0.002260788343846798, "max": 65.18098449707031, "mean": 14.051870335180709, "std": 12.490835942091334}, "test": {"min": NaN, "max": NaN, "mean": NaN}, "test_regrid": {"min": NaN, "max": NaN, "mean": NaN, "std": NaN}, "diff": {"min": NaN, "max": NaN, "mean": NaN}, "misc": {"rmse": NaN, "corr": NaN}, "unit": "%"}