{"ref": {"min": 2.4522275924682617, "max": 98.67943572998047, "mean": 58.5335076692872}, "ref_regrid": {"min": 2.4522275924682617, "max": 98.67943572998047, "mean": 58.5335076692872, "std": 22.410377741186227}, "test": {"min": NaN, "max": NaN, "mean": NaN}, "test_regrid": {"min": NaN, "max": NaN, "mean": NaN, "std": NaN}, "diff": {"min": NaN, "max": NaN, "mean": NaN}, "misc": {"rmse": NaN, "corr": NaN}, "unit": "%"}