{"ref": {"min": 0.0, "max": 71.68846893310547, "mean": 14.530837865606307}, "ref_regrid": {"min": 0.0, "max": 71.68846893310547, "mean": 14.530837865606307, "std": 14.036950144918139}, "test": {"min": NaN, "max": NaN, "mean": NaN}, "test_regrid": {"min": NaN, "max": NaN, "mean": NaN, "std": NaN}, "diff": {"min": NaN, "max": NaN, "mean": NaN}, "misc": {"rmse": NaN, "corr": NaN}, "unit": "%"}