{"ref": {"min": 0.6074761748313904, "max": 91.33483123779297, "mean": 44.585123506889424}, "ref_regrid": {"min": 0.6074761748313904, "max": 91.33483123779297, "mean": 44.585123506889424, "std": 23.612813724049836}, "test": {"min": NaN, "max": NaN, "mean": NaN}, "test_regrid": {"min": NaN, "max": NaN, "mean": NaN, "std": NaN}, "diff": {"min": NaN, "max": NaN, "mean": NaN}, "misc": {"rmse": NaN, "corr": NaN}, "unit": "%"}