{"ref": {"min": 0.0, "max": 98.58087158203125, "mean": 47.297037109296085}, "ref_regrid": {"min": 0.0, "max": 98.58087158203125, "mean": 47.297037109296085, "std": 24.441128816306186}, "test": {"min": NaN, "max": NaN, "mean": NaN}, "test_regrid": {"min": NaN, "max": NaN, "mean": NaN, "std": NaN}, "diff": {"min": NaN, "max": NaN, "mean": NaN}, "misc": {"rmse": NaN, "corr": NaN}, "unit": "%"}