{"ref": {"min": 2.0717668533325195, "max": 93.71247863769531, "mean": 47.64922613152211}, "ref_regrid": {"min": 2.0717668533325195, "max": 93.71247863769531, "mean": 47.64922613152211, "std": 21.98495606639369}, "test": {"min": NaN, "max": NaN, "mean": NaN}, "test_regrid": {"min": NaN, "max": NaN, "mean": NaN, "std": NaN}, "diff": {"min": NaN, "max": NaN, "mean": NaN}, "misc": {"rmse": NaN, "corr": NaN}, "unit": "%"}