{"ref": {"min": 1.2073380947113037, "max": 46.84632110595703, "mean": 23.071379839060167}, "ref_regrid": {"min": 1.2073380947113037, "max": 46.84632110595703, "mean": 23.071379839060167, "std": 9.103605889466449}, "test": {"min": NaN, "max": NaN, "mean": NaN}, "test_regrid": {"min": NaN, "max": NaN, "mean": NaN, "std": NaN}, "diff": {"min": NaN, "max": NaN, "mean": NaN}, "misc": {"rmse": NaN, "corr": NaN}, "unit": "%"}