{"ref": {"min": 1.3115339279174805, "max": 88.50702667236328, "mean": 28.95683073587056}, "ref_regrid": {"min": 1.3115339279174805, "max": 88.50702667236328, "mean": 28.95683073587056, "std": 12.829919788031956}, "test": {"min": NaN, "max": NaN, "mean": NaN}, "test_regrid": {"min": NaN, "max": NaN, "mean": NaN, "std": NaN}, "diff": {"min": NaN, "max": NaN, "mean": NaN}, "misc": {"rmse": NaN, "corr": NaN}, "unit": "%"}