{"ref": {"min": 3.4944887161254883, "max": 96.84033203125, "mean": 56.96452834953383}, "ref_regrid": {"min": 3.4944887161254883, "max": 96.84033203125, "mean": 56.96452834953383, "std": 22.639335996404764}, "test": {"min": NaN, "max": NaN, "mean": NaN}, "test_regrid": {"min": NaN, "max": NaN, "mean": NaN, "std": NaN}, "diff": {"min": NaN, "max": NaN, "mean": NaN}, "misc": {"rmse": NaN, "corr": NaN}, "unit": "%"}