{"ref": {"min": 0.0, "max": 78.73322296142578, "mean": 13.914822170790105}, "ref_regrid": {"min": 0.0, "max": 78.73322296142578, "mean": 13.914822170790105, "std": 13.114637889687573}, "test": {"min": NaN, "max": NaN, "mean": NaN}, "test_regrid": {"min": NaN, "max": NaN, "mean": NaN, "std": NaN}, "diff": {"min": NaN, "max": NaN, "mean": NaN}, "misc": {"rmse": NaN, "corr": NaN}, "unit": "%"}