{"ref": {"min": 0.6515739560127258, "max": 53.61732864379883, "mean": 23.19787441571481}, "ref_regrid": {"min": 0.6515739560127258, "max": 53.61732864379883, "mean": 23.19787441571481, "std": 10.140400122368497}, "test": {"min": NaN, "max": NaN, "mean": NaN}, "test_regrid": {"min": NaN, "max": NaN, "mean": NaN, "std": NaN}, "diff": {"min": NaN, "max": NaN, "mean": NaN}, "misc": {"rmse": NaN, "corr": NaN}, "unit": "%"}