{"ref": {"min": 0.0, "max": 72.99119567871094, "mean": 13.025474501499529}, "ref_regrid": {"min": 0.0, "max": 72.99119567871094, "mean": 13.025474501499529, "std": 13.397684140859031}, "test": {"min": NaN, "max": NaN, "mean": NaN}, "test_regrid": {"min": NaN, "max": NaN, "mean": NaN, "std": NaN}, "diff": {"min": NaN, "max": NaN, "mean": NaN}, "misc": {"rmse": NaN, "corr": NaN}, "unit": "%"}