{"ref": {"min": 0.0, "max": 51.175018310546875, "mean": 17.302107295918834}, "ref_regrid": {"min": 0.0, "max": 51.175018310546875, "mean": 17.302107295918834, "std": 11.274139607547356}, "test": {"min": NaN, "max": NaN, "mean": NaN}, "test_regrid": {"min": NaN, "max": NaN, "mean": NaN, "std": NaN}, "diff": {"min": NaN, "max": NaN, "mean": NaN}, "misc": {"rmse": NaN, "corr": NaN}, "unit": "%"}