{"ref": {"min": 0.0, "max": 67.39799499511719, "mean": 15.161091430999482}, "ref_regrid": {"min": 0.0, "max": 67.39799499511719, "mean": 15.161091430999482, "std": 14.019835165137271}, "test": {"min": NaN, "max": NaN, "mean": NaN}, "test_regrid": {"min": NaN, "max": NaN, "mean": NaN, "std": NaN}, "diff": {"min": NaN, "max": NaN, "mean": NaN}, "misc": {"rmse": NaN, "corr": NaN}, "unit": "%"}