{"ref": {"min": 1.4819087982177734, "max": 92.5183334350586, "mean": 45.32594072490004}, "ref_regrid": {"min": 1.4819087982177734, "max": 92.5183334350586, "mean": 45.32594072490004, "std": 22.12019788480523}, "test": {"min": NaN, "max": NaN, "mean": NaN}, "test_regrid": {"min": NaN, "max": NaN, "mean": NaN, "std": NaN}, "diff": {"min": NaN, "max": NaN, "mean": NaN}, "misc": {"rmse": NaN, "corr": NaN}, "unit": "%"}