{"ref": {"min": 2.166368246078491, "max": 82.76893615722656, "mean": 27.730297453153163}, "ref_regrid": {"min": 2.166368246078491, "max": 82.76893615722656, "mean": 27.730297453153163, "std": 11.965952201362734}, "test": {"min": NaN, "max": NaN, "mean": NaN}, "test_regrid": {"min": NaN, "max": NaN, "mean": NaN, "std": NaN}, "diff": {"min": NaN, "max": NaN, "mean": NaN}, "misc": {"rmse": NaN, "corr": NaN}, "unit": "%"}