{"ref": {"min": 0.1559659242630005, "max": 98.96046447753906, "mean": 47.715828867259454}, "ref_regrid": {"min": 0.1559659242630005, "max": 98.96046447753906, "mean": 47.715828867259454, "std": 23.66049366738746}, "test": {"min": NaN, "max": NaN, "mean": NaN}, "test_regrid": {"min": NaN, "max": NaN, "mean": NaN, "std": NaN}, "diff": {"min": NaN, "max": NaN, "mean": NaN}, "misc": {"rmse": NaN, "corr": NaN}, "unit": "%"}