{"ref": {"min": 0.04484067112207413, "max": 49.39012908935547, "mean": 17.19925711518084}, "ref_regrid": {"min": 0.04484067112207413, "max": 49.39012908935547, "mean": 17.19925711518084, "std": 11.130440619206153}, "test": {"min": NaN, "max": NaN, "mean": NaN}, "test_regrid": {"min": NaN, "max": NaN, "mean": NaN, "std": NaN}, "diff": {"min": NaN, "max": NaN, "mean": NaN}, "misc": {"rmse": NaN, "corr": NaN}, "unit": "%"}