{"ref": {"min": 0.24226462841033936, "max": 42.51041793823242, "mean": 17.290566606944694}, "ref_regrid": {"min": 0.24226462841033936, "max": 42.51041793823242, "mean": 17.290566606944694, "std": 10.35691523135405}, "test": {"min": NaN, "max": NaN, "mean": NaN}, "test_regrid": {"min": NaN, "max": NaN, "mean": NaN, "std": NaN}, "diff": {"min": NaN, "max": NaN, "mean": NaN}, "misc": {"rmse": NaN, "corr": NaN}, "unit": "%"}