{"ref": {"min": 0.23735150694847107, "max": 98.55448913574219, "mean": 28.339922059022}, "ref_regrid": {"min": 0.23735150694847107, "max": 98.55448913574219, "mean": 28.339922059022, "std": 16.69275467081142}, "test": {"min": NaN, "max": NaN, "mean": NaN}, "test_regrid": {"min": NaN, "max": NaN, "mean": NaN, "std": NaN}, "diff": {"min": NaN, "max": NaN, "mean": NaN}, "misc": {"rmse": NaN, "corr": NaN}, "unit": "%"}