{"ref": {"min": 0.0, "max": 66.85249328613281, "mean": 14.370028765442145}, "ref_regrid": {"min": 0.0, "max": 66.85249328613281, "mean": 14.370028765442145, "std": 13.431736842699307}, "test": {"min": NaN, "max": NaN, "mean": NaN}, "test_regrid": {"min": NaN, "max": NaN, "mean": NaN, "std": NaN}, "diff": {"min": NaN, "max": NaN, "mean": NaN}, "misc": {"rmse": NaN, "corr": NaN}, "unit": "%"}