{"ref": {"min": 0.0, "max": 59.750606536865234, "mean": 13.658639056649909}, "ref_regrid": {"min": 0.0, "max": 59.750606536865234, "mean": 13.658639056649909, "std": 11.87584241623734}, "test": {"min": NaN, "max": NaN, "mean": NaN}, "test_regrid": {"min": NaN, "max": NaN, "mean": NaN, "std": NaN}, "diff": {"min": NaN, "max": NaN, "mean": NaN}, "misc": {"rmse": NaN, "corr": NaN}, "unit": "%"}