{"ref": {"min": 1.162274718284607, "max": 93.88302612304688, "mean": 46.95289691161925}, "ref_regrid": {"min": 1.162274718284607, "max": 93.88302612304688, "mean": 46.95289691161925, "std": 23.48529455442031}, "test": {"min": NaN, "max": NaN, "mean": NaN}, "test_regrid": {"min": NaN, "max": NaN, "mean": NaN, "std": NaN}, "diff": {"min": NaN, "max": NaN, "mean": NaN}, "misc": {"rmse": NaN, "corr": NaN}, "unit": "%"}