{"ref": {"min": 1.2160170078277588, "max": 50.98319625854492, "mean": 22.80637772431837}, "ref_regrid": {"min": 1.2160170078277588, "max": 50.98319625854492, "mean": 22.80637772431837, "std": 9.193123199470024}, "test": {"min": NaN, "max": NaN, "mean": NaN}, "test_regrid": {"min": NaN, "max": NaN, "mean": NaN, "std": NaN}, "diff": {"min": NaN, "max": NaN, "mean": NaN}, "misc": {"rmse": NaN, "corr": NaN}, "unit": "%"}