{"ref": {"min": 0.0, "max": 100.00000762939453, "mean": 45.888322520779994}, "ref_regrid": {"min": 0.0, "max": 100.00000762939453, "mean": 45.888322520779994, "std": 23.665743773676923}, "test": {"min": NaN, "max": NaN, "mean": NaN}, "test_regrid": {"min": NaN, "max": NaN, "mean": NaN, "std": NaN}, "diff": {"min": NaN, "max": NaN, "mean": NaN}, "misc": {"rmse": NaN, "corr": NaN}, "unit": "%"}