{"ref": {"min": 0.40594249963760376, "max": 83.0403060913086, "mean": 30.949205670623467}, "ref_regrid": {"min": 0.40594249963760376, "max": 83.0403060913086, "mean": 30.949205670623467, "std": 20.07267218333958}, "test": {"min": NaN, "max": NaN, "mean": NaN}, "test_regrid": {"min": NaN, "max": NaN, "mean": NaN, "std": NaN}, "diff": {"min": NaN, "max": NaN, "mean": NaN}, "misc": {"rmse": NaN, "corr": NaN}, "unit": "%"}