{"ref": {"min": 0.0, "max": 54.15425109863281, "mean": 11.305024436189012}, "ref_regrid": {"min": 0.0, "max": 54.15425109863281, "mean": 11.305024436189012, "std": 10.564387593973539}, "test": {"min": NaN, "max": NaN, "mean": NaN}, "test_regrid": {"min": NaN, "max": NaN, "mean": NaN, "std": NaN}, "diff": {"min": NaN, "max": NaN, "mean": NaN}, "misc": {"rmse": NaN, "corr": NaN}, "unit": "%"}