{"ref": {"min": 1.4940857887268066, "max": 93.71247100830078, "mean": 47.648091436708825}, "ref_regrid": {"min": 1.4940857887268066, "max": 93.71247100830078, "mean": 47.648091436708825, "std": 21.987133877040158}, "test": {"min": NaN, "max": NaN, "mean": NaN}, "test_regrid": {"min": NaN, "max": NaN, "mean": NaN, "std": NaN}, "diff": {"min": NaN, "max": NaN, "mean": NaN}, "misc": {"rmse": NaN, "corr": NaN}, "unit": "%"}