{"ref": {"min": 0.290502667427063, "max": 90.03292083740234, "mean": 26.4934067066225}, "ref_regrid": {"min": 0.290502667427063, "max": 90.03292083740234, "mean": 26.4934067066225, "std": 15.084923147878149}, "test": {"min": NaN, "max": NaN, "mean": NaN}, "test_regrid": {"min": NaN, "max": NaN, "mean": NaN, "std": NaN}, "diff": {"min": NaN, "max": NaN, "mean": NaN}, "misc": {"rmse": NaN, "corr": NaN}, "unit": "%"}