{"ref": {"min": 0.0, "max": 62.28392791748047, "mean": 12.732128576523595}, "ref_regrid": {"min": 0.0, "max": 62.28392791748047, "mean": 12.732128576523595, "std": 12.250431164629726}, "test": {"min": NaN, "max": NaN, "mean": NaN}, "test_regrid": {"min": NaN, "max": NaN, "mean": NaN, "std": NaN}, "diff": {"min": NaN, "max": NaN, "mean": NaN}, "misc": {"rmse": NaN, "corr": NaN}, "unit": "%"}