{"ref": {"min": 0.6515739560127258, "max": 93.8830337524414, "mean": 46.94873888978761}, "ref_regrid": {"min": 0.6515739560127258, "max": 93.8830337524414, "mean": 46.94873888978761, "std": 23.49270108342465}, "test": {"min": NaN, "max": NaN, "mean": NaN}, "test_regrid": {"min": NaN, "max": NaN, "mean": NaN, "std": NaN}, "diff": {"min": NaN, "max": NaN, "mean": NaN}, "misc": {"rmse": NaN, "corr": NaN}, "unit": "%"}