{"ref": {"min": 0.0, "max": 88.75386047363281, "mean": 26.821398027655764}, "ref_regrid": {"min": 0.0, "max": 88.75386047363281, "mean": 26.821398027655764, "std": 18.671586133002933}, "test": {"min": NaN, "max": NaN, "mean": NaN}, "test_regrid": {"min": NaN, "max": NaN, "mean": NaN, "std": NaN}, "diff": {"min": NaN, "max": NaN, "mean": NaN}, "misc": {"rmse": NaN, "corr": NaN}, "unit": "%"}