{"ref": {"min": 0.0, "max": 90.13861083984375, "mean": 32.444957490179014}, "ref_regrid": {"min": 0.0, "max": 90.13861083984375, "mean": 32.444957490179014, "std": 23.943613743213547}, "test": {"min": NaN, "max": NaN, "mean": NaN}, "test_regrid": {"min": NaN, "max": NaN, "mean": NaN, "std": NaN}, "diff": {"min": NaN, "max": NaN, "mean": NaN}, "misc": {"rmse": NaN, "corr": NaN}, "unit": "%"}