{"ref": {"min": 60.71296310424805, "max": 442.9586486816406, "mean": 352.83765719962236}, "ref_regrid": {"min": 60.71296310424805, "max": 442.9586486816406, "mean": 352.83765719962236, "std": 62.54732893782879}, "test": {"min": 60.45005416870117, "max": 451.0865783691406, "mean": 355.21701152358315}, "test_regrid": {"min": 60.45005416870117, "max": 451.0865783691406, "mean": 355.21701152358315, "std": 63.85724654448327}, "diff": {"min": -15.32293701171875, "max": 24.498382568359375, "mean": 2.3793543239608144}, "misc": {"rmse": 4.971858443150933, "corr": 0.9978290272017045}, "unit": "W/m2"}