{"ref": {"min": 75.42442321777344, "max": 425.3439636230469, "mean": 345.3723196599762}, "ref_regrid": {"min": 75.42442321777344, "max": 425.3439636230469, "mean": 345.3723196599762, "std": 62.335259557738915}, "test": {"min": 73.1162338256836, "max": 427.8729553222656, "mean": 346.66052683025265}, "test_regrid": {"min": 73.1162338256836, "max": 427.8729553222656, "mean": 346.66052683025265, "std": 63.12389035784049}, "diff": {"min": -11.091049194335938, "max": 13.179718017578125, "mean": 1.2882071702763604}, "misc": {"rmse": 2.855850913750762, "corr": 0.9992535320551014}, "unit": "W/m2"}