{"ref": {"min": 71.54987335205078, "max": 429.912353515625, "mean": 345.34308555853846}, "ref_regrid": {"min": 71.54987335205078, "max": 429.912353515625, "mean": 345.34308555853846, "std": 62.97717946742915}, "test": {"min": 68.75517272949219, "max": 431.6021423339844, "mean": 346.37997988463934}, "test_regrid": {"min": 68.75517272949219, "max": 431.6021423339844, "mean": 346.37997988463934, "std": 63.810725550362946}, "diff": {"min": -21.775115966796875, "max": 16.010589599609375, "mean": 1.0368943261009198}, "misc": {"rmse": 3.951735903187956, "corr": 0.9982772361631879}, "unit": "W/m2"}