{"ref": {"min": 66.01273345947266, "max": 416.1531982421875, "mean": 317.5580559659012}, "ref_regrid": {"min": 66.01273345947266, "max": 416.1531982421875, "mean": 317.5580559659012, "std": 76.16497085516407}, "test": {"min": 64.581298828125, "max": 418.2138977050781, "mean": 319.1112419351002}, "test_regrid": {"min": 64.581298828125, "max": 418.2138977050781, "mean": 319.1112419351002, "std": 76.91249709873962}, "diff": {"min": -14.065093994140625, "max": 14.692169189453125, "mean": 1.5531859691990133}, "misc": {"rmse": 3.456057912618573, "corr": 0.9992341161490805}, "unit": "W/m2"}