{"ref": {"min": 67.37004089355469, "max": 415.504150390625, "mean": 317.52086436447166}, "ref_regrid": {"min": 67.37004089355469, "max": 415.504150390625, "mean": 317.52086436447166, "std": 75.48801212811644}, "test": {"min": 65.76789855957031, "max": 418.071533203125, "mean": 319.21357344914304}, "test_regrid": {"min": 65.76789855957031, "max": 418.071533203125, "mean": 319.21357344914304, "std": 76.22963295959251}, "diff": {"min": -7.7656707763671875, "max": 12.13751220703125, "mean": 1.6927090846713115}, "misc": {"rmse": 2.799670407109366, "corr": 0.9996156965920945}, "unit": "W/m2"}