{"ref": {"min": 70.57221221923828, "max": 428.8176574707031, "mean": 344.2655731554085}, "ref_regrid": {"min": 70.57221221923828, "max": 428.8176574707031, "mean": 344.2655731554085, "std": 65.7716607374781}, "test": {"min": 66.17649841308594, "max": 431.9614562988281, "mean": 345.4457012585057}, "test_regrid": {"min": 66.17649841308594, "max": 431.9614562988281, "mean": 345.4457012585057, "std": 66.74027930140228}, "diff": {"min": -16.31170654296875, "max": 23.16717529296875, "mean": 1.1801281030972801}, "misc": {"rmse": 4.09261285197826, "corr": 0.9983576528715565}, "unit": "W/m2"}