{"ref": {"min": 98.04308319091797, "max": 428.09613037109375, "mean": 339.04296285213786}, "ref_regrid": {"min": 98.04308319091797, "max": 428.09613037109375, "mean": 339.04296285213786, "std": 69.63083597515468}, "test": {"min": 96.88984680175781, "max": 430.1026306152344, "mean": 339.59941448120543}, "test_regrid": {"min": 96.88984680175781, "max": 430.1026306152344, "mean": 339.59941448120543, "std": 70.28253063873795}, "diff": {"min": -28.531829833984375, "max": 20.473236083984375, "mean": 0.5564516290674975}, "misc": {"rmse": 4.375386875095074, "corr": 0.9981190946648935}, "unit": "W/m2"}