{"ref": {"min": 89.66388702392578, "max": 419.4342956542969, "mean": 310.68698339771925}, "ref_regrid": {"min": 89.66388702392578, "max": 419.4342956542969, "mean": 310.68698339771925, "std": 82.27668268166501}, "test": {"min": 87.56851196289062, "max": 422.3729248046875, "mean": 311.75322458837206}, "test_regrid": {"min": 87.56851196289062, "max": 422.3729248046875, "mean": 311.75322458837206, "std": 82.95108957261841}, "diff": {"min": -18.071823120117188, "max": 11.434661865234375, "mean": 1.066241190652812}, "misc": {"rmse": 3.4801031187007236, "corr": 0.9992293394375873}, "unit": "W/m2"}