{"ref": {"min": 65.82478332519531, "max": 419.0815124511719, "mean": 317.19721683377827}, "ref_regrid": {"min": 65.82478332519531, "max": 419.0815124511719, "mean": 317.19721683377827, "std": 78.96626013513435}, "test": {"min": 62.938140869140625, "max": 422.3645324707031, "mean": 318.7473655962449}, "test_regrid": {"min": 62.938140869140625, "max": 422.3645324707031, "mean": 318.7473655962449, "std": 79.85565933244173}, "diff": {"min": -10.91229248046875, "max": 22.43621826171875, "mean": 1.5501487624666008}, "misc": {"rmse": 3.640156662268121, "corr": 0.99920259246124}, "unit": "W/m2"}