{"ref": {"min": 57.38488006591797, "max": 438.8816833496094, "mean": 326.8485612955889}, "ref_regrid": {"min": 57.38488006591797, "max": 438.8816833496094, "mean": 326.8485612955889, "std": 74.08730848510557}, "test": {"min": 57.17668151855469, "max": 444.85113525390625, "mean": 329.4569559824913}, "test_regrid": {"min": 57.17668151855469, "max": 444.85113525390625, "mean": 329.4569559824913, "std": 75.22713165018209}, "diff": {"min": -10.871551513671875, "max": 21.345001220703125, "mean": 2.608394686902344}, "misc": {"rmse": 4.362566506666521, "corr": 0.9990195291282645}, "unit": "W/m2"}