{"ref": {"min": 34.98954391479492, "max": 151.2665252685547, "mean": 80.8094486348762}, "ref_regrid": {"min": 34.98954391479492, "max": 151.2665252685547, "mean": 80.8094486348762, "std": 16.173057946593644}, "test": {"min": 34.282386779785156, "max": 148.23556518554688, "mean": 79.08696963262278}, "test_regrid": {"min": 34.282386779785156, "max": 148.23556518554688, "mean": 79.08696963262278, "std": 15.98152655135609}, "diff": {"min": -31.68225860595703, "max": 11.371536254882812, "mean": -1.7224790022534318}, "misc": {"rmse": 3.9269196672509374, "corr": 0.975979663845395}, "unit": "W/m2"}