{"ref": {"min": 31.032297134399414, "max": 159.01890563964844, "mean": 79.89128564049531}, "ref_regrid": {"min": 31.032297134399414, "max": 159.01890563964844, "mean": 79.89128564049531, "std": 18.492912142625794}, "test": {"min": 30.850719451904297, "max": 154.83987426757812, "mean": 77.47640216577415}, "test_regrid": {"min": 30.850719451904297, "max": 154.83987426757812, "mean": 77.47640216577415, "std": 18.933878244830698}, "diff": {"min": -38.05705261230469, "max": 14.957977294921875, "mean": -2.4148834747211763}, "misc": {"rmse": 4.92905237187405, "corr": 0.9739114193531351}, "unit": "W/m2"}