{"ref": {"min": 46.95386505126953, "max": 164.9697265625, "mean": 80.31522801886409}, "ref_regrid": {"min": 46.95386505126953, "max": 164.9697265625, "mean": 80.31522801886409, "std": 15.735040435466772}, "test": {"min": 44.623966217041016, "max": 166.960693359375, "mean": 79.32539054620283}, "test_regrid": {"min": 44.623966217041016, "max": 166.960693359375, "mean": 79.32539054620283, "std": 15.969928073249877}, "diff": {"min": -17.391815185546875, "max": 12.933631896972656, "mean": -0.9898374726612913}, "misc": {"rmse": 2.6467437317710907, "corr": 0.9881205731888097}, "unit": "W/m2"}