{"ref": {"min": 15.10411262512207, "max": 147.04888916015625, "mean": 53.876413922709965}, "ref_regrid": {"min": 15.10411262512207, "max": 147.04888916015625, "mean": 53.876413922709965, "std": 19.59156415015848}, "test": {"min": 15.357784271240234, "max": 150.46627807617188, "mean": 52.59585076075153}, "test_regrid": {"min": 15.357784271240234, "max": 150.46627807617188, "mean": 52.59585076075153, "std": 18.55826524478055}, "diff": {"min": -22.508438110351562, "max": 10.737190246582031, "mean": -1.2805631619584341}, "misc": {"rmse": 3.2346549498351638, "corr": 0.9893347709179048}, "unit": "W/m2"}