{"ref": {"min": 46.96664810180664, "max": 152.92431640625, "mean": 80.62803205718042}, "ref_regrid": {"min": 46.96664810180664, "max": 152.92431640625, "mean": 80.62803205718042, "std": 14.200436730380007}, "test": {"min": 44.694602966308594, "max": 155.1665496826172, "mean": 78.99512700682973}, "test_regrid": {"min": 44.694602966308594, "max": 155.1665496826172, "mean": 78.99512700682973, "std": 14.391140710911559}, "diff": {"min": -20.613807678222656, "max": 6.1107635498046875, "mean": -1.6329050503507057}, "misc": {"rmse": 2.9339753835586166, "corr": 0.9855513538522472}, "unit": "W/m2"}