{"ref": {"min": 2.7974185943603516, "max": 156.27088928222656, "mean": 54.38341726951574}, "ref_regrid": {"min": 2.7974185943603516, "max": 156.27088928222656, "mean": 54.38341726951574, "std": 23.27684801569212}, "test": {"min": 3.4244232177734375, "max": 150.13119506835938, "mean": 52.132857822166095}, "test_regrid": {"min": 3.4244232177734375, "max": 150.13119506835938, "mean": 52.132857822166095, "std": 22.569771745222546}, "diff": {"min": -40.493736267089844, "max": 19.673912048339844, "mean": -2.250559447349638}, "misc": {"rmse": 5.7576017458602, "corr": 0.973746229081331}, "unit": "W/m2"}