{"ref": {"min": 12.86880874633789, "max": 147.91880798339844, "mean": 54.3730201176024}, "ref_regrid": {"min": 12.86880874633789, "max": 147.91880798339844, "mean": 54.3730201176024, "std": 20.96442750587502}, "test": {"min": 10.290616989135742, "max": 142.6869354248047, "mean": 52.96032630261642}, "test_regrid": {"min": 10.290616989135742, "max": 142.6869354248047, "mean": 52.96032630261642, "std": 19.418193341082294}, "diff": {"min": -33.532623291015625, "max": 22.569061279296875, "mean": -1.4126938149859847}, "misc": {"rmse": 4.641263584289552, "corr": 0.9789300541990628}, "unit": "W/m2"}