{"ref": {"min": 13.75732135772705, "max": 165.09432983398438, "mean": 54.32703285285272}, "ref_regrid": {"min": 13.75732135772705, "max": 165.09432983398438, "mean": 54.32703285285272, "std": 20.62281115861012}, "test": {"min": 12.890966415405273, "max": 169.83412170410156, "mean": 53.39197116017596}, "test_regrid": {"min": 12.890966415405273, "max": 169.83412170410156, "mean": 53.39197116017596, "std": 20.022948552469952}, "diff": {"min": -25.986175537109375, "max": 20.28955078125, "mean": -0.9350616926767603}, "misc": {"rmse": 3.9674866618229174, "corr": 0.982434319353869}, "unit": "W/m2"}