{"ref": {"min": 45.22322463989258, "max": 167.59300231933594, "mean": 81.49616591277054}, "ref_regrid": {"min": 45.22322463989258, "max": 167.59300231933594, "mean": 81.49616591277054, "std": 15.188731008554555}, "test": {"min": 42.67343521118164, "max": 171.49771118164062, "mean": 80.09174572540908}, "test_regrid": {"min": 42.67343521118164, "max": 171.49771118164062, "mean": 80.09174572540908, "std": 15.767857539758936}, "diff": {"min": -24.775039672851562, "max": 15.539360046386719, "mean": -1.404420187361452}, "misc": {"rmse": 3.2888864065145165, "corr": 0.9822354651995158}, "unit": "W/m2"}