{"ref": {"min": 10.201287269592285, "max": 161.72108459472656, "mean": 52.42218545873843}, "ref_regrid": {"min": 10.201287269592285, "max": 161.72108459472656, "mean": 52.42218545873843, "std": 21.0465155034492}, "test": {"min": 10.548043251037598, "max": 164.10076904296875, "mean": 51.89824779238845}, "test_regrid": {"min": 10.548043251037598, "max": 164.10076904296875, "mean": 51.89824779238845, "std": 20.597957646884343}, "diff": {"min": -18.23436737060547, "max": 16.079792022705078, "mean": -0.523937666349964}, "misc": {"rmse": 3.1939342266481057, "corr": 0.9887829766616393}, "unit": "W/m2"}