{"ref": {"min": 125.47711181640625, "max": 305.99176025390625, "mean": 241.51163015247977}, "ref_regrid": {"min": 125.47711181640625, "max": 305.99176025390625, "mean": 241.51163015247977, "std": 33.29762319289571}, "test": {"min": 121.44322967529297, "max": 302.4682922363281, "mean": 241.10862911468047}, "test_regrid": {"min": 121.44322967529297, "max": 302.4682922363281, "mean": 241.10862911468047, "std": 33.15383488508919}, "diff": {"min": -24.349594116210938, "max": 24.678848266601562, "mean": -0.4030010377993115}, "misc": {"rmse": 4.745224003595582, "corr": 0.9898844198115908}, "unit": "W/m2"}