{"ref": {"min": 113.52511596679688, "max": 316.57537841796875, "mean": 263.7359427073531}, "ref_regrid": {"min": 113.52511596679688, "max": 316.57537841796875, "mean": 263.7359427073531, "std": 31.74215417269511}, "test": {"min": 110.24153900146484, "max": 309.5465393066406, "mean": 263.192992353201}, "test_regrid": {"min": 110.24153900146484, "max": 309.5465393066406, "mean": 263.192992353201, "std": 31.508548845442373}, "diff": {"min": -13.122161865234375, "max": 8.598220825195312, "mean": -0.5429503541520382}, "misc": {"rmse": 2.392340189988649, "corr": 0.9973134382053525}, "unit": "W/m2"}