{"ref": {"min": 114.42061614990234, "max": 310.76092529296875, "mean": 240.15524561130633}, "ref_regrid": {"min": 114.42061614990234, "max": 310.76092529296875, "mean": 240.15524561130633, "std": 34.093442033356816}, "test": {"min": 111.05357360839844, "max": 304.5331726074219, "mean": 239.54881045236039}, "test_regrid": {"min": 111.05357360839844, "max": 304.5331726074219, "mean": 239.54881045236039, "std": 33.70411320309292}, "diff": {"min": -32.51927185058594, "max": 22.618621826171875, "mean": -0.6064351589459402}, "misc": {"rmse": 6.330034880756605, "corr": 0.9827907181039814}, "unit": "W/m2"}