{"ref": {"min": 155.1071014404297, "max": 307.0960388183594, "mean": 239.36833482054817}, "ref_regrid": {"min": 155.1071014404297, "max": 307.0960388183594, "mean": 239.36833482054817, "std": 34.33118875778402}, "test": {"min": 149.3765411376953, "max": 311.4554138183594, "mean": 239.01586667333038}, "test_regrid": {"min": 149.3765411376953, "max": 311.4554138183594, "mean": 239.01586667333038, "std": 34.7018277072253}, "diff": {"min": -29.332931518554688, "max": 23.728256225585938, "mean": -0.35246814721781006}, "misc": {"rmse": 5.149343636286353, "corr": 0.988981398113491}, "unit": "W/m2"}