{"ref": {"min": 124.70877075195312, "max": 305.2626953125, "mean": 264.38479562551265}, "ref_regrid": {"min": 124.70877075195312, "max": 305.2626953125, "mean": 264.38479562551265, "std": 29.780079736970333}, "test": {"min": 122.42705535888672, "max": 301.1053771972656, "mean": 263.9324824049148}, "test_regrid": {"min": 122.42705535888672, "max": 301.1053771972656, "mean": 263.9324824049148, "std": 29.661789883493864}, "diff": {"min": -8.039215087890625, "max": 3.7109375, "mean": -0.4523132205978543}, "misc": {"rmse": 1.4957877402066273, "corr": 0.9988572787617658}, "unit": "W/m2"}