{"ref": {"min": 100.00619506835938, "max": 334.22113037109375, "mean": 267.20735594360747}, "ref_regrid": {"min": 100.00619506835938, "max": 334.22113037109375, "mean": 267.20735594360747, "std": 31.631117417057148}, "test": {"min": 99.69210052490234, "max": 330.3249816894531, "mean": 266.90372442778255}, "test_regrid": {"min": 99.69210052490234, "max": 330.3249816894531, "mean": 266.90372442778255, "std": 31.26905327009163}, "diff": {"min": -13.19757080078125, "max": 7.9390411376953125, "mean": -0.30363151582482617}, "misc": {"rmse": 2.433144873310209, "corr": 0.9971200819232934}, "unit": "W/m2"}