{"ref": {"min": 100.92698669433594, "max": 332.04705810546875, "mean": 243.83532150709163}, "ref_regrid": {"min": 100.92698669433594, "max": 332.04705810546875, "mean": 243.83532150709163, "std": 35.96682539518669}, "test": {"min": 100.59135437011719, "max": 325.6943359375, "mean": 243.39602955526112}, "test_regrid": {"min": 100.59135437011719, "max": 325.6943359375, "mean": 243.39602955526112, "std": 35.78242117232409}, "diff": {"min": -34.57548522949219, "max": 22.86492919921875, "mean": -0.43929195183060277}, "misc": {"rmse": 5.93236318559376, "corr": 0.9864155041977004}, "unit": "W/m2"}