{"ref": {"min": 125.25162506103516, "max": 298.987548828125, "mean": 241.21763298057698}, "ref_regrid": {"min": 125.25162506103516, "max": 298.987548828125, "mean": 241.21763298057698, "std": 31.745558036591756}, "test": {"min": 122.88948059082031, "max": 295.11566162109375, "mean": 240.76733399819625}, "test_regrid": {"min": 122.88948059082031, "max": 295.11566162109375, "mean": 240.76733399819625, "std": 31.59138468300755}, "diff": {"min": -18.858184814453125, "max": 12.898727416992188, "mean": -0.4502989823807757}, "misc": {"rmse": 3.5542515165421458, "corr": 0.9938147692251613}, "unit": "W/m2"}