{"ref": {"min": 124.84270477294922, "max": 308.1463317871094, "mean": 264.63295367743444}, "ref_regrid": {"min": 124.84270477294922, "max": 308.1463317871094, "mean": 264.63295367743444, "std": 29.853937785975827}, "test": {"min": 120.9126205444336, "max": 305.7896728515625, "mean": 264.07772751396544}, "test_regrid": {"min": 120.9126205444336, "max": 305.7896728515625, "mean": 264.07772751396544, "std": 29.8017614404776}, "diff": {"min": -8.7113037109375, "max": 6.30877685546875, "mean": -0.5552261634690336}, "misc": {"rmse": 1.8956989299597624, "corr": 0.998155178145918}, "unit": "W/m2"}