{"ref": {"min": 156.17031860351562, "max": 313.7700500488281, "mean": 261.96293032798144}, "ref_regrid": {"min": 156.17031860351562, "max": 313.7700500488281, "mean": 261.96293032798144, "std": 32.38779798547255}, "test": {"min": 150.44622802734375, "max": 313.174560546875, "mean": 261.55548521848584}, "test_regrid": {"min": 150.44622802734375, "max": 313.174560546875, "mean": 261.55548521848584, "std": 32.53386277624672}, "diff": {"min": -10.734405517578125, "max": 6.550018310546875, "mean": -0.4074451094956064}, "misc": {"rmse": 2.1718834678485677, "corr": 0.9978505593746095}, "unit": "W/m2"}