{"ref": {"min": 11.669037818908691, "max": 344.7442321777344, "mean": 189.0738188033076}, "ref_regrid": {"min": 11.669037818908691, "max": 344.7442321777344, "mean": 189.0738188033076, "std": 76.13285613750065}, "test": {"min": 10.606945991516113, "max": 345.0242614746094, "mean": 186.68503589961998}, "test_regrid": {"min": 10.606945991516113, "max": 345.0242614746094, "mean": 186.68503589961998, "std": 74.43962239735252}, "diff": {"min": -73.7374267578125, "max": 33.63374328613281, "mean": -2.3887829036875963}, "misc": {"rmse": 10.113502559965495, "corr": 0.9917324307161559}, "unit": "W/m2"}