{"ref": {"min": 14.049015045166016, "max": 367.3757019042969, "mean": 242.45306970944804}, "ref_regrid": {"min": 14.049015045166016, "max": 367.3757019042969, "mean": 242.45306970944804, "std": 73.03305442022514}, "test": {"min": 13.925602912902832, "max": 365.8469543457031, "mean": 239.25307996839172}, "test_regrid": {"min": 13.925602912902832, "max": 365.8469543457031, "mean": 239.25307996839172, "std": 72.28542641696184}, "diff": {"min": -67.317138671875, "max": 4.100799560546875, "mean": -3.199989741056268}, "misc": {"rmse": 5.941393448780835, "corr": 0.9976794630403539}, "unit": "W/m2"}