{"ref": {"min": 44.25822448730469, "max": 304.2262878417969, "mean": 188.4618897148582}, "ref_regrid": {"min": 44.25822448730469, "max": 304.2262878417969, "mean": 188.4618897148582, "std": 61.05424458541806}, "test": {"min": 46.36600875854492, "max": 304.592041015625, "mean": 186.21794520580286}, "test_regrid": {"min": 46.36600875854492, "max": 304.592041015625, "mean": 186.21794520580286, "std": 59.80600749071181}, "diff": {"min": -45.59185791015625, "max": 16.61041259765625, "mean": -2.2439445090553525}, "misc": {"rmse": 6.678653598217371, "corr": 0.9947950209542571}, "unit": "W/m2"}