{"ref": {"min": 4.659400463104248, "max": 356.171630859375, "mean": 190.9539908773484}, "ref_regrid": {"min": 4.659400463104248, "max": 356.171630859375, "mean": 190.9539908773484, "std": 73.19639965043142}, "test": {"min": 4.819955348968506, "max": 357.2445983886719, "mean": 189.36935629709765}, "test_regrid": {"min": 4.819955348968506, "max": 357.2445983886719, "mean": 189.36935629709765, "std": 72.68561445520187}, "diff": {"min": -39.05754089355469, "max": 38.16728210449219, "mean": -1.5846345802507489}, "misc": {"rmse": 7.5557694591981415, "corr": 0.9948952669325964}, "unit": "W/m2"}