{"ref": {"min": 0.0, "max": 386.60809326171875, "mean": 232.60196780942485}, "ref_regrid": {"min": 0.0, "max": 386.60809326171875, "mean": 232.60196780942485, "std": 100.72566027641365}, "test": {"min": 0.0, "max": 385.8108215332031, "mean": 229.10401244043692}, "test_regrid": {"min": 0.0, "max": 385.8108215332031, "mean": 229.10401244043692, "std": 99.58245511238236}, "diff": {"min": -50.09370422363281, "max": 7.2852783203125, "mean": -3.497955368987968}, "misc": {"rmse": 6.050424265250196, "corr": 0.998850255765192}, "unit": "W/m2"}