{"ref": {"min": 0.0, "max": 390.46826171875, "mean": 194.69939762075182}, "ref_regrid": {"min": 0.0, "max": 390.46826171875, "mean": 194.69939762075182, "std": 95.29671382113327}, "test": {"min": 0.0, "max": 393.81317138671875, "mean": 193.51225455611566}, "test_regrid": {"min": 0.0, "max": 393.81317138671875, "mean": 193.51225455611566, "std": 95.22341894327091}, "diff": {"min": -40.74580383300781, "max": 30.997039794921875, "mean": -1.1871430646361618}, "misc": {"rmse": 7.585874334884296, "corr": 0.996907215339818}, "unit": "W/m2"}