{"ref": {"min": 0.0, "max": 401.3802795410156, "mean": 253.1730486663885}, "ref_regrid": {"min": 0.0, "max": 401.3802795410156, "mean": 253.1730486663885, "std": 110.5795022267346}, "test": {"min": 0.0, "max": 401.5817565917969, "mean": 250.70817313955502}, "test_regrid": {"min": 0.0, "max": 401.5817565917969, "mean": 250.70817313955502, "std": 110.645718811225}, "diff": {"min": -30.471939086914062, "max": 8.482696533203125, "mean": -2.4648755268334845}, "misc": {"rmse": 3.62629991123176, "corr": 0.9997110761274157}, "unit": "W/m2"}