{"ref": {"min": 0.0, "max": 355.4210205078125, "mean": 179.1203513629305}, "ref_regrid": {"min": 0.0, "max": 355.4210205078125, "mean": 179.1203513629305, "std": 89.6899158969007}, "test": {"min": 0.0, "max": 348.94134521484375, "mean": 175.3051340607739}, "test_regrid": {"min": 0.0, "max": 348.94134521484375, "mean": 175.3051340607739, "std": 87.02744861871084}, "diff": {"min": -61.84130859375, "max": 32.935791015625, "mean": -3.815217302156668}, "misc": {"rmse": 11.460366843853988, "corr": 0.9929731846122427}, "unit": "W/m2"}