{"ref": {"min": 13.234047889709473, "max": 364.02911376953125, "mean": 245.69204154045707}, "ref_regrid": {"min": 13.234047889709473, "max": 364.02911376953125, "mean": 245.69204154045707, "std": 73.9053948914107}, "test": {"min": 13.046547889709473, "max": 363.9842224121094, "mean": 243.31153726866594}, "test_regrid": {"min": 13.046547889709473, "max": 363.9842224121094, "mean": 243.31153726866594, "std": 74.00709625539679}, "diff": {"min": -31.634567260742188, "max": 2.428619384765625, "mean": -2.380504271791092}, "misc": {"rmse": 3.524068160671871, "corr": 0.9993836836621254}, "unit": "W/m2"}