{"ref": {"min": 119.05238342285156, "max": 324.3533020019531, "mean": 243.4800319475743}, "ref_regrid": {"min": 119.05238342285156, "max": 324.3533020019531, "mean": 243.4800319475743, "std": 50.247434611460406}, "test": {"min": 118.24760437011719, "max": 322.5350341796875, "mean": 240.59420071971456}, "test_regrid": {"min": 118.24760437011719, "max": 322.5350341796875, "mean": 240.59420071971456, "std": 50.01191585062644}, "diff": {"min": -36.38209533691406, "max": 1.873443603515625, "mean": -2.885831227859756}, "misc": {"rmse": 4.347433546496098, "corr": 0.997907518691514}, "unit": "W/m2"}