{"ref": {"min": 4.434261322021484, "max": 318.207763671875, "mean": 215.98133216542763}, "ref_regrid": {"min": 4.434261322021484, "max": 318.207763671875, "mean": 215.98133216542763, "std": 83.97815068110721}, "test": {"min": 4.119238376617432, "max": 316.514892578125, "mean": 214.1287520816192}, "test_regrid": {"min": 4.119238376617432, "max": 316.514892578125, "mean": 214.1287520816192, "std": 83.81324165579203}, "diff": {"min": -17.001708984375, "max": 12.676521301269531, "mean": -1.8525800838083941}, "misc": {"rmse": 2.6741420046362547, "corr": 0.99973774270013}, "unit": "W/m2"}