{"ref": {"min": 48.92139434814453, "max": 379.6832275390625, "mean": 288.47391160036574}, "ref_regrid": {"min": 48.92139434814453, "max": 379.6832275390625, "mean": 288.47391160036574, "std": 82.41548596021002}, "test": {"min": 48.79720687866211, "max": 379.935791015625, "mean": 289.20169623534116}, "test_regrid": {"min": 48.79720687866211, "max": 379.935791015625, "mean": 289.20169623534116, "std": 82.77501238628584}, "diff": {"min": -11.823440551757812, "max": 34.234375, "mean": 0.7277846349754564}, "misc": {"rmse": 3.054257964950148, "corr": 0.9993645828459196}, "unit": "W/m2"}