{"ref": {"min": 2.2202250957489014, "max": 309.6407165527344, "mean": 211.51208071013}, "ref_regrid": {"min": 2.2202250957489014, "max": 309.6407165527344, "mean": 211.51208071013, "std": 79.32812093341882}, "test": {"min": 2.1508142948150635, "max": 307.6380615234375, "mean": 208.93456808122525}, "test_regrid": {"min": 2.1508142948150635, "max": 307.6380615234375, "mean": 208.93456808122525, "std": 79.02686812916991}, "diff": {"min": -49.070106506347656, "max": 19.550491333007812, "mean": -2.5775126289047274}, "misc": {"rmse": 4.722719457505297, "corr": 0.99875820528173}, "unit": "W/m2"}