{"ref": {"min": 16.929805755615234, "max": 270.3385009765625, "mean": 165.41450612009177}, "ref_regrid": {"min": 16.929805755615234, "max": 270.3385009765625, "mean": 165.41450612009177, "std": 65.73272877226269}, "test": {"min": 15.729475975036621, "max": 268.5457458496094, "mean": 163.52833811192195}, "test_regrid": {"min": 15.729475975036621, "max": 268.5457458496094, "mean": 163.52833811192195, "std": 65.21731888749996}, "diff": {"min": -27.617477416992188, "max": 13.863723754882812, "mean": -1.8861680081698395}, "misc": {"rmse": 5.477037228879131, "corr": 0.9969471431432728}, "unit": "W/m2"}