{"ref": {"min": 0.0, "max": 409.81060791015625, "mean": 236.8767268599679}, "ref_regrid": {"min": 0.0, "max": 409.81060791015625, "mean": 236.8767268599679, "std": 111.2402577167335}, "test": {"min": 0.0, "max": 412.1168518066406, "mean": 237.3038465258073}, "test_regrid": {"min": 0.0, "max": 412.1168518066406, "mean": 237.3038465258073, "std": 111.48113076153122}, "diff": {"min": -33.789825439453125, "max": 30.907135009765625, "mean": 0.42711966583941324}, "misc": {"rmse": 7.06354707491094, "corr": 0.9979980449123579}, "unit": "W/m2"}