{"ref": {"min": 2.3019540309906006, "max": 314.5205383300781, "mean": 167.29089384279004}, "ref_regrid": {"min": 2.3019540309906006, "max": 314.5205383300781, "mean": 167.29089384279004, "std": 76.33482206963643}, "test": {"min": 2.0333216190338135, "max": 315.21881103515625, "mean": 166.04386416334464}, "test_regrid": {"min": 2.0333216190338135, "max": 315.21881103515625, "mean": 166.04386416334464, "std": 75.99219965457846}, "diff": {"min": -32.74275207519531, "max": 30.896163940429688, "mean": -1.247029679445438}, "misc": {"rmse": 6.565391972268441, "corr": 0.9964288084754619}, "unit": "W/m2"}