{"ref": {"min": 48.4444465637207, "max": 363.0735778808594, "mean": 242.85916437360845}, "ref_regrid": {"min": 48.4444465637207, "max": 363.0735778808594, "mean": 242.85916437360845, "std": 82.08933620694475}, "test": {"min": 48.300235748291016, "max": 361.7969665527344, "mean": 243.8712579085103}, "test_regrid": {"min": 48.300235748291016, "max": 361.7969665527344, "mean": 243.8712579085103, "std": 82.36174062499478}, "diff": {"min": -16.572265625, "max": 25.90631103515625, "mean": 1.0120935349018194}, "misc": {"rmse": 4.092813863680836, "corr": 0.9988424391824074}, "unit": "W/m2"}