{"ref": {"min": 0.0, "max": 323.92340087890625, "mean": 159.574862914249}, "ref_regrid": {"min": 0.0, "max": 323.92340087890625, "mean": 159.574862914249, "std": 81.68772127198069}, "test": {"min": 0.0, "max": 313.6641540527344, "mean": 156.22210723818324}, "test_regrid": {"min": 0.0, "max": 313.6641540527344, "mean": 156.22210723818324, "std": 79.91183449322375}, "diff": {"min": -56.5606689453125, "max": 31.075637817382812, "mean": -3.3527556760656867}, "misc": {"rmse": 9.599934652703794, "corr": 0.9940436424041413}, "unit": "W/m2"}