{"ref": {"min": 6.768398761749268, "max": 384.6282958984375, "mean": 241.60003395168624}, "ref_regrid": {"min": 6.768398761749268, "max": 384.6282958984375, "mean": 241.60003395168624, "std": 97.241830387901}, "test": {"min": 6.680788040161133, "max": 387.9471740722656, "mean": 242.90758797057174}, "test_regrid": {"min": 6.680788040161133, "max": 387.9471740722656, "mean": 242.90758797057174, "std": 97.9964808892647}, "diff": {"min": -35.82890319824219, "max": 36.255584716796875, "mean": 1.307554018885466}, "misc": {"rmse": 6.997504629470197, "corr": 0.9975504182263697}, "unit": "W/m2"}