{"ref": {"min": 13.590180397033691, "max": 398.0293273925781, "mean": 289.9866314312234}, "ref_regrid": {"min": 13.590180397033691, "max": 398.0293273925781, "mean": 289.9866314312234, "std": 104.73374918753323}, "test": {"min": 12.565192222595215, "max": 398.5894775390625, "mean": 290.6152319151836}, "test_regrid": {"min": 12.565192222595215, "max": 398.5894775390625, "mean": 290.6152319151836, "std": 104.86923296577338}, "diff": {"min": -13.766098022460938, "max": 31.545684814453125, "mean": 0.6286004839602339}, "misc": {"rmse": 2.4925881129196403, "corr": 0.9997359866466147}, "unit": "W/m2"}