{"ref": {"min": 0.0, "max": 442.18896484375, "mean": 296.9943354081478}, "ref_regrid": {"min": 0.0, "max": 442.18896484375, "mean": 296.9943354081478, "std": 139.02829095209668}, "test": {"min": 0.0, "max": 442.5380554199219, "mean": 297.39755167339314}, "test_regrid": {"min": 0.0, "max": 442.5380554199219, "mean": 297.39755167339314, "std": 139.2826425219555}, "diff": {"min": -16.733139038085938, "max": 25.599624633789062, "mean": 0.40321626524535453}, "misc": {"rmse": 2.1711349762951753, "corr": 0.9998841535908571}, "unit": "W/m2"}