{"ref": {"min": 1.773016095161438, "max": 295.2988586425781, "mean": 164.98049493309279}, "ref_regrid": {"min": 1.773016095161438, "max": 295.2988586425781, "mean": 164.98049493309279, "std": 76.49703411893226}, "test": {"min": 1.5642458200454712, "max": 296.2960510253906, "mean": 163.01454652278363}, "test_regrid": {"min": 1.5642458200454712, "max": 296.2960510253906, "mean": 163.01454652278363, "std": 75.78197759741148}, "diff": {"min": -47.895843505859375, "max": 31.381240844726562, "mean": -1.965948410309138}, "misc": {"rmse": 8.583831746920598, "corr": 0.9940223603807857}, "unit": "W/m2"}