{"ref": {"min": 0.0, "max": 417.3902282714844, "mean": 281.8222043457047}, "ref_regrid": {"min": 0.0, "max": 417.3902282714844, "mean": 281.8222043457047, "std": 123.58288461946118}, "test": {"min": 0.0, "max": 417.56414794921875, "mean": 282.76275587663395}, "test_regrid": {"min": 0.0, "max": 417.56414794921875, "mean": 282.76275587663395, "std": 124.61833523582509}, "diff": {"min": -23.49267578125, "max": 41.012115478515625, "mean": 0.9405515309291809}, "misc": {"rmse": 4.8873975666333855, "corr": 0.9992880224205133}, "unit": "W/m2"}