{"ref": {"min": 9.956442832946777, "max": 391.4576721191406, "mean": 244.65247237536363}, "ref_regrid": {"min": 9.956442832946777, "max": 391.4576721191406, "mean": 244.65247237536363, "std": 97.27759873196153}, "test": {"min": 9.874275207519531, "max": 393.6558837890625, "mean": 245.7288999113862}, "test_regrid": {"min": 9.874275207519531, "max": 393.6558837890625, "mean": 245.7288999113862, "std": 97.46200816627648}, "diff": {"min": -21.546875, "max": 28.578826904296875, "mean": 1.0764275360225857}, "misc": {"rmse": 5.652784944387983, "corr": 0.9983777186936739}, "unit": "W/m2"}