{"ref": {"min": 0.0, "max": 352.1215515136719, "mean": 169.81177289948707}, "ref_regrid": {"min": 0.0, "max": 352.1215515136719, "mean": 169.81177289948707, "std": 91.49560254699198}, "test": {"min": 0.0, "max": 351.2831726074219, "mean": 168.83283463211353}, "test_regrid": {"min": 0.0, "max": 351.2831726074219, "mean": 168.83283463211353, "std": 91.52866993208664}, "diff": {"min": -39.15599060058594, "max": 29.673965454101562, "mean": -0.9789382673735534}, "misc": {"rmse": 6.857126549446525, "corr": 0.9972499293545231}, "unit": "W/m2"}