{"ref": {"min": 0.0, "max": 331.3719787597656, "mean": 207.21718287903312}, "ref_regrid": {"min": 0.0, "max": 331.3719787597656, "mean": 207.21718287903312, "std": 93.27889734135887}, "test": {"min": 0.0, "max": 327.7544860839844, "mean": 204.24117004130892}, "test_regrid": {"min": 0.0, "max": 327.7544860839844, "mean": 204.24117004130892, "std": 92.49328563947779}, "diff": {"min": -45.19996643066406, "max": 23.766525268554688, "mean": -2.9760128377242245}, "misc": {"rmse": 4.749743100615887, "corr": 0.9992416121244603}, "unit": "W/m2"}