{"ref": {"min": 0.0, "max": 356.65301513671875, "mean": 222.34177286009972}, "ref_regrid": {"min": 0.0, "max": 356.65301513671875, "mean": 222.34177286009972, "std": 110.36851983943615}, "test": {"min": 0.0, "max": 355.9148254394531, "mean": 220.30953529452674}, "test_regrid": {"min": 0.0, "max": 355.9148254394531, "mean": 220.30953529452674, "std": 110.24319396230584}, "diff": {"min": -21.9749755859375, "max": 19.288330078125, "mean": -2.032237565572959}, "misc": {"rmse": 3.242135044086361, "corr": 0.9997384098123218}, "unit": "W/m2"}