{"ref": {"min": 7.034677505493164, "max": 393.5150451660156, "mean": 285.092474937834}, "ref_regrid": {"min": 7.034677505493164, "max": 393.5150451660156, "mean": 285.092474937834, "std": 100.64423710836923}, "test": {"min": 7.106459140777588, "max": 393.9109802246094, "mean": 286.031245373476}, "test_regrid": {"min": 7.106459140777588, "max": 393.9109802246094, "mean": 286.031245373476, "std": 101.42143241088826}, "diff": {"min": -44.884246826171875, "max": 44.296356201171875, "mean": 0.9387704356419543}, "misc": {"rmse": 4.158776495559644, "corr": 0.9992255632849184}, "unit": "W/m2"}