{"ref": {"min": 0.0, "max": 438.4164123535156, "mean": 248.30742413229183}, "ref_regrid": {"min": 0.0, "max": 438.4164123535156, "mean": 248.30742413229183, "std": 121.17019026004934}, "test": {"min": 0.0, "max": 438.5192565917969, "mean": 249.54469695780296}, "test_regrid": {"min": 0.0, "max": 438.5192565917969, "mean": 249.54469695780296, "std": 121.77934463819659}, "diff": {"min": -36.96136474609375, "max": 30.81353759765625, "mean": 1.2372728255111203}, "misc": {"rmse": 6.172350889405408, "corr": 0.9987735173668554}, "unit": "W/m2"}