{"ref": {"min": 24.46646499633789, "max": 288.5941162109375, "mean": 214.26309216346823}, "ref_regrid": {"min": 24.46646499633789, "max": 288.5941162109375, "mean": 214.26309216346823, "std": 65.18504489698725}, "test": {"min": 24.15163803100586, "max": 286.7970275878906, "mean": 211.90350637322055}, "test_regrid": {"min": 24.15163803100586, "max": 286.7970275878906, "mean": 211.90350637322055, "std": 65.16258817481324}, "diff": {"min": -20.415664672851562, "max": 8.625808715820312, "mean": -2.3595857902476602}, "misc": {"rmse": 3.279139183539727, "corr": 0.9993897054839711}, "unit": "W/m2"}