{"ref": {"min": -22.246265411376953, "max": 360.52166748046875, "mean": 95.15985645106997}, "ref_regrid": {"min": -22.246265411376953, "max": 360.52166748046875, "mean": 95.15985645106997, "std": 61.663202968828955}, "test": {"min": -24.844987869262695, "max": 411.83319091796875, "mean": 94.99545704265635}, "test_regrid": {"min": -24.844987869262695, "max": 411.83319091796875, "mean": 94.99545704265635, "std": 61.97972111627771}, "diff": {"min": -48.865074157714844, "max": 56.776611328125, "mean": -0.16439940890312862}, "misc": {"rmse": 10.829523616930677, "corr": 0.9846735459200421}, "unit": "W/m2"}