{"ref": {"min": -1.8854362964630127, "max": 269.5950012207031, "mean": 93.74640276342402}, "ref_regrid": {"min": -1.8854362964630127, "max": 269.5950012207031, "mean": 93.74640276342402, "std": 56.36935366938028}, "test": {"min": -1.7489328384399414, "max": 268.4043884277344, "mean": 92.74290224392756}, "test_regrid": {"min": -1.7489328384399414, "max": 268.4043884277344, "mean": 92.74290224392756, "std": 55.058317289136426}, "diff": {"min": -32.08106994628906, "max": 23.688705444335938, "mean": -1.0035005194561708}, "misc": {"rmse": 6.382260779539082, "corr": 0.9938768847495171}, "unit": "W/m2"}