{"ref": {"min": -3.4519221782684326, "max": 301.71905517578125, "mean": 92.71868004555485}, "ref_regrid": {"min": -3.4519221782684326, "max": 301.71905517578125, "mean": 92.71868004555485, "std": 58.14442457411734}, "test": {"min": -3.347628116607666, "max": 289.7669372558594, "mean": 90.80779364993823}, "test_regrid": {"min": -3.347628116607666, "max": 289.7669372558594, "mean": 90.80779364993823, "std": 56.45243003603975}, "diff": {"min": -56.881988525390625, "max": 36.83597946166992, "mean": -1.9108863956136108}, "misc": {"rmse": 9.601197106166122, "corr": 0.9869502790561442}, "unit": "W/m2"}