{"ref": {"min": -7.781651496887207, "max": 402.9920654296875, "mean": 93.0187080313725}, "ref_regrid": {"min": -7.781651496887207, "max": 402.9920654296875, "mean": 93.0187080313725, "std": 68.47653794845084}, "test": {"min": -5.203465461730957, "max": 338.80780029296875, "mean": 92.06644644081531}, "test_regrid": {"min": -5.203465461730957, "max": 338.80780029296875, "mean": 92.06644644081531, "std": 66.28938214769029}, "diff": {"min": -78.70204162597656, "max": 52.62725830078125, "mean": -0.952261590442611}, "misc": {"rmse": 11.190216473237234, "corr": 0.9868337248146785}, "unit": "W/m2"}