{"ref": {"min": -5.609662055969238, "max": 271.194580078125, "mean": 94.08836655308527}, "ref_regrid": {"min": -5.609662055969238, "max": 271.194580078125, "mean": 94.08836655308527, "std": 57.921038813617855}, "test": {"min": -7.334339141845703, "max": 257.60919189453125, "mean": 93.10191178108775}, "test_regrid": {"min": -7.334339141845703, "max": 257.60919189453125, "mean": 93.10191178108775, "std": 56.743509692578776}, "diff": {"min": -54.59258270263672, "max": 44.42887878417969, "mean": -0.9864547719431167}, "misc": {"rmse": 11.588579588993854, "corr": 0.9799285309008988}, "unit": "W/m2"}