{"ref": {"min": 0.782470703125, "max": 70.68571472167969, "mean": 26.43642851858532}, "ref_regrid": {"min": 0.782470703125, "max": 70.68571472167969, "mean": 26.43642851858532, "std": 19.291368528058605}, "test": {"min": 0.9397506713867188, "max": 70.61174011230469, "mean": 26.126643329704233}, "test_regrid": {"min": 0.9397506713867188, "max": 70.61174011230469, "mean": 26.126643329704233, "std": 19.071865694457525}, "diff": {"min": -12.764419555664062, "max": 10.039031982421875, "mean": -0.3097851888810791}, "misc": {"rmse": 2.335544950576813, "corr": 0.9927829593179608}, "unit": "W/m2"}