{"ref": {"min": -1.4353773593902588, "max": 115.64399719238281, "mean": 23.121323522253068}, "ref_regrid": {"min": -1.4353773593902588, "max": 115.64399719238281, "mean": 23.121323522253068, "std": 12.125796569621112}, "test": {"min": -1.3711639642715454, "max": 119.15068817138672, "mean": 22.96909835584082}, "test_regrid": {"min": -1.3711639642715454, "max": 119.15068817138672, "mean": 22.96909835584082, "std": 12.151598826891215}, "diff": {"min": -20.2534122467041, "max": 18.33530044555664, "mean": -0.15222516638672973}, "misc": {"rmse": 3.466134977196563, "corr": 0.9593130945545487}, "unit": "W/m2"}