{"ref": {"min": 0.5056381225585938, "max": 71.79537200927734, "mean": 27.169133061673197}, "ref_regrid": {"min": 0.5056381225585938, "max": 71.79537200927734, "mean": 27.169133061673197, "std": 19.622051772705163}, "test": {"min": 0.4046478271484375, "max": 71.9175796508789, "mean": 26.699774565911415}, "test_regrid": {"min": 0.4046478271484375, "max": 71.9175796508789, "mean": 26.699774565911415, "std": 19.373337389135123}, "diff": {"min": -13.295806884765625, "max": 12.03582763671875, "mean": -0.4693584957617825}, "misc": {"rmse": 2.3377028957467507, "corr": 0.9931832543983453}, "unit": "W/m2"}