{"ref": {"min": -2.3525192737579346, "max": 99.30704498291016, "mean": 23.580697036304436}, "ref_regrid": {"min": -2.3525192737579346, "max": 99.30704498291016, "mean": 23.580697036304436, "std": 11.654222870506386}, "test": {"min": -3.145534038543701, "max": 104.59748840332031, "mean": 23.644181844664494}, "test_regrid": {"min": -3.145534038543701, "max": 104.59748840332031, "mean": 23.644181844664494, "std": 11.719830798154582}, "diff": {"min": -21.291757583618164, "max": 23.120840072631836, "mean": 0.06348480817398464}, "misc": {"rmse": 4.494469396599933, "corr": 0.9260832311701334}, "unit": "W/m2"}