{"ref": {"min": -1.9374595880508423, "max": 131.15023803710938, "mean": 23.372034471952222}, "ref_regrid": {"min": -1.9374595880508423, "max": 131.15023803710938, "mean": 23.372034471952222, "std": 14.25913980579465}, "test": {"min": -2.4450435638427734, "max": 125.225830078125, "mean": 23.507694876307124}, "test_regrid": {"min": -2.4450435638427734, "max": 125.225830078125, "mean": 23.507694876307124, "std": 14.512833634829734}, "diff": {"min": -21.255821228027344, "max": 26.898799896240234, "mean": 0.13566040431377302}, "misc": {"rmse": 4.109330265928828, "corr": 0.9593993708893038}, "unit": "W/m2"}