{"ref": {"min": 0.29790496826171875, "max": 75.11158752441406, "mean": 27.893042552440303}, "ref_regrid": {"min": 0.29790496826171875, "max": 75.11158752441406, "mean": 27.893042552440303, "std": 19.551179838994884}, "test": {"min": 0.12258148193359375, "max": 74.0137939453125, "mean": 27.427142754626217}, "test_regrid": {"min": 0.12258148193359375, "max": 74.0137939453125, "mean": 27.427142754626217, "std": 19.526546820118156}, "diff": {"min": -12.999507904052734, "max": 14.503532409667969, "mean": -0.4658997978140855}, "misc": {"rmse": 2.343281839321896, "corr": 0.9930935624517437}, "unit": "W/m2"}