{"ref": {"min": 0.2792969346046448, "max": 91.01616668701172, "mean": 22.594595540181185}, "ref_regrid": {"min": 0.2792969346046448, "max": 91.01616668701172, "mean": 22.594595540181185, "std": 13.312010529316973}, "test": {"min": 0.3921976089477539, "max": 94.29756164550781, "mean": 22.53961858564934}, "test_regrid": {"min": 0.3921976089477539, "max": 94.29756164550781, "mean": 22.53961858564934, "std": 13.69061433705871}, "diff": {"min": -21.57196044921875, "max": 22.60912322998047, "mean": -0.05497695453222875}, "misc": {"rmse": 3.795111308663444, "corr": 0.9608874139170365}, "unit": "W/m2"}