{"ref": {"min": 1.217315673828125, "max": 70.14131164550781, "mean": 26.75161813451452}, "ref_regrid": {"min": 1.217315673828125, "max": 70.14131164550781, "mean": 26.75161813451452, "std": 18.557044048069205}, "test": {"min": 1.2978668212890625, "max": 69.50128173828125, "mean": 26.39927624953829}, "test_regrid": {"min": 1.2978668212890625, "max": 69.50128173828125, "mean": 26.39927624953829, "std": 18.37739578357972}, "diff": {"min": -7.267143249511719, "max": 5.714439392089844, "mean": -0.3523418849762281}, "misc": {"rmse": 1.351502690419639, "corr": 0.9975513288433299}, "unit": "W/m2"}