{"ref": {"min": -0.5848959684371948, "max": 95.288330078125, "mean": 23.167162645549332}, "ref_regrid": {"min": -0.5848959684371948, "max": 95.288330078125, "mean": 23.167162645549332, "std": 10.458405800813397}, "test": {"min": -0.9926090240478516, "max": 97.38433074951172, "mean": 23.165148415241294}, "test_regrid": {"min": -0.9926090240478516, "max": 97.38433074951172, "mean": 23.165148415241294, "std": 10.576570418176692}, "diff": {"min": -10.877410888671875, "max": 12.492488861083984, "mean": -0.0020142302638932455}, "misc": {"rmse": 2.4477309837960997, "corr": 0.9729807413097308}, "unit": "W/m2"}