{"ref": {"min": 0.2194061279296875, "max": 74.32391357421875, "mean": 25.50786837063973}, "ref_regrid": {"min": 0.2194061279296875, "max": 74.32391357421875, "mean": 25.50786837063973, "std": 19.27921980497376}, "test": {"min": 0.38959503173828125, "max": 74.42542266845703, "mean": 25.343544345183265}, "test_regrid": {"min": 0.38959503173828125, "max": 74.42542266845703, "mean": 25.343544345183265, "std": 19.05968754310389}, "diff": {"min": -11.46209716796875, "max": 13.150947570800781, "mean": -0.16432402545646543}, "misc": {"rmse": 2.424024374996604, "corr": 0.9921069470889333}, "unit": "W/m2"}