{"ref": {"min": -88.42485046386719, "max": 20.55828094482422, "mean": -19.911743910612365}, "ref_regrid": {"min": -88.42485046386719, "max": 20.55828094482422, "mean": -19.911743910612365, "std": 17.89117174129911}, "test": {"min": -83.40658569335938, "max": 21.02237892150879, "mean": -19.47947550761046}, "test_regrid": {"min": -83.40658569335938, "max": 21.02237892150879, "mean": -19.47947550761046, "std": 17.48901745256709}, "diff": {"min": -18.43944549560547, "max": 22.58633804321289, "mean": 0.43226840300277125}, "misc": {"rmse": 4.008777907003008, "corr": 0.9748773323140993}, "unit": "W/m2"}