{"ref": {"min": -147.76881408691406, "max": 43.13996124267578, "mean": -26.09231576501435}, "ref_regrid": {"min": -147.76881408691406, "max": 43.13996124267578, "mean": -26.09231576501435, "std": 32.3309923676701}, "test": {"min": -139.74729919433594, "max": 44.129173278808594, "mean": -25.31323611756259}, "test_regrid": {"min": -139.74729919433594, "max": 44.129173278808594, "mean": -25.31323611756259, "std": 32.08506297704612}, "diff": {"min": -19.31267547607422, "max": 16.330970764160156, "mean": 0.779079647462003}, "misc": {"rmse": 3.874073738321119, "corr": 0.9930876213607975}, "unit": "W/m2"}