{"ref": {"min": -96.98771667480469, "max": 19.48953628540039, "mean": -22.21283553892395}, "ref_regrid": {"min": -96.98771667480469, "max": 19.48953628540039, "mean": -22.21283553892395, "std": 21.238032885934675}, "test": {"min": -103.51560974121094, "max": 21.016658782958984, "mean": -21.91723369476297}, "test_regrid": {"min": -103.51560974121094, "max": 21.016658782958984, "mean": -21.91723369476297, "std": 21.185053073266218}, "diff": {"min": -19.635940551757812, "max": 27.692909240722656, "mean": 0.29560184416843943}, "misc": {"rmse": 3.7117424167309836, "corr": 0.9847899910326813}, "unit": "W/m2"}