{"ref": {"min": -70.39089965820312, "max": 13.145209312438965, "mean": -22.44758452724194}, "ref_regrid": {"min": -70.39089965820312, "max": 13.145209312438965, "mean": -22.44758452724194, "std": 14.094803426838302}, "test": {"min": -69.72978210449219, "max": 11.86013412475586, "mean": -22.1652899645415}, "test_regrid": {"min": -69.72978210449219, "max": 11.86013412475586, "mean": -22.1652899645415, "std": 13.879348442014972}, "diff": {"min": -10.03160285949707, "max": 11.122398376464844, "mean": 0.28229456270043657}, "misc": {"rmse": 2.4681120809324852, "corr": 0.9847529336572425}, "unit": "W/m2"}