{"ref": {"min": -171.4615478515625, "max": 68.17420196533203, "mean": -22.13445159174695}, "ref_regrid": {"min": -171.4615478515625, "max": 68.17420196533203, "mean": -22.13445159174695, "std": 35.946231996846194}, "test": {"min": -162.54571533203125, "max": 67.33441162109375, "mean": -22.67551845883118}, "test_regrid": {"min": -162.54571533203125, "max": 67.33441162109375, "mean": -22.67551845883118, "std": 36.590912250627376}, "diff": {"min": -35.50486755371094, "max": 25.69147491455078, "mean": -0.541066867091681}, "misc": {"rmse": 6.199639307007666, "corr": 0.985658403001228}, "unit": "W/m2"}