{"ref": {"min": -335.7992248535156, "max": 239.7187957763672, "mean": -6.705232522358767}, "ref_regrid": {"min": -335.7992248535156, "max": 239.7187957763672, "mean": -6.705232522358767, "std": 80.58366937041002}, "test": {"min": -349.5736389160156, "max": 247.7843017578125, "mean": -6.195963902851024}, "test_regrid": {"min": -349.5736389160156, "max": 247.7843017578125, "mean": -6.195963902851024, "std": 81.9934606008928}, "diff": {"min": -68.18171691894531, "max": 57.20994567871094, "mean": 0.5092686182395475}, "misc": {"rmse": 12.541957766093352, "corr": 0.9882665355265949}, "unit": "W/m2"}