{"ref": {"min": -128.16085815429688, "max": 48.75014877319336, "mean": -22.096967908832323}, "ref_regrid": {"min": -128.16085815429688, "max": 48.75014877319336, "mean": -22.096967908832323, "std": 19.47149370504487}, "test": {"min": -130.8321990966797, "max": 46.65495300292969, "mean": -21.975892014167254}, "test_regrid": {"min": -130.8321990966797, "max": 46.65495300292969, "mean": -21.975892014167254, "std": 19.36057250492493}, "diff": {"min": -14.310928344726562, "max": 12.260883331298828, "mean": 0.12107589466506821}, "misc": {"rmse": 3.1787175689008476, "corr": 0.9866341689467887}, "unit": "W/m2"}