{"ref": {"min": -123.81904602050781, "max": 60.48577117919922, "mean": -20.095157259334112}, "ref_regrid": {"min": -123.81904602050781, "max": 60.48577117919922, "mean": -20.095157259334112, "std": 25.54003014607203}, "test": {"min": -131.86260986328125, "max": 61.114593505859375, "mean": -19.7933782304526}, "test_regrid": {"min": -131.86260986328125, "max": 61.114593505859375, "mean": -19.7933782304526, "std": 25.13290117333469}, "diff": {"min": -29.124176025390625, "max": 23.44064712524414, "mean": 0.3017790288815133}, "misc": {"rmse": 5.4773463233841415, "corr": 0.9768307157686997}, "unit": "W/m2"}