{"ref": {"min": -146.4873809814453, "max": 74.63232421875, "mean": -24.63695740479607}, "ref_regrid": {"min": -146.4873809814453, "max": 74.63232421875, "mean": -24.63695740479607, "std": 37.786822638909186}, "test": {"min": -139.41329956054688, "max": 73.93143463134766, "mean": -24.049557924069287}, "test_regrid": {"min": -139.41329956054688, "max": 73.93143463134766, "mean": -24.049557924069287, "std": 37.377620029988506}, "diff": {"min": -33.618804931640625, "max": 26.989055633544922, "mean": 0.5873994807267868}, "misc": {"rmse": 5.215166628499258, "corr": 0.9905530204412097}, "unit": "W/m2"}