{"ref": {"min": -314.7423400878906, "max": 182.93035888671875, "mean": 5.867825127816347}, "ref_regrid": {"min": -314.7423400878906, "max": 182.93035888671875, "mean": 5.867825127816347, "std": 50.53146222439538}, "test": {"min": -293.03204345703125, "max": 187.3039093017578, "mean": 8.341933930447153}, "test_regrid": {"min": -293.03204345703125, "max": 187.3039093017578, "mean": 8.341933930447153, "std": 51.07365848646755}, "diff": {"min": -64.96987915039062, "max": 64.00688934326172, "mean": 2.474108803625868}, "misc": {"rmse": 12.443126679230222, "corr": 0.971246381287751}, "unit": "W/m2"}