{"ref": {"min": -162.25836181640625, "max": 64.89898681640625, "mean": -21.52130525989153}, "ref_regrid": {"min": -162.25836181640625, "max": 64.89898681640625, "mean": -21.52130525989153, "std": 27.57010622654085}, "test": {"min": -165.6842803955078, "max": 66.22996520996094, "mean": -21.385113354409746}, "test_regrid": {"min": -165.6842803955078, "max": 66.22996520996094, "mean": -21.385113354409746, "std": 27.178633195999033}, "diff": {"min": -20.959136962890625, "max": 24.860336303710938, "mean": 0.13619190548178506}, "misc": {"rmse": 4.607588452398755, "corr": 0.985948504035053}, "unit": "W/m2"}