{"ref": {"min": -560.3701782226562, "max": 219.5071258544922, "mean": 10.289149887600507}, "ref_regrid": {"min": -560.3701782226562, "max": 219.5071258544922, "mean": 10.289149887600507, "std": 95.4593760791426}, "test": {"min": -453.2853698730469, "max": 216.54087829589844, "mean": 11.5711872968826}, "test_regrid": {"min": -453.2853698730469, "max": 216.54087829589844, "mean": 11.5711872968826, "std": 93.39964218882746}, "diff": {"min": -110.05357360839844, "max": 108.70758056640625, "mean": 1.2820374094018534}, "misc": {"rmse": 15.35552939856382, "corr": 0.9871069165722476}, "unit": "W/m2"}