{"ref": {"min": -231.20114135742188, "max": 175.7903289794922, "mean": 0.9088524478403666}, "ref_regrid": {"min": -231.20114135742188, "max": 175.7903289794922, "mean": 0.9088524478403666, "std": 47.04653999622577}, "test": {"min": -254.00314331054688, "max": 178.54290771484375, "mean": 2.6101538495810694}, "test_regrid": {"min": -254.00314331054688, "max": 178.54290771484375, "mean": 2.6101538495810694, "std": 48.247459930357046}, "diff": {"min": -61.89616012573242, "max": 80.2651596069336, "mean": 1.701301400850818}, "misc": {"rmse": 14.370204302472443, "corr": 0.955467582038325}, "unit": "W/m2"}