{"ref": {"min": -132.57057189941406, "max": 32.06953430175781, "mean": -21.573442950758576}, "ref_regrid": {"min": -132.57057189941406, "max": 32.06953430175781, "mean": -21.573442950758576, "std": 28.64662827136752}, "test": {"min": -125.29164123535156, "max": 31.826595306396484, "mean": -21.95121452776372}, "test_regrid": {"min": -125.29164123535156, "max": 31.826595306396484, "mean": -21.95121452776372, "std": 28.708087981210785}, "diff": {"min": -32.782188415527344, "max": 28.024803161621094, "mean": -0.37777157707567793}, "misc": {"rmse": 5.339086248145876, "corr": 0.9827579636325205}, "unit": "W/m2"}