{"ref": {"min": -243.43072509765625, "max": 156.5726318359375, "mean": 2.590148722973183}, "ref_regrid": {"min": -243.43072509765625, "max": 156.5726318359375, "mean": 2.590148722973183, "std": 32.10193338384522}, "test": {"min": -224.11859130859375, "max": 155.7463836669922, "mean": 4.081827783101162}, "test_regrid": {"min": -224.11859130859375, "max": 155.7463836669922, "mean": 4.081827783101162, "std": 31.742642585978807}, "diff": {"min": -40.63447952270508, "max": 43.74669647216797, "mean": 1.4916790607175467}, "misc": {"rmse": 7.935596972252254, "corr": 0.9702554019045965}, "unit": "W/m2"}