{"ref": {"min": -304.0093078613281, "max": 245.84405517578125, "mean": -0.3198109840400732}, "ref_regrid": {"min": -304.0093078613281, "max": 245.84405517578125, "mean": -0.3198109840400732, "std": 29.040885617250687}, "test": {"min": -301.7216491699219, "max": 221.4593963623047, "mean": -0.3216206805612461}, "test_regrid": {"min": -301.7216491699219, "max": 221.4593963623047, "mean": -0.3216206805612461, "std": 29.813305851157796}, "diff": {"min": -61.419769287109375, "max": 51.70757293701172, "mean": -0.001809696711594865}, "misc": {"rmse": 10.82424713313234, "corr": 0.9326824642656354}, "unit": "mbar/day"}