{"ref": {"min": -273.65704345703125, "max": 593.6680297851562, "mean": -0.18160052841534152}, "ref_regrid": {"min": -273.65704345703125, "max": 593.6680297851562, "mean": -0.18160052841534152, "std": 33.32755716314167}, "test": {"min": -388.50323486328125, "max": 643.4928588867188, "mean": -0.1750544969335111}, "test_regrid": {"min": -388.50323486328125, "max": 643.4928588867188, "mean": -0.1750544969335111, "std": 33.94861027258241}, "diff": {"min": -132.80787658691406, "max": 119.18093872070312, "mean": 0.013760027857464737}, "misc": {"rmse": 9.643600318214125, "corr": 0.9590279283814055}, "unit": "mbar/day"}