{"ref": {"min": -154.0303192138672, "max": 67.87374114990234, "mean": 0.164821843231046}, "ref_regrid": {"min": -154.0303192138672, "max": 67.87374114990234, "mean": 0.164821843231046, "std": 15.209943773781106}, "test": {"min": -180.10745239257812, "max": 70.04049682617188, "mean": 0.16110389846283926}, "test_regrid": {"min": -180.10745239257812, "max": 70.04049682617188, "mean": 0.16110389846283926, "std": 15.426060815665192}, "diff": {"min": -36.262901306152344, "max": 40.7332878112793, "mean": -0.0037179457856401903}, "misc": {"rmse": 5.929299955998482, "corr": 0.9251801786393368}, "unit": "mbar/day"}