{"ref": {"min": -336.5529479980469, "max": 250.53402709960938, "mean": -0.3072321293320356}, "ref_regrid": {"min": -336.5529479980469, "max": 250.53402709960938, "mean": -0.3072321293320356, "std": 29.69308236521229}, "test": {"min": -382.2463684082031, "max": 276.23931884765625, "mean": -0.3095049746462496}, "test_regrid": {"min": -382.2463684082031, "max": 276.23931884765625, "mean": -0.3095049746462496, "std": 29.887287838502075}, "diff": {"min": -67.86476135253906, "max": 56.147796630859375, "mean": -0.0022728438607783332}, "misc": {"rmse": 11.467619522502828, "corr": 0.9259286647982072}, "unit": "mbar/day"}