{"ref": {"min": -315.204345703125, "max": 180.82884216308594, "mean": -0.32440668429179037}, "ref_regrid": {"min": -315.204345703125, "max": 180.82884216308594, "mean": -0.32440668429179037, "std": 25.873617264142016}, "test": {"min": -331.4672546386719, "max": 167.4793243408203, "mean": -0.32699192835455954}, "test_regrid": {"min": -331.4672546386719, "max": 167.4793243408203, "mean": -0.32699192835455954, "std": 26.08334222238641}, "diff": {"min": -71.09978485107422, "max": 89.58100891113281, "mean": -0.002585245471831961}, "misc": {"rmse": 9.966247230643374, "corr": 0.9264435885415767}, "unit": "mbar/day"}