{"ref": {"min": -198.57948303222656, "max": 59.221282958984375, "mean": 0.18513644760206063}, "ref_regrid": {"min": -198.57948303222656, "max": 59.221282958984375, "mean": 0.18513644760206063, "std": 12.9466447254524}, "test": {"min": -222.19297790527344, "max": 63.453208923339844, "mean": 0.1882842555177108}, "test_regrid": {"min": -222.19297790527344, "max": 63.453208923339844, "mean": 0.1882842555177108, "std": 13.069422584135939}, "diff": {"min": -40.15457534790039, "max": 47.10966110229492, "mean": 0.0031478084195327286}, "misc": {"rmse": 4.949096681756738, "corr": 0.9276662929242492}, "unit": "mbar/day"}