{"ref": {"min": -369.5141906738281, "max": 724.4647216796875, "mean": -0.12701910397726354}, "ref_regrid": {"min": -369.5141906738281, "max": 724.4647216796875, "mean": -0.12701910397726354, "std": 34.35346045201579}, "test": {"min": -325.43280029296875, "max": 704.4906616210938, "mean": -0.12004273890741551}, "test_regrid": {"min": -325.43280029296875, "max": 704.4906616210938, "mean": -0.12004273890741551, "std": 34.03973153371323}, "diff": {"min": -140.6249237060547, "max": 160.326171875, "mean": 0.013933443765895694}, "misc": {"rmse": 9.579241644012418, "corr": 0.9607184032268185}, "unit": "mbar/day"}