{"ref": {"min": -278.3479309082031, "max": 61.20161056518555, "mean": 0.1763370846655127}, "ref_regrid": {"min": -278.3479309082031, "max": 61.20161056518555, "mean": 0.1763370846655127, "std": 15.430525470418841}, "test": {"min": -269.5440979003906, "max": 64.75171661376953, "mean": 0.1785004120457329}, "test_regrid": {"min": -269.5440979003906, "max": 64.75171661376953, "mean": 0.1785004120457329, "std": 15.93183050778212}, "diff": {"min": -50.07157897949219, "max": 50.231964111328125, "mean": 0.002163326890829236}, "misc": {"rmse": 5.8981692883610615, "corr": 0.9297559829686072}, "unit": "mbar/day"}