{"ref": {"min": -291.52203369140625, "max": 828.6320190429688, "mean": -0.18105070962043646}, "ref_regrid": {"min": -291.52203369140625, "max": 828.6320190429688, "mean": -0.18105070962043646, "std": 35.28703485897832}, "test": {"min": -333.11810302734375, "max": 893.9365844726562, "mean": -0.1954230466360285}, "test_regrid": {"min": -333.11810302734375, "max": 893.9365844726562, "mean": -0.1954230466360285, "std": 36.81283883423306}, "diff": {"min": -119.38683319091797, "max": 129.6165771484375, "mean": -0.005031731096404029}, "misc": {"rmse": 11.025601965332877, "corr": 0.9540235974765245}, "unit": "mbar/day"}