{"ref": {"min": -310.5046691894531, "max": 816.0218505859375, "mean": -0.25324155891620953}, "ref_regrid": {"min": -310.5046691894531, "max": 816.0218505859375, "mean": -0.25324155891620953, "std": 31.85299746216115}, "test": {"min": -237.5059814453125, "max": 752.6085205078125, "mean": -0.2539636433666406}, "test_regrid": {"min": -237.5059814453125, "max": 752.6085205078125, "mean": -0.2539636433666406, "std": 30.560381807793362}, "diff": {"min": -96.03549194335938, "max": 139.93890380859375, "mean": 0.06089802818738689}, "misc": {"rmse": 10.1774673839983, "corr": 0.9467009769855663}, "unit": "mbar/day"}