{"ref": {"min": -159.00746154785156, "max": 47.287696838378906, "mean": 0.17484655514293954}, "ref_regrid": {"min": -159.00746154785156, "max": 47.287696838378906, "mean": 0.17484655514293954, "std": 12.672138188470667}, "test": {"min": -170.34030151367188, "max": 43.536170959472656, "mean": 0.1761538107407573}, "test_regrid": {"min": -170.34030151367188, "max": 43.536170959472656, "mean": 0.1761538107407573, "std": 13.005935607850756}, "diff": {"min": -35.06753921508789, "max": 34.64979553222656, "mean": 0.0013072553886252496}, "misc": {"rmse": 6.310145595026935, "corr": 0.8795407150575585}, "unit": "mbar/day"}