{"ref": {"min": -161.6661834716797, "max": 46.35322570800781, "mean": 0.1767487283584713}, "ref_regrid": {"min": -161.6661834716797, "max": 46.35322570800781, "mean": 0.1767487283584713, "std": 11.098565460257014}, "test": {"min": -161.8655242919922, "max": 47.74674606323242, "mean": 0.1775176765267766}, "test_regrid": {"min": -161.8655242919922, "max": 47.74674606323242, "mean": 0.1775176765267766, "std": 11.392964557034627}, "diff": {"min": -23.939926147460938, "max": 16.602947235107422, "mean": 0.000768948045192008}, "misc": {"rmse": 3.412415771767033, "corr": 0.9542968939877161}, "unit": "mbar/day"}