{"ref": {"min": -233.66880798339844, "max": 127.56468200683594, "mean": -0.3141883248047443}, "ref_regrid": {"min": -233.66880798339844, "max": 127.56468200683594, "mean": -0.3141883248047443, "std": 24.706009265889932}, "test": {"min": -245.3015594482422, "max": 127.2148666381836, "mean": -0.3167473509603424}, "test_regrid": {"min": -245.3015594482422, "max": 127.2148666381836, "mean": -0.3167473509603424, "std": 24.870555070070335}, "diff": {"min": -54.82579803466797, "max": 56.70155334472656, "mean": -0.0025590273671953477}, "misc": {"rmse": 12.202228278557257, "corr": 0.87886177069152}, "unit": "mbar/day"}