{"ref": {"min": -221.1407012939453, "max": 107.01398468017578, "mean": -0.31821673008510193}, "ref_regrid": {"min": -221.1407012939453, "max": 107.01398468017578, "mean": -0.31821673008510193, "std": 22.136770421831088}, "test": {"min": -236.49237060546875, "max": 125.48648071289062, "mean": -0.3204122614115376}, "test_regrid": {"min": -236.49237060546875, "max": 125.48648071289062, "mean": -0.3204122614115376, "std": 22.461484086070143}, "diff": {"min": -44.20212173461914, "max": 38.64917755126953, "mean": -0.002195532277167871}, "misc": {"rmse": 6.263668575011941, "corr": 0.9606535043088638}, "unit": "mbar/day"}