{"ref": {"min": -286.83160400390625, "max": 628.097900390625, "mean": -0.20672935941314297}, "ref_regrid": {"min": -286.83160400390625, "max": 628.097900390625, "mean": -0.20672935941314297, "std": 28.848364303073208}, "test": {"min": -309.64898681640625, "max": 635.599609375, "mean": -0.20071324774408217}, "test_regrid": {"min": -309.64898681640625, "max": 635.599609375, "mean": -0.20071324774408217, "std": 29.04117893429488}, "diff": {"min": -61.61150360107422, "max": 68.28370666503906, "mean": 0.017191380857545832}, "misc": {"rmse": 5.496079937732753, "corr": 0.9819508334586021}, "unit": "mbar/day"}