{"ref": {"min": 0.0016726612811908126, "max": 41.683143615722656, "mean": 3.2237416977536033}, "ref_regrid": {"min": 0.0016726612811908126, "max": 41.683143615722656, "mean": 3.2237416977536033, "std": 2.7956228661190523}, "test": {"min": 9.507239155936986e-05, "max": 43.1464958190918, "mean": 3.166740868126776}, "test_regrid": {"min": 9.507239155936986e-05, "max": 43.1464958190918, "mean": 3.166740868126776, "std": 2.704834690349241}, "diff": {"min": -6.451743125915527, "max": 7.900548934936523, "mean": -0.057000829616153}, "misc": {"rmse": 0.7384309552350214, "corr": 0.9647044398811374}, "unit": "mm/day"}