{"ref": {"min": 0.00887262262403965, "max": 29.819923400878906, "mean": 3.2386225759397393}, "ref_regrid": {"min": 0.00887262262403965, "max": 29.819923400878906, "mean": 3.2386225759397393, "std": 2.3353317136173684}, "test": {"min": 0.010043433867394924, "max": 30.925416946411133, "mean": 3.204321566693171}, "test_regrid": {"min": 0.010043433867394924, "max": 30.925416946411133, "mean": 3.204321566693171, "std": 2.2975601726456376}, "diff": {"min": -2.376729965209961, "max": 5.4289350509643555, "mean": -0.03430100923643262}, "misc": {"rmse": 0.48689426188024815, "corr": 0.9781511577799041}, "unit": "mm/day"}