{"ref": {"min": 0.003492588410153985, "max": 25.86053466796875, "mean": 3.238835042852655}, "ref_regrid": {"min": 0.003492588410153985, "max": 25.86053466796875, "mean": 3.238835042852655, "std": 2.513652610635075}, "test": {"min": 0.006022568792104721, "max": 28.01347541809082, "mean": 3.2003193808407153}, "test_regrid": {"min": 0.006022568792104721, "max": 28.01347541809082, "mean": 3.2003193808407153, "std": 2.404039122079417}, "diff": {"min": -4.474865436553955, "max": 5.752983570098877, "mean": -0.03851566200549849}, "misc": {"rmse": 0.8630468413419974, "corr": 0.939486923925119}, "unit": "mm/day"}