{"ref": {"min": 0.00013199176464695483, "max": 23.317916870117188, "mean": 3.212840912385486}, "ref_regrid": {"min": 0.00013199176464695483, "max": 23.317916870117188, "mean": 3.212840912385486, "std": 2.899023035236909}, "test": {"min": 0.0006065694615244865, "max": 26.897815704345703, "mean": 3.1812382997010644}, "test_regrid": {"min": 0.0006065694615244865, "max": 26.897815704345703, "mean": 3.1812382997010644, "std": 2.8267018595912043}, "diff": {"min": -5.761671543121338, "max": 5.238894462585449, "mean": -0.03160261268402985}, "misc": {"rmse": 0.8440436118308948, "corr": 0.9569122251304346}, "unit": "mm/day"}