{"ref": {"min": 7.666344754397869e-05, "max": 43.07099533081055, "mean": 3.279072646752382}, "ref_regrid": {"min": 7.666344754397869e-05, "max": 43.07099533081055, "mean": 3.279072646752382, "std": 3.0433917957942733}, "test": {"min": 0.0001688930788077414, "max": 50.4849967956543, "mean": 3.2689877249339543}, "test_regrid": {"min": 0.0001688930788077414, "max": 50.4849967956543, "mean": 3.2689877249339543, "std": 3.1382922084419125}, "diff": {"min": -4.605694770812988, "max": 10.15078067779541, "mean": -0.010084921874005679}, "misc": {"rmse": 0.9055130093834926, "corr": 0.9575520079531136}, "unit": "mm/day"}