{"ref": {"min": 979.2554321289062, "max": 1037.3177490234375, "mean": 1011.4226721552857}, "ref_regrid": {"min": 979.2554321289062, "max": 1037.3177490234375, "mean": 1011.4226721552857, "std": 10.379786855185454}, "test": {"min": 979.3423461914062, "max": 1035.9010009765625, "mean": 1011.3898063473412}, "test_regrid": {"min": 979.3423461914062, "max": 1035.9010009765625, "mean": 1011.3898063473412, "std": 10.072198843624658}, "diff": {"min": -9.63116455078125, "max": 11.501220703125, "mean": -0.032865807944701564}, "misc": {"rmse": 1.8569295919241864, "corr": 0.983966597936322}, "unit": "mbar"}