{"ref": {"min": 969.1123046875, "max": 1030.072265625, "mean": 1011.1907166948624}, "ref_regrid": {"min": 969.1123046875, "max": 1030.072265625, "mean": 1011.1907166948624, "std": 11.019297646153865}, "test": {"min": 971.604248046875, "max": 1029.9122314453125, "mean": 1011.1907587818715}, "test_regrid": {"min": 971.604248046875, "max": 1029.9122314453125, "mean": 1011.1907587818715, "std": 11.013787161891463}, "diff": {"min": -8.78326416015625, "max": 8.21966552734375, "mean": 4.20870091727976e-05}, "misc": {"rmse": 1.7599630735680616, "corr": 0.9872390712646079}, "unit": "mbar"}