{"ref": {"min": 973.8677978515625, "max": 1026.5616455078125, "mean": 1011.2300596630629}, "ref_regrid": {"min": 973.8677978515625, "max": 1026.5616455078125, "mean": 1011.2300596630629, "std": 10.17582947193907}, "test": {"min": 972.6199951171875, "max": 1026.30859375, "mean": 1011.2323890937487}, "test_regrid": {"min": 972.6199951171875, "max": 1026.30859375, "mean": 1011.2323890937487, "std": 10.410372284797587}, "diff": {"min": -6.0186767578125, "max": 5.70611572265625, "mean": 0.002329430685883856}, "misc": {"rmse": 1.2459419417639417, "corr": 0.9929326128607843}, "unit": "mbar"}