{"ref": {"min": 974.4985961914062, "max": 1027.3275146484375, "mean": 1011.26100946487}, "ref_regrid": {"min": 974.4985961914062, "max": 1027.3275146484375, "mean": 1011.26100946487, "std": 9.958135784217731}, "test": {"min": 968.728515625, "max": 1026.7984619140625, "mean": 1011.2521803748177}, "test_regrid": {"min": 968.728515625, "max": 1026.7984619140625, "mean": 1011.2521803748177, "std": 10.517269490123157}, "diff": {"min": -8.99615478515625, "max": 8.781494140625, "mean": -0.00882909005209158}, "misc": {"rmse": 2.049884153105517, "corr": 0.9814321222153105}, "unit": "mbar"}