{"ref": {"min": 968.6072998046875, "max": 1028.265625, "mean": 1011.0458393519455}, "ref_regrid": {"min": 968.6072998046875, "max": 1028.265625, "mean": 1011.0458393519455, "std": 10.934373398767452}, "test": {"min": 968.515625, "max": 1028.990234375, "mean": 1011.0968105209023}, "test_regrid": {"min": 968.515625, "max": 1028.990234375, "mean": 1011.0968105209023, "std": 11.506967509356532}, "diff": {"min": -9.9381103515625, "max": 6.5169677734375, "mean": 0.05097116895680479}, "misc": {"rmse": 1.9118522091052248, "corr": 0.9867879599760984}, "unit": "mbar"}