{"ref": {"min": -180.39105224609375, "max": 107.3519287109375, "mean": 3.271019550639075}, "ref_regrid": {"min": -180.39105224609375, "max": 107.3519287109375, "mean": 3.271019550639075, "std": 72.60045935304463}, "test": {"min": -179.29537963867188, "max": 111.08541870117188, "mean": 4.760295084078088}, "test_regrid": {"min": -179.29537963867188, "max": 111.08541870117188, "mean": 4.760295084078088, "std": 72.94102845664504}, "diff": {"min": -19.326187133789062, "max": 41.45820617675781, "mean": 1.4892755334390142}, "misc": {"rmse": 4.629689335050196, "corr": 0.998196590916724}, "unit": "W/m2"}