{"ref": {"min": -163.35513305664062, "max": 109.10272216796875, "mean": 1.5791584977089326}, "ref_regrid": {"min": -163.35513305664062, "max": 109.10272216796875, "mean": 1.5791584977089326, "std": 70.52704086793862}, "test": {"min": -164.20889282226562, "max": 107.49427795410156, "mean": 3.50077667332973}, "test_regrid": {"min": -164.20889282226562, "max": 107.49427795410156, "mean": 3.50077667332973, "std": 71.69178227857051}, "diff": {"min": -28.268882751464844, "max": 57.499755859375, "mean": 1.921618175620795}, "misc": {"rmse": 6.3002822228743405, "corr": 0.9965740820369218}, "unit": "W/m2"}