{"ref": {"min": -128.28318786621094, "max": 94.55606079101562, "mean": 1.7732865043963382}, "ref_regrid": {"min": -128.28318786621094, "max": 94.55606079101562, "mean": 1.7732865043963382, "std": 54.6163141522543}, "test": {"min": -126.63392639160156, "max": 95.32173156738281, "mean": 3.24452264314542}, "test_regrid": {"min": -126.63392639160156, "max": 95.32173156738281, "mean": 3.24452264314542, "std": 54.95632963927078}, "diff": {"min": -8.268402099609375, "max": 41.731231689453125, "mean": 1.4712361387490787}, "misc": {"rmse": 4.201889618842446, "corr": 0.9974386691439362}, "unit": "W/m2"}