{"ref": {"min": -187.06292724609375, "max": 153.74075317382812, "mean": 9.072944885200602}, "ref_regrid": {"min": -187.06292724609375, "max": 153.74075317382812, "mean": 9.072944885200602, "std": 98.15853565853868}, "test": {"min": -186.75880432128906, "max": 150.88241577148438, "mean": 10.674020077771582}, "test_regrid": {"min": -186.75880432128906, "max": 150.88241577148438, "mean": 10.674020077771582, "std": 98.83475944088642}, "diff": {"min": -19.19171142578125, "max": 22.968765258789062, "mean": 1.601075192570972}, "misc": {"rmse": 4.621271847813105, "corr": 0.9990550181284864}, "unit": "W/m2"}