{"ref": {"min": -180.47003173828125, "max": 128.51400756835938, "mean": -6.829976611252744}, "ref_regrid": {"min": -180.47003173828125, "max": 128.51400756835938, "mean": -6.829976611252744, "std": 88.22927215233605}, "test": {"min": -179.23095703125, "max": 132.0954132080078, "mean": -5.957001344973681}, "test_regrid": {"min": -179.23095703125, "max": 132.0954132080078, "mean": -5.957001344973681, "std": 89.1773238871774}, "diff": {"min": -25.085479736328125, "max": 53.763214111328125, "mean": 0.8729752662790631}, "misc": {"rmse": 7.16193878229926, "corr": 0.9968459479109479}, "unit": "W/m2"}