{"ref": {"min": -95.63251495361328, "max": 168.2530517578125, "mean": 14.081729489133606}, "ref_regrid": {"min": -95.63251495361328, "max": 168.2530517578125, "mean": 14.081729489133606, "std": 23.841998784707368}, "test": {"min": -83.4858169555664, "max": 151.87484741210938, "mean": 13.296953115729275}, "test_regrid": {"min": -83.4858169555664, "max": 151.87484741210938, "mean": 13.296953115729275, "std": 22.79288077154371}, "diff": {"min": -35.686065673828125, "max": 58.256126403808594, "mean": -0.7847763732010953}, "misc": {"rmse": 5.158603469592397, "corr": 0.9770947804104554}, "unit": "W/m2"}