{"ref": {"min": -69.97164154052734, "max": 137.39132690429688, "mean": 14.377355819195987}, "ref_regrid": {"min": -69.97164154052734, "max": 137.39132690429688, "mean": 14.377355819195987, "std": 20.346286274094943}, "test": {"min": -97.61213684082031, "max": 146.6093292236328, "mean": 13.50216543649028}, "test_regrid": {"min": -97.61213684082031, "max": 146.6093292236328, "mean": 13.50216543649028, "std": 20.497180821463218}, "diff": {"min": -29.63461685180664, "max": 37.40937423706055, "mean": -0.875190382904652}, "misc": {"rmse": 4.32201198955727, "corr": 0.978550024118534}, "unit": "W/m2"}