{"ref": {"min": -87.45116424560547, "max": 97.82373046875, "mean": 15.201540711367295}, "ref_regrid": {"min": -87.45116424560547, "max": 97.82373046875, "mean": 15.201540711367295, "std": 17.5187683150033}, "test": {"min": -92.68540954589844, "max": 104.43528747558594, "mean": 14.1077573485906}, "test_regrid": {"min": -92.68540954589844, "max": 104.43528747558594, "mean": 14.1077573485906, "std": 16.732355772269933}, "diff": {"min": -25.21885871887207, "max": 17.718124389648438, "mean": -1.0937833628734417}, "misc": {"rmse": 3.5115927534165126, "corr": 0.9820617706352596}, "unit": "W/m2"}