{"ref": {"min": -103.2151107788086, "max": 128.62420654296875, "mean": 15.610255838166085}, "ref_regrid": {"min": -103.2151107788086, "max": 128.62420654296875, "mean": 15.610255838166085, "std": 19.35736516320217}, "test": {"min": -92.55204010009766, "max": 127.45318603515625, "mean": 14.342154576181663}, "test_regrid": {"min": -92.55204010009766, "max": 127.45318603515625, "mean": 14.342154576181663, "std": 17.824701617840883}, "diff": {"min": -30.635011672973633, "max": 31.926464080810547, "mean": -1.2681012622119658}, "misc": {"rmse": 5.017088151870829, "corr": 0.969258518794227}, "unit": "W/m2"}