{"ref": {"min": -83.7060775756836, "max": 127.7607421875, "mean": 16.736821715335523}, "ref_regrid": {"min": -83.7060775756836, "max": 127.7607421875, "mean": 16.736821715335523, "std": 21.730167496190184}, "test": {"min": -97.09162139892578, "max": 138.25765991210938, "mean": 15.289756268385775}, "test_regrid": {"min": -97.09162139892578, "max": 138.25765991210938, "mean": 15.289756268385775, "std": 20.988504011144677}, "diff": {"min": -53.166259765625, "max": 37.81300354003906, "mean": -1.4470654475609248}, "misc": {"rmse": 5.630292593997675, "corr": 0.9681460549332935}, "unit": "W/m2"}