{"ref": {"min": 21.4765567779541, "max": 433.30804443359375, "mean": 338.3549503173859}, "ref_regrid": {"min": 21.4765567779541, "max": 433.30804443359375, "mean": 338.3549503173859, "std": 100.63929629389465}, "test": {"min": 21.46958351135254, "max": 433.1673583984375, "mean": 338.24509631545976}, "test_regrid": {"min": 21.46958351135254, "max": 433.1673583984375, "mean": 338.24509631545976, "std": 100.6066217139435}, "diff": {"min": -0.140716552734375, "max": -0.0069732666015625, "mean": -0.10985400192612559}, "misc": {"rmse": 0.11461035095022572, "corr": 1.0000000001510652}, "unit": "W/m2"}