{"ref": {"min": 171.3959503173828, "max": 415.8015441894531, "mean": 340.41508234335697}, "ref_regrid": {"min": 171.3959503173828, "max": 415.8015441894531, "mean": 340.41508234335697, "std": 72.8336070508385}, "test": {"min": 171.34030151367188, "max": 415.6665344238281, "mean": 340.3045593926004}, "test_regrid": {"min": 171.34030151367188, "max": 415.6665344238281, "mean": 340.3045593926004, "std": 72.80996003063396}, "diff": {"min": -0.135009765625, "max": -0.055633544921875, "mean": -0.11052295075648239}, "misc": {"rmse": 0.11302435069945614, "corr": 1.0000000002537597}, "unit": "W/m2"}