{"ref": {"min": 0.0, "max": 485.9476623535156, "mean": 350.54562651922026}, "ref_regrid": {"min": 0.0, "max": 485.9476623535156, "mean": 350.54562651922026, "std": 146.37298746841765}, "test": {"min": 0.0, "max": 485.7898864746094, "mean": 350.43181466666573}, "test_regrid": {"min": 0.0, "max": 485.7898864746094, "mean": 350.43181466666573, "std": 146.32546444719753}, "diff": {"min": -0.15777587890625, "max": 0.0, "mean": -0.11381185255448847}, "misc": {"rmse": 0.12333521265659066, "corr": 1.0000000004206937}, "unit": "W/m2"}