{"ref": {"min": 0.0, "max": 460.1167907714844, "mean": 330.4792925728247}, "ref_regrid": {"min": 0.0, "max": 460.1167907714844, "mean": 330.4792925728247, "std": 139.8238682101241}, "test": {"min": 0.0, "max": 459.9674072265625, "mean": 330.371995550013}, "test_regrid": {"min": 0.0, "max": 459.9674072265625, "mean": 330.371995550013, "std": 139.778471510689}, "diff": {"min": -0.1494140625, "max": 0.0, "mean": -0.10729702281164627}, "misc": {"rmse": 0.11650541572960567, "corr": 0.9999999993077915}, "unit": "W/m2"}