{"ref": {"min": 25.95067596435547, "max": 437.1783142089844, "mean": 342.2804596716002}, "ref_regrid": {"min": 25.95067596435547, "max": 437.1783142089844, "mean": 342.2804596716002, "std": 100.0446739947772}, "test": {"min": 25.942251205444336, "max": 437.036376953125, "mean": 342.16933108742916}, "test_regrid": {"min": 25.942251205444336, "max": 437.036376953125, "mean": 342.16933108742916, "std": 100.01219238578584}, "diff": {"min": -0.1419677734375, "max": -0.008424758911132812, "mean": -0.11112858417106669}, "misc": {"rmse": 0.11577831360887118, "corr": 1.0000000000249243}, "unit": "W/m2"}