{"ref": {"min": -0.41326904296875, "max": 29.58978271484375, "mean": 20.07057224374104}, "ref_regrid": {"min": -0.41326904296875, "max": 29.58978271484375, "mean": 20.07057224374104, "std": 8.381379168624097}, "test": {"min": -0.3411865234375, "max": 29.58978271484375, "mean": 20.0706887737994}, "test_regrid": {"min": -0.3411865234375, "max": 29.58978271484375, "mean": 20.0706887737994, "std": 8.381619870479048}, "diff": {"min": -0.14434814453125, "max": 0.10308837890625, "mean": 0.00011653005835709754}, "misc": {"rmse": 0.0057182648458347736, "corr": 0.9999997681904432}, "unit": "degC"}