{"ref": {"min": -1.181610107421875, "max": 29.77044677734375, "mean": 19.860261197157545}, "ref_regrid": {"min": -1.181610107421875, "max": 29.77044677734375, "mean": 19.860261197157545, "std": 8.992310887375146}, "test": {"min": -1.22662353515625, "max": 29.77044677734375, "mean": 19.860429544113757}, "test_regrid": {"min": -1.22662353515625, "max": 29.77044677734375, "mean": 19.860429544113757, "std": 8.992353621231263}, "diff": {"min": -0.145477294921875, "max": 0.15435791015625, "mean": 0.0001683469562083745}, "misc": {"rmse": 0.006016164800367343, "corr": 0.9999997765684654}, "unit": "degC"}