{"ref": {"min": -1.198394775390625, "max": 31.935791015625, "mean": 19.954016093735508}, "ref_regrid": {"min": -1.198394775390625, "max": 31.935791015625, "mean": 19.954016093735508, "std": 8.514384032304132}, "test": {"min": -1.10052490234375, "max": 31.926055908203125, "mean": 19.9544005121328}, "test_regrid": {"min": -1.10052490234375, "max": 31.926055908203125, "mean": 19.9544005121328, "std": 8.514322778263628}, "diff": {"min": -0.24578857421875, "max": 0.150390625, "mean": 0.00038441839728971315}, "misc": {"rmse": 0.0070873327801685366, "corr": 0.999999654592365}, "unit": "degC"}