{"ref": {"min": -0.459136962890625, "max": 30.370941162109375, "mean": 19.731334517901953}, "ref_regrid": {"min": -0.459136962890625, "max": 30.370941162109375, "mean": 19.731334517901953, "std": 8.716999454942233}, "test": {"min": -0.5330810546875, "max": 30.363525390625, "mean": 19.73138158701363}, "test_regrid": {"min": -0.5330810546875, "max": 30.363525390625, "mean": 19.73138158701363, "std": 8.71726548488292}, "diff": {"min": -0.270233154296875, "max": 0.2432861328125, "mean": 4.7069111677530755e-05}, "misc": {"rmse": 0.007363273013243581, "corr": 0.9999996436613088}, "unit": "degC"}