{"ref": {"min": -1.00042724609375, "max": 30.89190673828125, "mean": 19.875919235328823}, "ref_regrid": {"min": -1.00042724609375, "max": 30.89190673828125, "mean": 19.875919235328823, "std": 8.568434072839416}, "test": {"min": -1.006256103515625, "max": 30.89190673828125, "mean": 19.875798356884886}, "test_regrid": {"min": -1.006256103515625, "max": 30.89190673828125, "mean": 19.875798356884886, "std": 8.569143646405484}, "diff": {"min": -0.322998046875, "max": 0.122802734375, "mean": -0.00012087844393845665}, "misc": {"rmse": 0.007943617640633529, "corr": 0.9999995733871521}, "unit": "degC"}