{"ref": {"min": -212.12796020507812, "max": 1.9652419723570347e-05, "mean": -52.52999996087048}, "ref_regrid": {"min": -212.12796020507812, "max": 1.9652419723570347e-05, "mean": -52.52999996087048, "std": 41.15822424088827}, "test": {"min": -204.02151489257812, "max": 0.0, "mean": -51.47670066290856}, "test_regrid": {"min": -204.02151489257812, "max": 0.0, "mean": -51.47670066290856, "std": 40.8337150485527}, "diff": {"min": -36.87480163574219, "max": 30.295364379882812, "mean": 1.053299297961921}, "misc": {"rmse": 6.207793486320456, "corr": 0.9888965268712079}, "unit": "W/m2"}