{"ref": {"min": -185.70132446289062, "max": 4.7597325192327844e-07, "mean": -48.68691130669709}, "ref_regrid": {"min": -185.70132446289062, "max": 4.7597325192327844e-07, "mean": -48.68691130669709, "std": 36.781166401103626}, "test": {"min": -178.56549072265625, "max": 4.2714904679996835e-07, "mean": -47.85285469847114}, "test_regrid": {"min": -178.56549072265625, "max": 4.2714904679996835e-07, "mean": -47.85285469847114, "std": 36.43377374809164}, "diff": {"min": -37.65522766113281, "max": 30.37933349609375, "mean": 0.8340566082299722}, "misc": {"rmse": 5.978964234305949, "corr": 0.9869665362293748}, "unit": "W/m2"}