{"ref": {"min": -189.70989990234375, "max": 2.6744528440758586e-06, "mean": -47.642319963763136}, "ref_regrid": {"min": -189.70989990234375, "max": 2.6744528440758586e-06, "mean": -47.642319963763136, "std": 35.105830451713075}, "test": {"min": -189.08839416503906, "max": 1.1046184226870537e-05, "mean": -48.01906280529021}, "test_regrid": {"min": -189.08839416503906, "max": 1.1046184226870537e-05, "mean": -48.01906280529021, "std": 35.25661498062129}, "diff": {"min": -42.74006652832031, "max": 34.90748596191406, "mean": -0.3767428415270966}, "misc": {"rmse": 7.692251757313158, "corr": 0.9761632628284338}, "unit": "W/m2"}