{"ref": {"min": -145.2374725341797, "max": -0.8918209075927734, "mean": -48.84858604366792}, "ref_regrid": {"min": -145.2374725341797, "max": -0.8918209075927734, "mean": -48.84858604366792, "std": 22.37624271961924}, "test": {"min": -146.874267578125, "max": -0.9803314208984375, "mean": -48.3751682615057}, "test_regrid": {"min": -146.874267578125, "max": -0.9803314208984375, "mean": -48.3751682615057, "std": 21.89197993437656}, "diff": {"min": -16.81243896484375, "max": 14.406265258789062, "mean": 0.4734177821622228}, "misc": {"rmse": 4.019332466281343, "corr": 0.9839786974244751}, "unit": "W/m2"}