{"ref": {"min": -147.54885864257812, "max": -0.36148443818092346, "mean": -45.61474717395692}, "ref_regrid": {"min": -147.54885864257812, "max": -0.36148443818092346, "mean": -45.61474717395692, "std": 20.655016474409862}, "test": {"min": -150.19699096679688, "max": -0.37140998244285583, "mean": -45.33043838052628}, "test_regrid": {"min": -150.19699096679688, "max": -0.37140998244285583, "mean": -45.33043838052628, "std": 20.10881982243531}, "diff": {"min": -17.916175842285156, "max": 14.186140060424805, "mean": 0.2843087933697101}, "misc": {"rmse": 3.8911476275333614, "corr": 0.9822295192348056}, "unit": "W/m2"}