{"ref": {"min": -184.28311157226562, "max": -0.30947425961494446, "mean": -45.334159062412816}, "ref_regrid": {"min": -184.28311157226562, "max": -0.30947425961494446, "mean": -45.334159062412816, "std": 26.810436396041165}, "test": {"min": -187.8771514892578, "max": -0.288315087556839, "mean": -44.886332046950905}, "test_regrid": {"min": -187.8771514892578, "max": -0.288315087556839, "mean": -44.886332046950905, "std": 26.462781916662355}, "diff": {"min": -22.237525939941406, "max": 28.088897705078125, "mean": 0.44782701543789194}, "misc": {"rmse": 5.573915109621225, "corr": 0.9783311914076038}, "unit": "W/m2"}