{"ref": {"min": -184.47998046875, "max": -0.7749862670898438, "mean": -48.69043832245242}, "ref_regrid": {"min": -184.47998046875, "max": -0.7749862670898438, "mean": -48.69043832245242, "std": 29.60070793760928}, "test": {"min": -185.88311767578125, "max": -0.518310546875, "mean": -48.08488791863903}, "test_regrid": {"min": -185.88311767578125, "max": -0.518310546875, "mean": -48.08488791863903, "std": 29.31933347405178}, "diff": {"min": -23.821456909179688, "max": 31.315383911132812, "mean": 0.6055504038133883}, "misc": {"rmse": 5.879793809315378, "corr": 0.9803392250993581}, "unit": "W/m2"}