{"ref": {"min": -142.65155029296875, "max": -0.08622381091117859, "mean": -43.492440945704324}, "ref_regrid": {"min": -142.65155029296875, "max": -0.08622381091117859, "mean": -43.492440945704324, "std": 24.19062642579557}, "test": {"min": -150.4596710205078, "max": -0.04739096388220787, "mean": -43.12365735642887}, "test_regrid": {"min": -150.4596710205078, "max": -0.04739096388220787, "mean": -43.12365735642887, "std": 23.3195463248591}, "diff": {"min": -32.41107940673828, "max": 26.712020874023438, "mean": 0.36878358924824556}, "misc": {"rmse": 6.618011385562763, "corr": 0.9619728811783951}, "unit": "W/m2"}