{"ref": {"min": -197.34652709960938, "max": 4.1179100662702695e-07, "mean": -44.94547742407811}, "ref_regrid": {"min": -197.34652709960938, "max": 4.1179100662702695e-07, "mean": -44.94547742407811, "std": 32.09242490888285}, "test": {"min": -186.40225219726562, "max": 3.241543424792326e-07, "mean": -45.45890940815648}, "test_regrid": {"min": -186.40225219726562, "max": 3.241543424792326e-07, "mean": -45.45890940815648, "std": 32.222701280110606}, "diff": {"min": -38.068756103515625, "max": 31.420387268066406, "mean": -0.5134319841642887}, "misc": {"rmse": 7.290540489825359, "corr": 0.9744361483213676}, "unit": "W/m2"}