{"ref": {"min": -139.39479064941406, "max": -0.1718587875366211, "mean": -46.531585777721354}, "ref_regrid": {"min": -139.39479064941406, "max": -0.1718587875366211, "mean": -46.531585777721354, "std": 26.303975142701564}, "test": {"min": -145.9985809326172, "max": -0.10663986206054688, "mean": -45.92002155834748}, "test_regrid": {"min": -145.9985809326172, "max": -0.10663986206054688, "mean": -45.92002155834748, "std": 25.409622210246805}, "diff": {"min": -31.843429565429688, "max": 28.600128173828125, "mean": 0.6115642193738744}, "misc": {"rmse": 6.797337897773214, "corr": 0.9663138306724259}, "unit": "W/m2"}