{"ref": {"min": 199.6459503173828, "max": 229.8785858154297, "mean": 217.18538797566688}, "ref_regrid": {"min": 199.6459503173828, "max": 229.8785858154297, "mean": 217.18538797566688, "std": 4.772726326703224}, "test": {"min": 199.269775390625, "max": 230.65834045410156, "mean": 217.65329486475613}, "test_regrid": {"min": 199.269775390625, "max": 230.65834045410156, "mean": 217.65329486475613, "std": 4.78858637867732}, "diff": {"min": -3.1446075439453125, "max": 2.760833740234375, "mean": 0.4679068890892344}, "misc": {"rmse": 0.8712721206900789, "corr": 0.9881877954013552}, "unit": "K"}