{"ref": {"min": 210.96286010742188, "max": 228.94070434570312, "mean": 218.4509048221803}, "ref_regrid": {"min": 210.96286010742188, "max": 228.94070434570312, "mean": 218.4509048221803, "std": 3.06576191220978}, "test": {"min": 211.08753967285156, "max": 228.2464599609375, "mean": 218.6243874946596}, "test_regrid": {"min": 211.08753967285156, "max": 228.2464599609375, "mean": 218.6243874946596, "std": 2.989653380116367}, "diff": {"min": -4.313201904296875, "max": 4.1230010986328125, "mean": 0.17348267247926194}, "misc": {"rmse": 1.0158411604338111, "corr": 0.9456637711330395}, "unit": "K"}