{"ref": {"min": 210.18980407714844, "max": 226.97744750976562, "mean": 217.72405444860422}, "ref_regrid": {"min": 210.18980407714844, "max": 226.97744750976562, "mean": 217.72405444860422, "std": 2.7926302920877517}, "test": {"min": 209.22645568847656, "max": 226.70762634277344, "mean": 217.88619308816556}, "test_regrid": {"min": 209.22645568847656, "max": 226.70762634277344, "mean": 217.88619308816556, "std": 2.8054842284177774}, "diff": {"min": -1.795257568359375, "max": 1.699493408203125, "mean": 0.1621386395613579}, "misc": {"rmse": 0.4879992079902478, "corr": 0.9864902545614593}, "unit": "K"}