{"ref": {"min": 211.19847106933594, "max": 229.64312744140625, "mean": 217.98368472249663}, "ref_regrid": {"min": 211.19847106933594, "max": 229.64312744140625, "mean": 217.98368472249663, "std": 3.287921380836292}, "test": {"min": 211.2943572998047, "max": 228.9612579345703, "mean": 218.1465720564601}, "test_regrid": {"min": 211.2943572998047, "max": 228.9612579345703, "mean": 218.1465720564601, "std": 3.327277985106682}, "diff": {"min": -3.9523468017578125, "max": 3.488311767578125, "mean": 0.16288733396347965}, "misc": {"rmse": 0.8920997336896389, "corr": 0.9649098374434507}, "unit": "K"}