{"ref": {"min": 205.71339416503906, "max": 225.54086303710938, "mean": 217.27711375873517}, "ref_regrid": {"min": 205.71339416503906, "max": 225.54086303710938, "mean": 217.27711375873517, "std": 2.986185409789849}, "test": {"min": 202.5711212158203, "max": 226.56927490234375, "mean": 217.12176761898056}, "test_regrid": {"min": 202.5711212158203, "max": 226.56927490234375, "mean": 217.12176761898056, "std": 3.210516790742998}, "diff": {"min": -4.736572265625, "max": 4.034881591796875, "mean": -0.155346139754603}, "misc": {"rmse": 1.0482988470404742, "corr": 0.9465707578081375}, "unit": "K"}