{"ref": {"min": 245.08694458007812, "max": 295.58514404296875, "mean": 280.95738199764867}, "ref_regrid": {"min": 245.08694458007812, "max": 295.58514404296875, "mean": 280.95738199764867, "std": 9.880518533174191}, "test": {"min": 245.49346923828125, "max": 295.5501708984375, "mean": 281.16167328470436}, "test_regrid": {"min": 245.49346923828125, "max": 295.5501708984375, "mean": 281.16167328470436, "std": 9.890430208007436}, "diff": {"min": -1.768402099609375, "max": 1.8951416015625, "mean": 0.20168084542458334}, "misc": {"rmse": 0.43629680696007467, "corr": 0.9992347735868153}, "unit": "K"}