{"ref": {"min": 233.00177001953125, "max": 303.7681579589844, "mean": 282.54487107627034}, "ref_regrid": {"min": 233.00177001953125, "max": 303.7681579589844, "mean": 282.54487107627034, "std": 10.009760640277147}, "test": {"min": 235.10809326171875, "max": 303.5973815917969, "mean": 282.830958676452}, "test_regrid": {"min": 235.10809326171875, "max": 303.5973815917969, "mean": 282.830958676452, "std": 10.024803945684045}, "diff": {"min": -4.04644775390625, "max": 3.3650360107421875, "mean": 0.2835631255808899}, "misc": {"rmse": 0.7045715021576041, "corr": 0.9979277735411142}, "unit": "K"}