{"ref": {"min": 245.64242553710938, "max": 297.2897644042969, "mean": 279.6024894328517}, "ref_regrid": {"min": 245.64242553710938, "max": 297.2897644042969, "mean": 279.6024894328517, "std": 11.36013104759342}, "test": {"min": 243.48696899414062, "max": 297.4326171875, "mean": 279.75631798100517}, "test_regrid": {"min": 243.48696899414062, "max": 297.4326171875, "mean": 279.75631798100517, "std": 11.478332948584486}, "diff": {"min": -5.13519287109375, "max": 2.45599365234375, "mean": 0.14918609791386203}, "misc": {"rmse": 0.7702992858676945, "corr": 0.9978649623294641}, "unit": "K"}