{"ref": {"min": 241.31114196777344, "max": 297.70849609375, "mean": 280.7597501835158}, "ref_regrid": {"min": 241.31114196777344, "max": 297.70849609375, "mean": 280.7597501835158, "std": 10.59614517394877}, "test": {"min": 239.92083740234375, "max": 297.2108459472656, "mean": 280.9234685262644}, "test_regrid": {"min": 239.92083740234375, "max": 297.2108459472656, "mean": 280.9234685262644, "std": 10.606418327227328}, "diff": {"min": -3.40228271484375, "max": 3.64398193359375, "mean": 0.1565007860532761}, "misc": {"rmse": 0.6724999849174518, "corr": 0.9980970031635531}, "unit": "K"}