{"ref": {"min": 244.90072631835938, "max": 298.0346374511719, "mean": 280.93894675518135}, "ref_regrid": {"min": 244.90072631835938, "max": 298.0346374511719, "mean": 280.93894675518135, "std": 10.138659729400958}, "test": {"min": 245.28192138671875, "max": 298.8027648925781, "mean": 281.15318178249026}, "test_regrid": {"min": 245.28192138671875, "max": 298.8027648925781, "mean": 281.15318178249026, "std": 10.132848965907808}, "diff": {"min": -2.4857177734375, "max": 3.07373046875, "mean": 0.2119184582988972}, "misc": {"rmse": 0.684293611696502, "corr": 0.9979389953811161}, "unit": "K"}