{"ref": {"min": 0.00020382505317684263, "max": 0.9947009682655334, "mean": 0.07963189961119616}, "ref_regrid": {"min": 0.00020382505317684263, "max": 0.9947009682655334, "mean": 0.07963189961119616, "std": 0.05638574108006208}, "test": {"min": 0.00023718408192507923, "max": 0.9126793146133423, "mean": 0.07724722444172676}, "test_regrid": {"min": 0.00023718408192507923, "max": 0.9126793146133423, "mean": 0.07724722444172676, "std": 0.05280589758578131}, "diff": {"min": -0.13060584664344788, "max": 0.14526641368865967, "mean": -0.0023846751700899627}, "misc": {"rmse": 0.020446705186642874, "corr": 0.9329024618971596}, "unit": "N/m^2"}