{"ref": {"min": 0.00039716713945381343, "max": 1.0933663845062256, "mean": 0.07723521423728542}, "ref_regrid": {"min": 0.00039716713945381343, "max": 1.0933663845062256, "mean": 0.07723521423728542, "std": 0.05663026239236317}, "test": {"min": 0.00020762068743351847, "max": 1.2484281063079834, "mean": 0.07624150845810107}, "test_regrid": {"min": 0.00020762068743351847, "max": 1.2484281063079834, "mean": 0.07624150845810107, "std": 0.05709728875812908}, "diff": {"min": -0.13723593950271606, "max": 0.4239920973777771, "mean": -0.0009937057805821264}, "misc": {"rmse": 0.018651417666837027, "corr": 0.9463929427200656}, "unit": "N/m^2"}