{"ref": {"min": 0.00042184203630313277, "max": 0.8726290464401245, "mean": 0.0749807739712211}, "ref_regrid": {"min": 0.00042184203630313277, "max": 0.8726290464401245, "mean": 0.0749807739712211, "std": 0.054767926690731016}, "test": {"min": 0.00020248640794306993, "max": 0.9656895995140076, "mean": 0.0766961488500654}, "test_regrid": {"min": 0.00020248640794306993, "max": 0.9656895995140076, "mean": 0.0766961488500654, "std": 0.055593392289469815}, "diff": {"min": -0.06969964504241943, "max": 0.13393014669418335, "mean": 0.00171537488010468}, "misc": {"rmse": 0.011580383342939772, "corr": 0.9785726208393831}, "unit": "N/m^2"}