{"ref": {"min": 0.0002618276048451662, "max": 0.9008579254150391, "mean": 0.07625425176345728}, "ref_regrid": {"min": 0.0002618276048451662, "max": 0.9008579254150391, "mean": 0.07625425176345728, "std": 0.06001733642892418}, "test": {"min": 0.0006562498165294528, "max": 0.7328124642372131, "mean": 0.07729278396462848}, "test_regrid": {"min": 0.0006562498165294528, "max": 0.7328124642372131, "mean": 0.07729278396462848, "std": 0.062041800560733634}, "diff": {"min": -0.20758897066116333, "max": 0.10555244982242584, "mean": 0.0010385322033952557}, "misc": {"rmse": 0.02230791101783786, "corr": 0.9338720514098363}, "unit": "N/m^2"}