{"ref": {"min": 0.0002728445688262582, "max": 0.9360864758491516, "mean": 0.08111602488353227}, "ref_regrid": {"min": 0.0002728445688262582, "max": 0.9360864758491516, "mean": 0.08111602488353227, "std": 0.06408795065508256}, "test": {"min": 0.00021861586719751358, "max": 1.0938812494277954, "mean": 0.08930515838847625}, "test_regrid": {"min": 0.00021861586719751358, "max": 1.0938812494277954, "mean": 0.08930515838847625, "std": 0.06812448540039612}, "diff": {"min": -0.09123582392930984, "max": 0.2827654480934143, "mean": 0.008189133505267688}, "misc": {"rmse": 0.02024815826662972, "corr": 0.9625932790345156}, "unit": "N/m^2"}