{"ref": {"min": 0.36488077044487, "max": 167.2764129638672, "mean": 52.75979087238305}, "ref_regrid": {"min": 0.36488077044487, "max": 167.2764129638672, "mean": 52.75979087238305, "std": 27.153873267526695}, "test": {"min": 0.04555899277329445, "max": 159.10772705078125, "mean": 53.495782373306064}, "test_regrid": {"min": 0.04555899277329445, "max": 159.10772705078125, "mean": 53.495782373306064, "std": 27.62376558455121}, "diff": {"min": -38.94621276855469, "max": 56.101600646972656, "mean": 0.7359915007760165}, "misc": {"rmse": 7.300217702409885, "corr": 0.9649838419212675}, "unit": "g/m^2"}