{"ref": {"min": 0.30457183718681335, "max": 149.88877868652344, "mean": 52.102312727347716}, "ref_regrid": {"min": 0.30457183718681335, "max": 149.88877868652344, "mean": 52.102312727347716, "std": 26.299881573280167}, "test": {"min": 0.6640927195549011, "max": 131.27935791015625, "mean": 51.7122256862788}, "test_regrid": {"min": 0.6640927195549011, "max": 131.27935791015625, "mean": 51.7122256862788, "std": 26.347668123183606}, "diff": {"min": -26.8199462890625, "max": 43.537628173828125, "mean": -0.390087040978173}, "misc": {"rmse": 6.458492838611021, "corr": 0.9700135328077265}, "unit": "g/m^2"}