{"ref": {"min": 1.6279947757720947, "max": 147.25433349609375, "mean": 52.89587640071991}, "ref_regrid": {"min": 1.6279947757720947, "max": 147.25433349609375, "mean": 52.89587640071991, "std": 24.26987307832969}, "test": {"min": 1.239904522895813, "max": 145.31153869628906, "mean": 52.5401804091388}, "test_regrid": {"min": 1.239904522895813, "max": 145.31153869628906, "mean": 52.5401804091388, "std": 24.458590505734588}, "diff": {"min": -22.981475830078125, "max": 18.482803344726562, "mean": -0.35569599152228754}, "misc": {"rmse": 3.9762078056269097, "corr": 0.9868194805663658}, "unit": "g/m^2"}