{"ref": {"min": 0.5378974676132202, "max": 206.8834686279297, "mean": 55.56495992658583}, "ref_regrid": {"min": 0.5378974676132202, "max": 206.8834686279297, "mean": 55.56495992658583, "std": 28.802708987748105}, "test": {"min": 0.4595499634742737, "max": 172.7335662841797, "mean": 54.441788009051116}, "test_regrid": {"min": 0.4595499634742737, "max": 172.7335662841797, "mean": 54.441788009051116, "std": 28.58719146503631}, "diff": {"min": -37.79322052001953, "max": 30.201705932617188, "mean": -1.1231719175831494}, "misc": {"rmse": 7.315742333006729, "corr": 0.9682943591482243}, "unit": "g/m^2"}