{"ref": {"min": 0.785602867603302, "max": 155.958984375, "mean": 52.208491854094426}, "ref_regrid": {"min": 0.785602867603302, "max": 155.958984375, "mean": 52.208491854094426, "std": 25.51158689420794}, "test": {"min": 0.4620334208011627, "max": 165.7969512939453, "mean": 51.64436747986665}, "test_regrid": {"min": 0.4620334208011627, "max": 165.7969512939453, "mean": 51.64436747986665, "std": 25.33722686445603}, "diff": {"min": -32.5283088684082, "max": 37.936763763427734, "mean": -0.5641243741913975}, "misc": {"rmse": 6.566225399614109, "corr": 0.966918974274841}, "unit": "g/m^2"}