{"ref": {"min": 0.4535106122493744, "max": 54.17763137817383, "mean": 23.51173042921689}, "ref_regrid": {"min": 0.4535106122493744, "max": 54.17763137817383, "mean": 23.51173042921689, "std": 14.594433245243476}, "test": {"min": 0.4222278594970703, "max": 54.39705276489258, "mean": 23.471068644184577}, "test_regrid": {"min": 0.4222278594970703, "max": 54.39705276489258, "mean": 23.471068644184577, "std": 14.473963798975978}, "diff": {"min": -5.6920013427734375, "max": 5.79400634765625, "mean": -0.04066178503231138}, "misc": {"rmse": 1.1132581567249615, "corr": 0.9971047590468664}, "unit": "kg/m2"}