{"ref": {"min": 0.19823114573955536, "max": 57.546783447265625, "mean": 24.27638488798642}, "ref_regrid": {"min": 0.19823114573955536, "max": 57.546783447265625, "mean": 24.27638488798642, "std": 14.111600610196616}, "test": {"min": 0.18603789806365967, "max": 58.12827682495117, "mean": 24.461849467873034}, "test_regrid": {"min": 0.18603789806365967, "max": 58.12827682495117, "mean": 24.461849467873034, "std": 14.074800652320233}, "diff": {"min": -5.615163803100586, "max": 7.0166473388671875, "mean": 0.1854645798866105}, "misc": {"rmse": 1.1803886575700828, "corr": 0.9965824690964601}, "unit": "kg/m2"}