{"ref": {"min": 0.24433600902557373, "max": 55.294097900390625, "mean": 24.46189613107519}, "ref_regrid": {"min": 0.24433600902557373, "max": 55.294097900390625, "mean": 24.46189613107519, "std": 13.522897386168937}, "test": {"min": 0.2260502725839615, "max": 55.5097541809082, "mean": 24.707975200955456}, "test_regrid": {"min": 0.2260502725839615, "max": 55.5097541809082, "mean": 24.707975200955456, "std": 13.496217534642875}, "diff": {"min": -2.3753280639648438, "max": 6.824808120727539, "mean": 0.24607906988026274}, "misc": {"rmse": 0.9702917633772632, "corr": 0.9975886000892382}, "unit": "kg/m2"}