{"ref": {"min": 0.20241178572177887, "max": 56.346580505371094, "mean": 24.200725862434112}, "ref_regrid": {"min": 0.20241178572177887, "max": 56.346580505371094, "mean": 24.200725862434112, "std": 14.449354592468465}, "test": {"min": 0.16918359696865082, "max": 56.93571090698242, "mean": 24.400057238391593}, "test_regrid": {"min": 0.16918359696865082, "max": 56.93571090698242, "mean": 24.400057238391593, "std": 14.335796752053227}, "diff": {"min": -6.545204162597656, "max": 8.548479080200195, "mean": 0.1993313759574882}, "misc": {"rmse": 1.448802378445649, "corr": 0.9950604180215569}, "unit": "kg/m2"}