{"ref": {"min": 0.12319047749042511, "max": 61.93510437011719, "mean": 25.858743333363055}, "ref_regrid": {"min": 0.12319047749042511, "max": 61.93510437011719, "mean": 25.858743333363055, "std": 13.911622916019741}, "test": {"min": 0.12675175070762634, "max": 65.60143280029297, "mean": 26.498925473555605}, "test_regrid": {"min": 0.12675175070762634, "max": 65.60143280029297, "mean": 26.498925473555605, "std": 14.301127080007142}, "diff": {"min": -4.23197078704834, "max": 11.800373077392578, "mean": 0.6401821401925516}, "misc": {"rmse": 1.8022262044017, "corr": 0.9932484366134151}, "unit": "kg/m2"}