{"ref": {"min": -56.04106140136719, "max": 29.875732421875, "mean": 14.712494685901458}, "ref_regrid": {"min": -56.04106140136719, "max": 29.875732421875, "mean": 14.712494685901458, "std": 13.875876563219135}, "test": {"min": -57.030914306640625, "max": 29.195465087890625, "mean": 14.782753188498905}, "test_regrid": {"min": -57.030914306640625, "max": 29.195465087890625, "mean": 14.782753188498905, "std": 13.919762365963352}, "diff": {"min": -2.103118896484375, "max": 1.78668212890625, "mean": 0.07025850259744545}, "misc": {"rmse": 0.37217229112519046, "corr": 0.999659200629004}, "unit": "DegC"}