{"ref": {"min": -56.04106140136719, "max": 29.875732421875, "mean": 9.141397572817068}, "ref_regrid": {"min": -56.04106140136719, "max": 29.875732421875, "mean": 9.141397572817068, "std": 18.37207909803097}, "test": {"min": -57.030914306640625, "max": 29.0308837890625, "mean": 9.283398800511565}, "test_regrid": {"min": -57.030914306640625, "max": 29.0308837890625, "mean": 9.283398800511565, "std": 18.42443739072848}, "diff": {"min": -2.103118896484375, "max": 1.78668212890625, "mean": 0.1420012276944958}, "misc": {"rmse": 0.5868012667173284, "corr": 0.9995252074967851}, "unit": "DegC"}