{"ref": {"min": -39.01106262207031, "max": 33.22509765625, "mean": 4.405792475213205}, "ref_regrid": {"min": -39.01106262207031, "max": 33.22509765625, "mean": 4.405792475213205, "std": 18.955699434965975}, "test": {"min": -40.156890869140625, "max": 32.881439208984375, "mean": 4.595246799555696}, "test_regrid": {"min": -40.156890869140625, "max": 32.881439208984375, "mean": 4.595246799555696, "std": 19.026798501036094}, "diff": {"min": -5.5355682373046875, "max": 4.062652587890625, "mean": 0.18945432434249038}, "misc": {"rmse": 1.1877197763173528, "corr": 0.9981011114749399}, "unit": "DegC"}