{"ref": {"min": -67.36814880371094, "max": 39.200164794921875, "mean": 13.970100479275146}, "ref_regrid": {"min": -67.36814880371094, "max": 39.200164794921875, "mean": 13.970100479275146, "std": 20.47602163235596}, "test": {"min": -67.70841979980469, "max": 38.96502685546875, "mean": 14.194741593917074}, "test_regrid": {"min": -67.70841979980469, "max": 38.96502685546875, "mean": 14.194741593917074, "std": 20.415429281611036}, "diff": {"min": -3.598785400390625, "max": 4.429107666015625, "mean": 0.22464111464193082}, "misc": {"rmse": 0.9597055180670343, "corr": 0.9989631048651982}, "unit": "DegC"}