{"ref": {"min": -61.831207275390625, "max": 33.187286376953125, "mean": 14.534200872311246}, "ref_regrid": {"min": -61.831207275390625, "max": 33.187286376953125, "mean": 14.534200872311246, "std": 14.829652978547472}, "test": {"min": -63.881011962890625, "max": 32.22674560546875, "mean": 14.560994631576815}, "test_regrid": {"min": -63.881011962890625, "max": 32.22674560546875, "mean": 14.560994631576815, "std": 14.895168732730742}, "diff": {"min": -3.359039306640625, "max": 3.822662353515625, "mean": 0.026793759265573994}, "misc": {"rmse": 0.5683675539383087, "corr": 0.9992801142032023}, "unit": "DegC"}