{"ref": {"min": -39.01106262207031, "max": 33.22509765625, "mean": 13.202977454863772}, "ref_regrid": {"min": -39.01106262207031, "max": 33.22509765625, "mean": 13.202977454863772, "std": 15.193290612628962}, "test": {"min": -40.156890869140625, "max": 32.881439208984375, "mean": 13.237839524753662}, "test_regrid": {"min": -40.156890869140625, "max": 32.881439208984375, "mean": 13.237839524753662, "std": 15.305200580654251}, "diff": {"min": -5.5355682373046875, "max": 4.062652587890625, "mean": 0.03486206988989021}, "misc": {"rmse": 0.7898140716888445, "corr": 0.9986882326614122}, "unit": "DegC"}