{"ref": {"min": -56.643951416015625, "max": 31.149932861328125, "mean": 14.886974399666927}, "ref_regrid": {"min": -56.643951416015625, "max": 31.149932861328125, "mean": 14.886974399666927, "std": 13.786295621185035}, "test": {"min": -57.56329345703125, "max": 30.97412109375, "mean": 14.956076969596218}, "test_regrid": {"min": -57.56329345703125, "max": 30.97412109375, "mean": 14.956076969596218, "std": 13.827419665897574}, "diff": {"min": -3.7218017578125, "max": 2.9276885986328125, "mean": 0.06910256992928883}, "misc": {"rmse": 0.5445061654075556, "corr": 0.9992393058520268}, "unit": "DegC"}