{"ref": {"min": -56.643951416015625, "max": 31.149932861328125, "mean": 9.786728927307257}, "ref_regrid": {"min": -56.643951416015625, "max": 31.149932861328125, "mean": 9.786728927307257, "std": 18.538832431270983}, "test": {"min": -57.56329345703125, "max": 30.97412109375, "mean": 9.990826565518427}, "test_regrid": {"min": -57.56329345703125, "max": 30.97412109375, "mean": 9.990826565518427, "std": 18.58515195303551}, "diff": {"min": -3.7218017578125, "max": 2.9276885986328125, "mean": 0.20409763821117208}, "misc": {"rmse": 0.8327663790896459, "corr": 0.9990571700006902}, "unit": "DegC"}