{"ref": {"min": -61.831207275390625, "max": 33.187286376953125, "mean": 8.402968754972058}, "ref_regrid": {"min": -61.831207275390625, "max": 33.187286376953125, "mean": 8.402968754972058, "std": 19.878198313635014}, "test": {"min": -63.881011962890625, "max": 32.22674560546875, "mean": 8.352779914997472}, "test_regrid": {"min": -63.881011962890625, "max": 32.22674560546875, "mean": 8.352779914997472, "std": 20.01885166425182}, "diff": {"min": -3.359039306640625, "max": 3.822662353515625, "mean": -0.05018883997458607}, "misc": {"rmse": 0.9673411413064796, "corr": 0.9988522778673885}, "unit": "DegC"}