{"ref": {"min": -67.36814880371094, "max": 39.200164794921875, "mean": 16.225826049963278}, "ref_regrid": {"min": -67.36814880371094, "max": 39.200164794921875, "mean": 16.225826049963278, "std": 14.410789367883536}, "test": {"min": -67.70841979980469, "max": 38.96502685546875, "mean": 16.3761018472773}, "test_regrid": {"min": -67.70841979980469, "max": 38.96502685546875, "mean": 16.3761018472773, "std": 14.368594814496277}, "diff": {"min": -3.598785400390625, "max": 4.877166748046875, "mean": 0.15027579731402219}, "misc": {"rmse": 0.6412335661344857, "corr": 0.9990659424534347}, "unit": "DegC"}