{"ref": {"min": -10.791093826293945, "max": 44.15990447998047, "mean": 16.028552073448363}, "ref_regrid": {"min": -10.791093826293945, "max": 44.15990447998047, "mean": 16.028552073448363, "std": 12.94695295270172}, "test": {"min": -12.084793090820312, "max": 42.11076354980469, "mean": 15.96486062381451}, "test_regrid": {"min": -12.084793090820312, "max": 42.11076354980469, "mean": 15.96486062381451, "std": 12.645721911260445}, "diff": {"min": -9.063007354736328, "max": 7.661167144775391, "mean": -0.0636914496061074}, "misc": {"rmse": 2.5839111577097778, "corr": 0.9798996553110255}, "unit": "m/s"}