{"ref": {"min": -21.33448600769043, "max": 51.77811050415039, "mean": 13.291056832863877}, "ref_regrid": {"min": -21.33448600769043, "max": 51.77811050415039, "mean": 13.291056832863877, "std": 15.909180425394704}, "test": {"min": -22.727441787719727, "max": 49.6116943359375, "mean": 12.99789158766489}, "test_regrid": {"min": -22.727441787719727, "max": 49.6116943359375, "mean": 12.99789158766489, "std": 16.503997192888185}, "diff": {"min": -8.973280906677246, "max": 7.633162975311279, "mean": -0.29316524505817243}, "misc": {"rmse": 2.700608468370854, "corr": 0.9869488856045876}, "unit": "m/s"}