{"ref": {"min": -10.023445129394531, "max": 40.51359176635742, "mean": 15.68381671569124}, "ref_regrid": {"min": -10.023445129394531, "max": 40.51359176635742, "mean": 15.68381671569124, "std": 12.015547664652644}, "test": {"min": -11.69499397277832, "max": 38.90935134887695, "mean": 15.569366664086349}, "test_regrid": {"min": -11.69499397277832, "max": 38.90935134887695, "mean": 15.569366664086349, "std": 11.962585470650343}, "diff": {"min": -6.158266067504883, "max": 4.627396583557129, "mean": -0.11445005160345639}, "misc": {"rmse": 1.6487982627956148, "corr": 0.9905986921090033}, "unit": "m/s"}