{"ref": {"min": -8.504152297973633, "max": 46.37255096435547, "mean": 17.1056943933797}, "ref_regrid": {"min": -8.504152297973633, "max": 46.37255096435547, "mean": 17.1056943933797, "std": 12.063095437931656}, "test": {"min": -10.591331481933594, "max": 50.988677978515625, "mean": 17.05706541158412}, "test_regrid": {"min": -10.591331481933594, "max": 50.988677978515625, "mean": 17.05706541158412, "std": 11.792610277185853}, "diff": {"min": -13.52733039855957, "max": 9.96762466430664, "mean": -0.048628981775501845}, "misc": {"rmse": 2.9697471996369122, "corr": 0.9692669932571836}, "unit": "m/s"}