{"ref": {"min": -16.55836296081543, "max": 70.051025390625, "mean": 16.31072017912598}, "ref_regrid": {"min": -16.55836296081543, "max": 70.051025390625, "mean": 16.31072017912598, "std": 14.56471821395037}, "test": {"min": -15.13780689239502, "max": 66.92986297607422, "mean": 16.25792764634049}, "test_regrid": {"min": -15.13780689239502, "max": 66.92986297607422, "mean": 16.25792764634049, "std": 14.001786209642932}, "diff": {"min": -12.726177215576172, "max": 8.411808013916016, "mean": -0.05279253277625691}, "misc": {"rmse": 2.7270197451860976, "corr": 0.9825506667086578}, "unit": "m/s"}