{"ref": {"min": -14.144665718078613, "max": 16.64914894104004, "mean": 1.026766810748908}, "ref_regrid": {"min": -14.144665718078613, "max": 16.64914894104004, "mean": 1.026766810748908, "std": 6.530844602718816}, "test": {"min": -14.324350357055664, "max": 16.63568115234375, "mean": 1.0068588724692527}, "test_regrid": {"min": -14.324350357055664, "max": 16.63568115234375, "mean": 1.0068588724692527, "std": 6.666537045633853}, "diff": {"min": -3.116610050201416, "max": 3.0973358154296875, "mean": -0.020224475509209264}, "misc": {"rmse": 0.878908388074868, "corr": 0.991345341296714}, "unit": "m/s"}