{"ref": {"min": -16.090394973754883, "max": 17.55582618713379, "mean": 1.0666967380348416}, "ref_regrid": {"min": -16.090394973754883, "max": 17.55582618713379, "mean": 1.0666967380348416, "std": 6.78206764263974}, "test": {"min": -16.662263870239258, "max": 18.082021713256836, "mean": 1.0636928407205568}, "test_regrid": {"min": -16.662263870239258, "max": 18.082021713256836, "mean": 1.0636928407205568, "std": 6.797994290876177}, "diff": {"min": -5.970730781555176, "max": 6.922021865844727, "mean": -0.004165722694275902}, "misc": {"rmse": 1.5604757818085977, "corr": 0.9735956155987544}, "unit": "m/s"}