{"ref": {"min": -13.490436553955078, "max": 17.847864151000977, "mean": 0.8913967203730849}, "ref_regrid": {"min": -13.490436553955078, "max": 17.847864151000977, "mean": 0.8913967203730849, "std": 7.127163120439788}, "test": {"min": -13.758569717407227, "max": 16.606327056884766, "mean": 0.837019267077877}, "test_regrid": {"min": -13.758569717407227, "max": 16.606327056884766, "mean": 0.837019267077877, "std": 7.056107632323005}, "diff": {"min": -5.675094127655029, "max": 5.062774658203125, "mean": -0.0541799025470907}, "misc": {"rmse": 1.2084407520325067, "corr": 0.9855635768592671}, "unit": "m/s"}