{"ref": {"min": -14.157964706420898, "max": 16.885793685913086, "mean": 0.9775414149078293}, "ref_regrid": {"min": -14.157964706420898, "max": 16.885793685913086, "mean": 0.9775414149078293, "std": 6.753095307536335}, "test": {"min": -14.000639915466309, "max": 17.400548934936523, "mean": 0.9491133415514282}, "test_regrid": {"min": -14.000639915466309, "max": 17.400548934936523, "mean": 0.9491133415514282, "std": 6.747747943889311}, "diff": {"min": -4.624731540679932, "max": 4.653692245483398, "mean": -0.028855148355171997}, "misc": {"rmse": 1.1743520912539342, "corr": 0.9848780314615683}, "unit": "m/s"}