{"ref": {"min": -17.224937438964844, "max": 17.28424072265625, "mean": 1.1896281471219783}, "ref_regrid": {"min": -17.224937438964844, "max": 17.28424072265625, "mean": 1.1896281471219783, "std": 6.828914926975576}, "test": {"min": -17.371036529541016, "max": 18.681947708129883, "mean": 1.1989410247226444}, "test_regrid": {"min": -17.371036529541016, "max": 18.681947708129883, "mean": 1.1989410247226444, "std": 7.362572404014311}, "diff": {"min": -5.024759769439697, "max": 7.115234375, "mean": 0.008988448915399145}, "misc": {"rmse": 1.5486986052195313, "corr": 0.9789852136477984}, "unit": "m/s"}