{"ref": {"min": 50.497798919677734, "max": 58.8584098815918, "mean": 56.32665883807774}, "ref_regrid": {"min": 50.497798919677734, "max": 58.8584098815918, "mean": 56.32665883807774, "std": 2.7596389040654286}, "test": {"min": 50.1335334777832, "max": 58.86818313598633, "mean": 56.34204344301248}, "test_regrid": {"min": 50.1335334777832, "max": 58.86818313598633, "mean": 56.34204344301248, "std": 2.7880363570210913}, "diff": {"min": -0.8689613342285156, "max": 1.1210060119628906, "mean": 0.01538460493473176}, "misc": {"rmse": 0.21508985892769542, "corr": 0.9970613007706672}, "unit": "hectometer"}