{"ref": {"min": 48.40205764770508, "max": 59.028900146484375, "mean": 56.52474941002545}, "ref_regrid": {"min": 48.40205764770508, "max": 59.028900146484375, "mean": 56.52474941002545, "std": 2.820719505061121}, "test": {"min": 48.382171630859375, "max": 58.96211624145508, "mean": 56.56511225357791}, "test_regrid": {"min": 48.382171630859375, "max": 58.96211624145508, "mean": 56.56511225357791, "std": 2.823091996388008}, "diff": {"min": -1.0708084106445312, "max": 0.8347816467285156, "mean": 0.04036284355244621}, "misc": {"rmse": 0.2136094696646532, "corr": 0.9972376374626843}, "unit": "hectometer"}