{"ref": {"min": 48.83222961425781, "max": 58.843360900878906, "mean": 56.5340553940229}, "ref_regrid": {"min": 48.83222961425781, "max": 58.843360900878906, "mean": 56.5340553940229, "std": 2.715548321753891}, "test": {"min": 48.644290924072266, "max": 58.88575744628906, "mean": 56.577149103065324}, "test_regrid": {"min": 48.644290924072266, "max": 58.88575744628906, "mean": 56.577149103065324, "std": 2.7533081532824535}, "diff": {"min": -0.6618766784667969, "max": 0.6521835327148438, "mean": 0.043093709042434425}, "misc": {"rmse": 0.14087169543311884, "corr": 0.9988924345976704}, "unit": "hectometer"}