{"ref": {"min": 48.67612075805664, "max": 58.88994598388672, "mean": 56.48190572340518}, "ref_regrid": {"min": 48.67612075805664, "max": 58.88994598388672, "mean": 56.48190572340518, "std": 2.779579744401078}, "test": {"min": 48.18394088745117, "max": 58.94540786743164, "mean": 56.51302367015181}, "test_regrid": {"min": 48.18394088745117, "max": 58.94540786743164, "mean": 56.51302367015181, "std": 2.836160983560594}, "diff": {"min": -0.7990341186523438, "max": 1.0710563659667969, "mean": 0.031117946746634952}, "misc": {"rmse": 0.2328479374476944, "corr": 0.9968256835382553}, "unit": "hectometer"}