{"ref": {"min": 47.63788604736328, "max": 59.2048225402832, "mean": 56.802372709975785}, "ref_regrid": {"min": 47.63788604736328, "max": 59.2048225402832, "mean": 56.802372709975785, "std": 2.8281694249831517}, "test": {"min": 47.56349182128906, "max": 59.41093826293945, "mean": 56.887417731849624}, "test_regrid": {"min": 47.56349182128906, "max": 59.41093826293945, "mean": 56.887417731849624, "std": 2.894295542491317}, "diff": {"min": -0.8263587951660156, "max": 0.6443519592285156, "mean": 0.08504502187383524}, "misc": {"rmse": 0.20396170097335342, "corr": 0.9981678066492395}, "unit": "hectometer"}