{"ref": {"min": 0.0991096943616867, "max": 0.7465924024581909, "mean": 0.3146089062983552}, "ref_regrid": {"min": 0.0991096943616867, "max": 0.7465924024581909, "mean": 0.3146089062983552, "std": 0.1357792722770417}, "test": {"min": 0.09715647250413895, "max": 0.7550886869430542, "mean": 0.3163798310506737}, "test_regrid": {"min": 0.09715647250413895, "max": 0.7550886869430542, "mean": 0.3163798310506737, "std": 0.1399301807161818}, "diff": {"min": -0.08228152990341187, "max": 0.09994402527809143, "mean": 0.0017709247523184884}, "misc": {"rmse": 0.01924771963637894, "corr": 0.9907864333761405}, "unit": "dimensionless"}