{"ref": {"min": 0.11106853187084198, "max": 0.7152591943740845, "mean": 0.31939568224005066}, "ref_regrid": {"min": 0.11106853187084198, "max": 0.7152591943740845, "mean": 0.31939568224005066, "std": 0.13372008320181983}, "test": {"min": 0.10268685966730118, "max": 0.7322571873664856, "mean": 0.31981076493882266}, "test_regrid": {"min": 0.10268685966730118, "max": 0.7322571873664856, "mean": 0.31981076493882266, "std": 0.13666302839128908}, "diff": {"min": -0.1401112973690033, "max": 0.09579914808273315, "mean": 0.00041508269877194086}, "misc": {"rmse": 0.020267342820443977, "corr": 0.9890029836884797}, "unit": "dimensionless"}