{"ref": {"min": 0.043780770152807236, "max": 0.9551068544387817, "mean": 0.14225806972983668}, "ref_regrid": {"min": 0.043780770152807236, "max": 0.9551068544387817, "mean": 0.14225806972983668, "std": 0.17876449192139912}, "test": {"min": 0.04402483254671097, "max": 0.9537191390991211, "mean": 0.14303124209483623}, "test_regrid": {"min": 0.04402483254671097, "max": 0.9537191390991211, "mean": 0.14303124209483623, "std": 0.18014990518376228}, "diff": {"min": -0.1096976101398468, "max": 0.16094070672988892, "mean": 0.0007731723649995598}, "misc": {"rmse": 0.009693656209627931, "corr": 0.9985801656523521}, "unit": "dimensionless"}