{"ref": {"min": 0.08559571951627731, "max": 0.7152889966964722, "mean": 0.1794803552453044}, "ref_regrid": {"min": 0.08559571951627731, "max": 0.7152889966964722, "mean": 0.1794803552453044, "std": 0.137474457148233}, "test": {"min": 0.0849079117178917, "max": 0.7182708978652954, "mean": 0.18025330992570252}, "test_regrid": {"min": 0.0849079117178917, "max": 0.7182708978652954, "mean": 0.18025330992570252, "std": 0.13899409834738927}, "diff": {"min": -0.08681753277778625, "max": 0.10388678312301636, "mean": 0.000772954680398132}, "misc": {"rmse": 0.008612931449740317, "corr": 0.9981349356935625}, "unit": "dimensionless"}