{"ref": {"min": 0.11287668347358704, "max": 0.7209816575050354, "mean": 0.31849567277460156}, "ref_regrid": {"min": 0.11287668347358704, "max": 0.7209816575050354, "mean": 0.31849567277460156, "std": 0.13979142534664532}, "test": {"min": 0.10598170757293701, "max": 0.7232722640037537, "mean": 0.32029581664359535}, "test_regrid": {"min": 0.10598170757293701, "max": 0.7232722640037537, "mean": 0.32029581664359535, "std": 0.1431853701153919}, "diff": {"min": -0.08246976137161255, "max": 0.09273204207420349, "mean": 0.0018001438689938544}, "misc": {"rmse": 0.01935141165489129, "corr": 0.9910142839160432}, "unit": "dimensionless"}