{"ref": {"min": 0.0855717658996582, "max": 0.7442041039466858, "mean": 0.17333105608848107}, "ref_regrid": {"min": 0.0855717658996582, "max": 0.7442041039466858, "mean": 0.17333105608848107, "std": 0.13247821570109755}, "test": {"min": 0.08539721369743347, "max": 0.7522048950195312, "mean": 0.17384950975898203}, "test_regrid": {"min": 0.08539721369743347, "max": 0.7522048950195312, "mean": 0.17384950975898203, "std": 0.1339851535450841}, "diff": {"min": -0.09932667016983032, "max": 0.18033835291862488, "mean": 0.0005184536705009598}, "misc": {"rmse": 0.007190850070239538, "corr": 0.9986149760665751}, "unit": "dimensionless"}