{"ref": {"min": 0.04384081810712814, "max": 0.8619053959846497, "mean": 0.15265864816894267}, "ref_regrid": {"min": 0.04384081810712814, "max": 0.8619053959846497, "mean": 0.15265864816894267, "std": 0.1978496570282679}, "test": {"min": 0.04371410608291626, "max": 0.8732775449752808, "mean": 0.1535430738179274}, "test_regrid": {"min": 0.04371410608291626, "max": 0.8732775449752808, "mean": 0.1535430738179274, "std": 0.20006904634329548}, "diff": {"min": -0.15914615988731384, "max": 0.18156000971794128, "mean": 0.0008844256489847219}, "misc": {"rmse": 0.013063837317667006, "corr": 0.9979163593925406}, "unit": "dimensionless"}