{"ref": {"min": 0.04281364753842354, "max": 0.8543227910995483, "mean": 0.141428118675775}, "ref_regrid": {"min": 0.04281364753842354, "max": 0.8543227910995483, "mean": 0.141428118675775, "std": 0.17928840111463631}, "test": {"min": 0.04226073622703552, "max": 0.8678908944129944, "mean": 0.14212049629214285}, "test_regrid": {"min": 0.04226073622703552, "max": 0.8678908944129944, "mean": 0.14212049629214285, "std": 0.18059820283977476}, "diff": {"min": -0.30647480487823486, "max": 0.3249308466911316, "mean": 0.0006923776163332306}, "misc": {"rmse": 0.015239713719153902, "corr": 0.9964475005948308}, "unit": "dimensionless"}