{"ref": {"min": 0.08451869338750839, "max": 0.7049666047096252, "mean": 0.1771786580595359}, "ref_regrid": {"min": 0.08451869338750839, "max": 0.7049666047096252, "mean": 0.1771786580595359, "std": 0.122827808756805}, "test": {"min": 0.08480770140886307, "max": 0.7080389857292175, "mean": 0.1776636741274399}, "test_regrid": {"min": 0.08480770140886307, "max": 0.7080389857292175, "mean": 0.1776636741274399, "std": 0.1248226823402644}, "diff": {"min": -0.06267188489437103, "max": 0.09826603531837463, "mean": 0.0004850160679039918}, "misc": {"rmse": 0.005701250350274891, "corr": 0.9990774186568078}, "unit": "dimensionless"}