{"ref": {"min": 0.09952178597450256, "max": 0.7261870503425598, "mean": 0.33011272390538}, "ref_regrid": {"min": 0.09952178597450256, "max": 0.7261870503425598, "mean": 0.33011272390538, "std": 0.14376609696663897}, "test": {"min": 0.09538615494966507, "max": 0.7286264300346375, "mean": 0.3313792625133799}, "test_regrid": {"min": 0.09538615494966507, "max": 0.7286264300346375, "mean": 0.3313792625133799, "std": 0.14419512256267292}, "diff": {"min": -0.11859691143035889, "max": 0.09903259575366974, "mean": 0.0012665386079998276}, "misc": {"rmse": 0.021449061592996393, "corr": 0.9889467948473004}, "unit": "dimensionless"}