{"ref": {"min": 0.08682118356227875, "max": 0.729461669921875, "mean": 0.16936911108647143}, "ref_regrid": {"min": 0.08682118356227875, "max": 0.729461669921875, "mean": 0.16936911108647143, "std": 0.11800146699411185}, "test": {"min": 0.08683233708143234, "max": 0.7338041067123413, "mean": 0.1699197759222369}, "test_regrid": {"min": 0.08683233708143234, "max": 0.7338041067123413, "mean": 0.1699197759222369, "std": 0.11956276670848907}, "diff": {"min": -0.051276713609695435, "max": 0.06950414180755615, "mean": 0.0005506648357654386}, "misc": {"rmse": 0.005345921134069508, "corr": 0.9990843169564263}, "unit": "dimensionless"}