{"ref": {"min": 0.04410130903124809, "max": 0.8484146595001221, "mean": 0.1431363578500907}, "ref_regrid": {"min": 0.04410130903124809, "max": 0.8484146595001221, "mean": 0.1431363578500907, "std": 0.17029765086208792}, "test": {"min": 0.04408736899495125, "max": 0.8499312400817871, "mean": 0.14383985911341457}, "test_regrid": {"min": 0.04408736899495125, "max": 0.8499312400817871, "mean": 0.14383985911341457, "std": 0.17215274772107353}, "diff": {"min": -0.07494401931762695, "max": 0.09658259153366089, "mean": 0.0007035012633238477}, "misc": {"rmse": 0.00855796057023376, "corr": 0.9988180593659062}, "unit": "dimensionless"}