{"ref": {"min": 0.11114518344402313, "max": 0.7321329712867737, "mean": 0.3108428722357349}, "ref_regrid": {"min": 0.11114518344402313, "max": 0.7321329712867737, "mean": 0.3108428722357349, "std": 0.12389543653196926}, "test": {"min": 0.10890042036771774, "max": 0.7362234592437744, "mean": 0.3122118734106408}, "test_regrid": {"min": 0.10890042036771774, "max": 0.7362234592437744, "mean": 0.3122118734106408, "std": 0.1261973315426489}, "diff": {"min": -0.07132986187934875, "max": 0.05558165907859802, "mean": 0.0013690011749059137}, "misc": {"rmse": 0.01151659764565477, "corr": 0.9959879456481344}, "unit": "dimensionless"}