{"ref": {"min": 0.004526615142822266, "max": 0.8596658110618591, "mean": 0.16654483520024396}, "ref_regrid": {"min": 0.004526615142822266, "max": 0.8596658110618591, "mean": 0.16654483520024396, "std": 0.21014761488670278}, "test": {"min": 0.004526518285274506, "max": 0.8615676760673523, "mean": 0.16523339760526146}, "test_regrid": {"min": 0.004526518285274506, "max": 0.8615676760673523, "mean": 0.16523339760526146, "std": 0.20988001415564767}, "diff": {"min": -0.2691783010959625, "max": 0.13535243272781372, "mean": -0.0013114375946947255}, "misc": {"rmse": 0.017413210179195775, "corr": 0.9965828921693283}, "unit": "dimensionless"}