{"ref": {"min": 0.08453013747930527, "max": 0.7234379053115845, "mean": 0.18918658679533434}, "ref_regrid": {"min": 0.08453013747930527, "max": 0.7234379053115845, "mean": 0.18918658679533434, "std": 0.1459490931664889}, "test": {"min": 0.08490357547998428, "max": 0.7263332009315491, "mean": 0.1887405250479614}, "test_regrid": {"min": 0.08490357547998428, "max": 0.7263332009315491, "mean": 0.1887405250479614, "std": 0.1460300346724913}, "diff": {"min": -0.15664581954479218, "max": 0.09000927209854126, "mean": -0.00044606174737290617}, "misc": {"rmse": 0.010742923415732795, "corr": 0.9972973036543081}, "unit": "dimensionless"}