{"ref": {"min": 0.008241578005254269, "max": 1.893731951713562, "mean": 0.15522035624672828}, "ref_regrid": {"min": 0.008241578005254269, "max": 1.893731951713562, "mean": 0.15522035624672828, "std": 0.1352487344030876}, "test": {"min": 0.008084256201982498, "max": 1.7697393894195557, "mean": 0.15450039501430482}, "test_regrid": {"min": 0.008084256201982498, "max": 1.7697393894195557, "mean": 0.15450039501430482, "std": 0.13540032280945638}, "diff": {"min": -0.17377996444702148, "max": 0.14800268411636353, "mean": -0.0007199612324234671}, "misc": {"rmse": 0.014213173125826163, "corr": 0.9944990986624671}, "unit": "dimensionless"}