{"ref": {"min": 0.0001443304354324937, "max": 1.7049505710601807, "mean": 0.14038139042316766}, "ref_regrid": {"min": 0.0001443304354324937, "max": 1.7049505710601807, "mean": 0.14038139042316766, "std": 0.1316774638985304}, "test": {"min": 9.808214963413775e-05, "max": 1.9902781248092651, "mean": 0.142815186763194}, "test_regrid": {"min": 9.808214963413775e-05, "max": 1.9902781248092651, "mean": 0.142815186763194, "std": 0.14359651864708364}, "diff": {"min": -0.3467738926410675, "max": 0.2853275537490845, "mean": 0.0024337963400353924}, "misc": {"rmse": 0.029496585610997206, "corr": 0.9809063595844644}, "unit": "dimensionless"}