{"ref": {"min": 0.009514090605080128, "max": 1.9726678133010864, "mean": 0.1506983539793051}, "ref_regrid": {"min": 0.009514090605080128, "max": 1.9726678133010864, "mean": 0.1506983539793051, "std": 0.12239721836559364}, "test": {"min": 0.009285114705562592, "max": 1.7708632946014404, "mean": 0.14908716830382585}, "test_regrid": {"min": 0.009285114705562592, "max": 1.7708632946014404, "mean": 0.14908716830382585, "std": 0.12023435518523946}, "diff": {"min": -0.3296738862991333, "max": 0.3295488953590393, "mean": -0.001611185675479287}, "misc": {"rmse": 0.0261755403514894, "corr": 0.9769683049379367}, "unit": "dimensionless"}