{"ref": {"min": 0.004974936135113239, "max": 1.871342420578003, "mean": 0.15099491415442673}, "ref_regrid": {"min": 0.004974936135113239, "max": 1.871342420578003, "mean": 0.15099491415442673, "std": 0.1423818049325381}, "test": {"min": 0.004930633120238781, "max": 1.8818451166152954, "mean": 0.15337042399209858}, "test_regrid": {"min": 0.004930633120238781, "max": 1.8818451166152954, "mean": 0.15337042399209858, "std": 0.15633602166247976}, "diff": {"min": -0.3709647059440613, "max": 0.475885272026062, "mean": 0.002375509837671841}, "misc": {"rmse": 0.0384901893785147, "corr": 0.971222694110074}, "unit": "dimensionless"}