{"ref": {"min": 5.93151924022095e-07, "max": 2.3223462104797363, "mean": 0.1796626961682113}, "ref_regrid": {"min": 5.93151924022095e-07, "max": 2.3223462104797363, "mean": 0.1796626961682113, "std": 0.18807606736770868}, "test": {"min": 5.259265662971302e-07, "max": 1.6958917379379272, "mean": 0.17343171899475546}, "test_regrid": {"min": 5.259265662971302e-07, "max": 1.6958917379379272, "mean": 0.17343171899475546, "std": 0.1711016173251566}, "diff": {"min": -0.6827272176742554, "max": 0.24769634008407593, "mean": -0.0062309771734557744}, "misc": {"rmse": 0.03730183783660286, "corr": 0.9834607494268808}, "unit": "dimensionless"}