{"ref": {"min": 0.1753246784210205, "max": 93.19512939453125, "mean": 45.23963562496531}, "ref_regrid": {"min": 0.1753246784210205, "max": 93.19512939453125, "mean": 45.23963562496531, "std": 23.46029243077703}, "test": {"min": 0.011319871060550213, "max": 95.08721923828125, "mean": 45.21014884697893}, "test_regrid": {"min": 0.011319871060550213, "max": 95.08721923828125, "mean": 45.21014884697893, "std": 24.28814286140221}, "diff": {"min": -25.4083194732666, "max": 29.428142547607422, "mean": -0.02948677806285528}, "misc": {"rmse": 5.306793309716353, "corr": 0.9758902111622357}, "unit": "%"}