{"ref": {"min": 0.0, "max": 52.00481033325195, "mean": 11.356185823142509}, "ref_regrid": {"min": 0.0, "max": 52.00481033325195, "mean": 11.356185823142509, "std": 9.124991996493058}, "test": {"min": 0.0, "max": 69.46221923828125, "mean": 11.566075405121625}, "test_regrid": {"min": 0.0, "max": 69.46221923828125, "mean": 11.566075405121625, "std": 9.740222383899534}, "diff": {"min": -27.027320861816406, "max": 32.339561462402344, "mean": 0.20988958198548688}, "misc": {"rmse": 2.8555966582439334, "corr": 0.9565036105121026}, "unit": "%"}