{"ref": {"min": 0.020697899162769318, "max": 65.3571548461914, "mean": 14.000855246438132}, "ref_regrid": {"min": 0.020697899162769318, "max": 65.3571548461914, "mean": 14.000855246438132, "std": 12.48940544393114}, "test": {"min": 0.0, "max": 64.76956939697266, "mean": 13.971214425406705}, "test_regrid": {"min": 0.0, "max": 64.76956939697266, "mean": 13.971214425406705, "std": 12.599329341796102}, "diff": {"min": -10.595420837402344, "max": 9.34585952758789, "mean": -0.02964082103715365}, "misc": {"rmse": 1.5064637513246495, "corr": 0.9928301411274632}, "unit": "%"}