{"ref": {"min": 6.660637855529785, "max": 96.86157989501953, "mean": 57.5278179148766}, "ref_regrid": {"min": 6.660637855529785, "max": 96.86157989501953, "mean": 57.5278179148766, "std": 20.771382881478747}, "test": {"min": 5.935969829559326, "max": 97.34220886230469, "mean": 57.64867755010344}, "test_regrid": {"min": 5.935969829559326, "max": 97.34220886230469, "mean": 57.64867755010344, "std": 21.09956960851841}, "diff": {"min": -11.490703582763672, "max": 10.471038818359375, "mean": 0.1208596352268364}, "misc": {"rmse": 2.712082579362285, "corr": 0.9917480962895672}, "unit": "%"}