{"ref": {"min": 0.0, "max": 70.58943176269531, "mean": 13.07622933904636}, "ref_regrid": {"min": 0.0, "max": 70.58943176269531, "mean": 13.07622933904636, "std": 13.21469006797037}, "test": {"min": 0.0, "max": 73.26702880859375, "mean": 13.097279398698939}, "test_regrid": {"min": 0.0, "max": 73.26702880859375, "mean": 13.097279398698939, "std": 13.521762288404988}, "diff": {"min": -18.327163696289062, "max": 66.66666412353516, "mean": 0.021050059671227174}, "misc": {"rmse": 3.3225409806015813, "corr": 0.9693749132966041}, "unit": "%"}