{"ref": {"min": 0.0, "max": 97.49610900878906, "mean": 47.14030852073341}, "ref_regrid": {"min": 0.0, "max": 97.49610900878906, "mean": 47.14030852073341, "std": 24.150269765815544}, "test": {"min": 0.0, "max": 100.00001525878906, "mean": 46.741325106839916}, "test_regrid": {"min": 0.0, "max": 100.00001525878906, "mean": 46.741325106839916, "std": 24.569803354660372}, "diff": {"min": -50.97719192504883, "max": 90.0, "mean": -0.3989834138617405}, "misc": {"rmse": 6.211623878117191, "corr": 0.9677694827645495}, "unit": "%"}