{"ref": {"min": 0.0, "max": 70.0969009399414, "mean": 26.49873695685974}, "ref_regrid": {"min": 0.0, "max": 70.0969009399414, "mean": 26.49873695685974, "std": 19.071416780672962}, "test": {"min": 0.0, "max": 87.64241027832031, "mean": 25.879110695364005}, "test_regrid": {"min": 0.0, "max": 87.64241027832031, "mean": 25.879110695364005, "std": 19.205557021546728}, "diff": {"min": -30.994266510009766, "max": 85.71322631835938, "mean": -0.6196262614995767}, "misc": {"rmse": 4.099248678975485, "corr": 0.9776099768981971}, "unit": "%"}