{"ref": {"min": 0.0, "max": 42.94217300415039, "mean": 15.601226644282962}, "ref_regrid": {"min": 0.0, "max": 42.94217300415039, "mean": 15.601226644282962, "std": 10.736504677684604}, "test": {"min": 0.0, "max": 56.472225189208984, "mean": 15.202327588853302}, "test_regrid": {"min": 0.0, "max": 56.472225189208984, "mean": 15.202327588853302, "std": 11.21471228500822}, "diff": {"min": -15.321610450744629, "max": 35.756019592285156, "mean": -0.3988990554053078}, "misc": {"rmse": 2.9797949227220766, "corr": 0.9647388096169136}, "unit": "%"}