{"ref": {"min": 0.6407893896102905, "max": 98.20178985595703, "mean": 47.82785801029973}, "ref_regrid": {"min": 0.6407893896102905, "max": 98.20178985595703, "mean": 47.82785801029973, "std": 23.583577656365385}, "test": {"min": 0.0, "max": 99.99999237060547, "mean": 47.870161908480206}, "test_regrid": {"min": 0.0, "max": 99.99999237060547, "mean": 47.870161908480206, "std": 24.41595695962711}, "diff": {"min": -33.2315788269043, "max": 31.848190307617188, "mean": 0.04230389826303547}, "misc": {"rmse": 4.863706198191209, "corr": 0.9800621999690997}, "unit": "%"}