{"ref": {"min": 0.3778989613056183, "max": 40.86679458618164, "mean": 17.35890189982682}, "ref_regrid": {"min": 0.3778989613056183, "max": 40.86679458618164, "mean": 17.35890189982682, "std": 10.333363621476371}, "test": {"min": 0.208141028881073, "max": 44.27039337158203, "mean": 16.900975774063202}, "test_regrid": {"min": 0.208141028881073, "max": 44.27039337158203, "mean": 16.900975774063202, "std": 10.353181088929315}, "diff": {"min": -12.028497695922852, "max": 11.392147064208984, "mean": -0.4579261257636449}, "misc": {"rmse": 1.6440824214261638, "corr": 0.9883490198419725}, "unit": "%"}