{"ref": {"min": 0.0, "max": 64.96409606933594, "mean": 15.133094481177164}, "ref_regrid": {"min": 0.0, "max": 64.96409606933594, "mean": 15.133094481177164, "std": 14.025743758565373}, "test": {"min": 0.0, "max": 67.08192443847656, "mean": 15.131963296186093}, "test_regrid": {"min": 0.0, "max": 67.08192443847656, "mean": 15.131963296186093, "std": 14.42376724714767}, "diff": {"min": -17.969085693359375, "max": 21.060863494873047, "mean": -0.0011311850118372563}, "misc": {"rmse": 3.4196135915011676, "corr": 0.9714901096962641}, "unit": "%"}