{"ref": {"min": 2.369882345199585, "max": 94.05686950683594, "mean": 47.77137030182272}, "ref_regrid": {"min": 2.369882345199585, "max": 94.05686950683594, "mean": 47.77137030182272, "std": 21.8821529796906}, "test": {"min": 1.2603291273117065, "max": 94.30069732666016, "mean": 47.683197853029085}, "test_regrid": {"min": 1.2603291273117065, "max": 94.30069732666016, "mean": 47.683197853029085, "std": 22.260557937066054}, "diff": {"min": -17.433277130126953, "max": 12.504344940185547, "mean": -0.08817244879364876}, "misc": {"rmse": 2.7911433140896933, "corr": 0.9921583082488926}, "unit": "%"}