{"ref": {"min": 0.0, "max": 75.8103256225586, "mean": 14.0986457006033}, "ref_regrid": {"min": 0.0, "max": 75.8103256225586, "mean": 14.0986457006033, "std": 13.040874438916516}, "test": {"min": 0.0, "max": 84.53327941894531, "mean": 14.377505707453079}, "test_regrid": {"min": 0.0, "max": 84.53327941894531, "mean": 14.377505707453079, "std": 13.82148874598542}, "diff": {"min": -39.61460494995117, "max": 30.155601501464844, "mean": 0.2788600067681568}, "misc": {"rmse": 3.3578621744239086, "corr": 0.9706284298852633}, "unit": "%"}