{"ref": {"min": 1.0497533082962036, "max": 48.0646858215332, "mean": 22.863367875867137}, "ref_regrid": {"min": 1.0497533082962036, "max": 48.0646858215332, "mean": 22.863367875867137, "std": 9.214859233048662}, "test": {"min": 0.46055370569229126, "max": 52.497013092041016, "mean": 22.489177581740744}, "test_regrid": {"min": 0.46055370569229126, "max": 52.497013092041016, "mean": 22.489177581740744, "std": 9.165902645292064}, "diff": {"min": -14.413267135620117, "max": 13.586599349975586, "mean": -0.37419029412794663}, "misc": {"rmse": 1.8251047445050668, "corr": 0.981124214310223}, "unit": "%"}