{"ref": {"min": 0.1753246784210205, "max": 45.9092903137207, "mean": 17.410073246171745}, "ref_regrid": {"min": 0.1753246784210205, "max": 45.9092903137207, "mean": 17.410073246171745, "std": 10.9894901847886}, "test": {"min": 0.0, "max": 60.935184478759766, "mean": 16.95278500684208}, "test_regrid": {"min": 0.0, "max": 60.935184478759766, "mean": 16.95278500684208, "std": 11.495572141636153}, "diff": {"min": -24.097972869873047, "max": 28.241226196289062, "mean": -0.4572882393537473}, "misc": {"rmse": 3.193891261938968, "corr": 0.9614672953508009}, "unit": "%"}