{"ref": {"min": 0.0, "max": 84.58006286621094, "mean": 23.389137862581894}, "ref_regrid": {"min": 0.0, "max": 84.58006286621094, "mean": 23.389137862581894, "std": 17.514051291532652}, "test": {"min": 0.0, "max": 100.0, "mean": 23.714428677830306}, "test_regrid": {"min": 0.0, "max": 100.0, "mean": 23.714428677830306, "std": 18.531837950529447}, "diff": {"min": -48.443843841552734, "max": 100.0, "mean": 0.3252908151916258}, "misc": {"rmse": 5.134930510006064, "corr": 0.9611393582315493}, "unit": "%"}