{"ref": {"min": 0.07766006141901016, "max": 60.81775665283203, "mean": 22.817358922389033}, "ref_regrid": {"min": 0.07766006141901016, "max": 60.81775665283203, "mean": 22.817358922389033, "std": 9.879736607074646}, "test": {"min": 0.0, "max": 100.0, "mean": 22.50444856614978}, "test_regrid": {"min": 0.0, "max": 100.0, "mean": 22.50444856614978, "std": 10.8616567112984}, "diff": {"min": -60.81775665283203, "max": 60.340789794921875, "mean": -0.31291035636784303}, "misc": {"rmse": 4.5930034640303985, "corr": 0.9066557477457836}, "unit": "%"}