{"ref": {"min": 0.01780913956463337, "max": 75.90147399902344, "mean": 22.77280391934861}, "ref_regrid": {"min": 0.01780913956463337, "max": 75.90147399902344, "mean": 22.77280391934861, "std": 15.460132869739692}, "test": {"min": 0.0, "max": 78.35556030273438, "mean": 23.070565262183443}, "test_regrid": {"min": 0.0, "max": 78.35556030273438, "mean": 23.070565262183443, "std": 15.98869624807844}, "diff": {"min": -12.981204986572266, "max": 13.350418090820312, "mean": 0.29776134283742284}, "misc": {"rmse": 2.4477410457125774, "corr": 0.9886252374840897}, "unit": "%"}