{"ref": {"min": 0.19768646359443665, "max": 97.87565612792969, "mean": 46.31085028081133}, "ref_regrid": {"min": 0.19768646359443665, "max": 97.87565612792969, "mean": 46.31085028081133, "std": 23.639270176811387}, "test": {"min": 0.0, "max": 100.00000762939453, "mean": 46.306935166372995}, "test_regrid": {"min": 0.0, "max": 100.00000762939453, "mean": 46.306935166372995, "std": 24.46944889516963}, "diff": {"min": -80.0, "max": 70.0, "mean": -0.003915114399624839}, "misc": {"rmse": 6.416377412710437, "corr": 0.9650087362965402}, "unit": "%"}