{"ref": {"min": 0.0, "max": 66.7362060546875, "mean": 14.077656886444196}, "ref_regrid": {"min": 0.0, "max": 66.7362060546875, "mean": 14.077656886444196, "std": 13.21156912597815}, "test": {"min": 0.0, "max": 72.11514282226562, "mean": 14.00662482457896}, "test_regrid": {"min": 0.0, "max": 72.11514282226562, "mean": 14.00662482457896, "std": 13.593445523562131}, "diff": {"min": -18.60698127746582, "max": 20.148019790649414, "mean": -0.07103206178042115}, "misc": {"rmse": 3.000546425229496, "corr": 0.9753539553160991}, "unit": "%"}