{"ref": {"min": 0.0, "max": 69.72575378417969, "mean": 26.8920221160195}, "ref_regrid": {"min": 0.0, "max": 69.72575378417969, "mean": 26.8920221160195, "std": 17.171991720154026}, "test": {"min": 0.0, "max": 69.67855834960938, "mean": 26.697678793503584}, "test_regrid": {"min": 0.0, "max": 69.67855834960938, "mean": 26.697678793503584, "std": 17.552065908742616}, "diff": {"min": -15.887245178222656, "max": 14.761308670043945, "mean": -0.19434332252124104}, "misc": {"rmse": 2.1183649391078547, "corr": 0.9928580165939678}, "unit": "%"}