{"ref": {"min": 0.0, "max": 50.421974182128906, "mean": 22.681063804005888}, "ref_regrid": {"min": 0.0, "max": 50.421974182128906, "mean": 22.681063804005888, "std": 11.004366137599733}, "test": {"min": 0.0, "max": 89.85649871826172, "mean": 22.086988974623182}, "test_regrid": {"min": 0.0, "max": 89.85649871826172, "mean": 22.086988974623182, "std": 10.982535039638638}, "diff": {"min": -37.969512939453125, "max": 62.139060974121094, "mean": -0.5940748292475242}, "misc": {"rmse": 3.831134924955608, "corr": 0.940738513363684}, "unit": "%"}