{"ref": {"min": 0.0, "max": 71.73101806640625, "mean": 26.29463179334248}, "ref_regrid": {"min": 0.0, "max": 71.73101806640625, "mean": 26.29463179334248, "std": 17.813734734374858}, "test": {"min": 0.0, "max": 71.65593719482422, "mean": 26.077446379242556}, "test_regrid": {"min": 0.0, "max": 71.65593719482422, "mean": 26.077446379242556, "std": 18.71407912014806}, "diff": {"min": -20.575565338134766, "max": 35.7949104309082, "mean": -0.2171854140043959}, "misc": {"rmse": 4.101229016616937, "corr": 0.9760590289458133}, "unit": "%"}