{"ref": {"min": 0.5242767930030823, "max": 52.89851379394531, "mean": 22.66655493918469}, "ref_regrid": {"min": 0.5242767930030823, "max": 52.89851379394531, "mean": 22.66655493918469, "std": 10.16580605532542}, "test": {"min": 0.0, "max": 60.22492599487305, "mean": 22.473947283574425}, "test_regrid": {"min": 0.0, "max": 60.22492599487305, "mean": 22.473947283574425, "std": 10.428222936497878}, "diff": {"min": -25.505596160888672, "max": 36.24098587036133, "mean": -0.19260765555977571}, "misc": {"rmse": 3.2646948129651965, "corr": 0.9502304345804333}, "unit": "%"}