{"ref": {"min": 1.8662631511688232, "max": 93.08037567138672, "mean": 45.72243533644953}, "ref_regrid": {"min": 1.8662631511688232, "max": 93.08037567138672, "mean": 45.72243533644953, "std": 22.059714224370374}, "test": {"min": 0.8261961936950684, "max": 93.47542572021484, "mean": 45.62493668827714}, "test_regrid": {"min": 0.8261961936950684, "max": 93.47542572021484, "mean": 45.62493668827714, "std": 22.426992217281416}, "diff": {"min": -16.73497200012207, "max": 11.542411804199219, "mean": -0.09749864817218967}, "misc": {"rmse": 2.8046104414460156, "corr": 0.9921963560426976}, "unit": "%"}