{"ref": {"min": 0.01780913956463337, "max": 78.82528686523438, "mean": 24.905564663627434}, "ref_regrid": {"min": 0.01780913956463337, "max": 78.82528686523438, "mean": 24.905564663627434, "std": 14.914501028393072}, "test": {"min": 0.0, "max": 81.32013702392578, "mean": 25.189477954701733}, "test_regrid": {"min": 0.0, "max": 81.32013702392578, "mean": 25.189477954701733, "std": 15.455295387414772}, "diff": {"min": -13.088050842285156, "max": 13.452537536621094, "mean": 0.2839132910779326}, "misc": {"rmse": 2.45112665252327, "corr": 0.9877770920754099}, "unit": "%"}