{"ref": {"min": 3.9830739498138428, "max": 97.18445587158203, "mean": 57.0984998812801}, "ref_regrid": {"min": 3.9830739498138428, "max": 97.18445587158203, "mean": 57.0984998812801, "std": 22.652773861513303}, "test": {"min": 1.886917233467102, "max": 98.75047302246094, "mean": 57.37611306669166}, "test_regrid": {"min": 1.886917233467102, "max": 98.75047302246094, "mean": 57.37611306669166, "std": 23.303064099381174}, "diff": {"min": -18.519105911254883, "max": 21.509544372558594, "mean": 0.27761318542510804}, "misc": {"rmse": 4.827869627171685, "corr": 0.9783962074564269}, "unit": "%"}