{"ref": {"min": 0.5242767333984375, "max": 52.89851379394531, "mean": 22.666532634170373}, "ref_regrid": {"min": 0.5242767333984375, "max": 52.89851379394531, "mean": 22.666532634170373, "std": 10.165851420653366}, "test": {"min": 0.0, "max": 60.22492980957031, "mean": 22.47212890976751}, "test_regrid": {"min": 0.0, "max": 60.22492980957031, "mean": 22.47212890976751, "std": 10.42902109143838}, "diff": {"min": -25.505596160888672, "max": 36.24098205566406, "mean": -0.1944037243998941}, "misc": {"rmse": 3.264670931268312, "corr": 0.9502403451587087}, "unit": "%"}