{"ref": {"min": 0.07398200035095215, "max": 60.81775665283203, "mean": 22.921712399279134}, "ref_regrid": {"min": 0.07398200035095215, "max": 60.81775665283203, "mean": 22.921712399279134, "std": 9.769628459250137}, "test": {"min": 0.0, "max": 100.0, "mean": 22.592506484452755}, "test_regrid": {"min": 0.0, "max": 100.0, "mean": 22.592506484452755, "std": 10.715489335212792}, "diff": {"min": -60.81775665283203, "max": 60.34335708618164, "mean": -0.3292059150898249}, "misc": {"rmse": 4.551207312724696, "corr": 0.9058594613199471}, "unit": "%"}