{"ref": {"min": 0.2728082537651062, "max": 92.70179748535156, "mean": 31.494305773066642}, "ref_regrid": {"min": 0.2728082537651062, "max": 92.70179748535156, "mean": 31.494305773066642, "std": 21.850735898353964}, "test": {"min": 0.0, "max": 98.28974914550781, "mean": 31.481909436101937}, "test_regrid": {"min": 0.0, "max": 98.28974914550781, "mean": 31.481909436101937, "std": 22.670589626681863}, "diff": {"min": -41.32415008544922, "max": 28.70791244506836, "mean": -0.012396336943240606}, "misc": {"rmse": 4.1066800978970655, "corr": 0.9836561188566567}, "unit": "%"}