{"ref": {"min": 0.0, "max": 51.45478820800781, "mean": 22.629590888439804}, "ref_regrid": {"min": 0.0, "max": 51.45478820800781, "mean": 22.629590888439804, "std": 11.113304297073675}, "test": {"min": 0.0, "max": 93.71485900878906, "mean": 22.051133930267994}, "test_regrid": {"min": 0.0, "max": 93.71485900878906, "mean": 22.051133930267994, "std": 11.090161225140376}, "diff": {"min": -42.27838134765625, "max": 65.07099914550781, "mean": -0.5784569581049761}, "misc": {"rmse": 3.9263909399571975, "corr": 0.9388170332614251}, "unit": "%"}