{"ref": {"min": 0.1753246784210205, "max": 87.06562042236328, "mean": 30.36635565376987}, "ref_regrid": {"min": 0.1753246784210205, "max": 87.06562042236328, "mean": 30.36635565376987, "std": 20.860431549752303}, "test": {"min": 0.0, "max": 84.50521087646484, "mean": 30.21030955003436}, "test_regrid": {"min": 0.0, "max": 84.50521087646484, "mean": 30.21030955003436, "std": 21.927556156057644}, "diff": {"min": -24.707921981811523, "max": 27.458539962768555, "mean": -0.15604610383003348}, "misc": {"rmse": 4.3154797595194125, "corr": 0.980914341382091}, "unit": "%"}