{"ref": {"min": 0.0, "max": 60.292362213134766, "mean": 11.707526248375464}, "ref_regrid": {"min": 0.0, "max": 60.292362213134766, "mean": 11.707526248375464, "std": 9.772506121714459}, "test": {"min": 0.0, "max": 100.0, "mean": 12.036580134499442}, "test_regrid": {"min": 0.0, "max": 100.0, "mean": 12.036580134499442, "std": 10.688689286128454}, "diff": {"min": -34.26780700683594, "max": 100.0, "mean": 0.3290538861595928}, "misc": {"rmse": 3.235109400265149, "corr": 0.9544385637868378}, "unit": "%"}