{"ref": {"min": 0.0, "max": 51.45478439331055, "mean": 22.629606934488667}, "ref_regrid": {"min": 0.0, "max": 51.45478439331055, "mean": 22.629606934488667, "std": 11.113278655474348}, "test": {"min": 0.0, "max": 93.7148666381836, "mean": 22.053016460879935}, "test_regrid": {"min": 0.0, "max": 93.7148666381836, "mean": 22.053016460879935, "std": 11.08976803057474}, "diff": {"min": -42.278385162353516, "max": 65.07101440429688, "mean": -0.5765904736709755}, "misc": {"rmse": 3.9261074783607577, "corr": 0.9388150765758179}, "unit": "%"}