{"ref": {"min": 0.6267048716545105, "max": 87.31934356689453, "mean": 28.89181230395378}, "ref_regrid": {"min": 0.6267048716545105, "max": 87.31934356689453, "mean": 28.89181230395378, "std": 12.334476023735327}, "test": {"min": 0.1317790150642395, "max": 91.55890655517578, "mean": 29.08799000913978}, "test_regrid": {"min": 0.1317790150642395, "max": 91.55890655517578, "mean": 29.08799000913978, "std": 13.540246231170183}, "diff": {"min": -19.683570861816406, "max": 29.362594604492188, "mean": 0.1961777049133631}, "misc": {"rmse": 5.453317959913343, "corr": 0.9154362086065089}, "unit": "%"}