{"ref": {"min": 0.0, "max": 87.79264831542969, "mean": 25.491628803478697}, "ref_regrid": {"min": 0.0, "max": 87.79264831542969, "mean": 25.491628803478697, "std": 17.111951804485653}, "test": {"min": 0.0, "max": 100.0, "mean": 25.82248700172948}, "test_regrid": {"min": 0.0, "max": 100.0, "mean": 25.82248700172948, "std": 18.19853491478443}, "diff": {"min": -50.94696807861328, "max": 100.0, "mean": 0.33085819833651314}, "misc": {"rmse": 5.160994505342461, "corr": 0.9593052005716338}, "unit": "%"}