{"ref": {"min": 1.8669624328613281, "max": 94.55400085449219, "mean": 47.35772656790235}, "ref_regrid": {"min": 1.8669624328613281, "max": 94.55400085449219, "mean": 47.35772656790235, "std": 23.25024356552876}, "test": {"min": 0.011319871060550213, "max": 96.44147491455078, "mean": 47.31121275095279}, "test_regrid": {"min": 0.011319871060550213, "max": 96.44147491455078, "mean": 47.31121275095279, "std": 24.04104158814251}, "diff": {"min": -27.161989212036133, "max": 28.682636260986328, "mean": -0.04651381704898606}, "misc": {"rmse": 5.299984129883664, "corr": 0.9754344648665351}, "unit": "%"}