{"ref": {"min": 0.07766006141901016, "max": 60.81775665283203, "mean": 22.81738598046579}, "ref_regrid": {"min": 0.07766006141901016, "max": 60.81775665283203, "mean": 22.81738598046579, "std": 9.87972114735929}, "test": {"min": 0.0, "max": 100.0, "mean": 22.50598408812411}, "test_regrid": {"min": 0.0, "max": 100.0, "mean": 22.50598408812411, "std": 10.860993392005392}, "diff": {"min": -60.81775665283203, "max": 60.340789794921875, "mean": -0.3114018925753153}, "misc": {"rmse": 4.592938634386589, "corr": 0.906642359581821}, "unit": "%"}