{"ref": {"min": 0.01308456715196371, "max": 61.159088134765625, "mean": 13.85016411119968}, "ref_regrid": {"min": 0.01308456715196371, "max": 61.159088134765625, "mean": 13.85016411119968, "std": 11.901624477393677}, "test": {"min": 0.0, "max": 60.13684844970703, "mean": 14.095699432101373}, "test_regrid": {"min": 0.0, "max": 60.13684844970703, "mean": 14.095699432101373, "std": 12.43891790684037}, "diff": {"min": -9.930362701416016, "max": 11.480628967285156, "mean": 0.24553532090114055}, "misc": {"rmse": 1.7522985322973883, "corr": 0.9908081701167047}, "unit": "%"}