{"ref": {"min": 0.20473375916481018, "max": 49.18290710449219, "mean": 17.395660067342643}, "ref_regrid": {"min": 0.20473375916481018, "max": 49.18290710449219, "mean": 17.395660067342643, "std": 11.291369128589613}, "test": {"min": 0.0, "max": 55.662139892578125, "mean": 17.10440374162803}, "test_regrid": {"min": 0.0, "max": 55.662139892578125, "mean": 17.10440374162803, "std": 11.549260531689402}, "diff": {"min": -27.386449813842773, "max": 31.409957885742188, "mean": -0.2912563257157616}, "misc": {"rmse": 2.9401115472207913, "corr": 0.9674368705485187}, "unit": "%"}