{"ref": {"min": 3.8174052238464355, "max": 99.29283142089844, "mean": 56.74047477148024}, "ref_regrid": {"min": 3.8174052238464355, "max": 99.29283142089844, "mean": 56.74047477148024, "std": 23.61529088074397}, "test": {"min": 0.845509946346283, "max": 100.0, "mean": 56.487931360832}, "test_regrid": {"min": 0.845509946346283, "max": 100.0, "mean": 56.487931360832, "std": 23.903897466584482}, "diff": {"min": -28.383014678955078, "max": 22.61974334716797, "mean": -0.25254341062457153}, "misc": {"rmse": 5.103688369303286, "corr": 0.9770587440993184}, "unit": "%"}