{"ref": {"min": 0.0, "max": 100.0, "mean": 32.295530601128064}, "ref_regrid": {"min": 0.0, "max": 100.0, "mean": 32.295530601128064, "std": 22.686536360407825}, "test": {"min": 0.0, "max": 84.2117919921875, "mean": 32.177767591332234}, "test_regrid": {"min": 0.0, "max": 84.2117919921875, "mean": 32.177767591332234, "std": 23.857128415882244}, "diff": {"min": -18.789703369140625, "max": 26.135944366455078, "mean": -0.12321219073610108}, "misc": {"rmse": 4.168673321990855, "corr": 0.9852304017674}, "unit": "%"}