{"ref": {"min": 0.0, "max": 40.90177536010742, "mean": 15.583526319679464}, "ref_regrid": {"min": 0.0, "max": 40.90177536010742, "mean": 15.583526319679464, "std": 10.207697998952698}, "test": {"min": 0.0, "max": 40.126766204833984, "mean": 15.208781594102096}, "test_regrid": {"min": 0.0, "max": 40.126766204833984, "mean": 15.208781594102096, "std": 10.238943427368502}, "diff": {"min": -8.773529052734375, "max": 13.581941604614258, "mean": -0.37474472558052996}, "misc": {"rmse": 1.5213176650263875, "corr": 0.9896044801472993}, "unit": "%"}