{"ref": {"min": 0.05450820177793503, "max": 91.08181762695312, "mean": 32.53591681939726}, "ref_regrid": {"min": 0.05450820177793503, "max": 91.08181762695312, "mean": 32.53591681939726, "std": 21.50530911734386}, "test": {"min": 0.0, "max": 100.0, "mean": 32.559494375508244}, "test_regrid": {"min": 0.0, "max": 100.0, "mean": 32.559494375508244, "std": 22.419567512124782}, "diff": {"min": -80.0, "max": 68.0, "mean": 0.023577556145237016}, "misc": {"rmse": 5.404071280714507, "corr": 0.9705815968152267}, "unit": "%"}