{"ref": {"min": 0.0, "max": 97.49610137939453, "mean": 47.140360431764016}, "ref_regrid": {"min": 0.0, "max": 97.49610137939453, "mean": 47.140360431764016, "std": 24.150180020047905}, "test": {"min": 0.0, "max": 100.0, "mean": 46.743207643132095}, "test_regrid": {"min": 0.0, "max": 100.0, "mean": 46.743207643132095, "std": 24.569252940099304}, "diff": {"min": -50.97719192504883, "max": 90.0, "mean": -0.39715278838697904}, "misc": {"rmse": 6.211483804239651, "corr": 0.9677685540020522}, "unit": "%"}