{"ref": {"min": 0.0, "max": 61.2214241027832, "mean": 12.956282410777675}, "ref_regrid": {"min": 0.0, "max": 61.2214241027832, "mean": 12.956282410777675, "std": 11.876063102605197}, "test": {"min": 0.0, "max": 64.99415588378906, "mean": 13.257524546201308}, "test_regrid": {"min": 0.0, "max": 64.99415588378906, "mean": 13.257524546201308, "std": 12.921493170273008}, "diff": {"min": -15.419675827026367, "max": 23.511863708496094, "mean": 0.30124213546430667}, "misc": {"rmse": 3.174471686920835, "corr": 0.9710224001245875}, "unit": "%"}