{"ref": {"min": 0.0, "max": 82.68119049072266, "mean": 25.161272283681154}, "ref_regrid": {"min": 0.0, "max": 82.68119049072266, "mean": 25.161272283681154, "std": 16.148941207428216}, "test": {"min": 0.0, "max": 91.36859130859375, "mean": 25.396214619134394}, "test_regrid": {"min": 0.0, "max": 91.36859130859375, "mean": 25.396214619134394, "std": 17.055219309493207}, "diff": {"min": -38.44810485839844, "max": 31.58905792236328, "mean": 0.2349423354504058}, "misc": {"rmse": 4.385904692355335, "corr": 0.966670226018167}, "unit": "%"}