{"ref": {"min": 0.24899232387542725, "max": 53.37556838989258, "mean": 23.38048657402072}, "ref_regrid": {"min": 0.24899232387542725, "max": 53.37556838989258, "mean": 23.38048657402072, "std": 10.000013028549297}, "test": {"min": 0.0, "max": 68.9012222290039, "mean": 22.989212129341094}, "test_regrid": {"min": 0.0, "max": 68.9012222290039, "mean": 22.989212129341094, "std": 10.478988900418427}, "diff": {"min": -20.25973892211914, "max": 28.481199264526367, "mean": -0.39127444478409984}, "misc": {"rmse": 3.5695169565512437, "corr": 0.9410299901105927}, "unit": "%"}