{"ref": {"min": 0.013969565741717815, "max": 60.81775665283203, "mean": 17.756194492153}, "ref_regrid": {"min": 0.013969565741717815, "max": 60.81775665283203, "mean": 17.756194492153, "std": 10.775460321994867}, "test": {"min": 0.0, "max": 100.0, "mean": 17.435388111845043}, "test_regrid": {"min": 0.0, "max": 100.0, "mean": 17.435388111845043, "std": 11.611003121508173}, "diff": {"min": -60.81775665283203, "max": 68.0, "mean": -0.32080638039684245}, "misc": {"rmse": 4.2805045450681485, "corr": 0.9299771234176777}, "unit": "%"}