{"ref": {"min": 0.0, "max": 86.34619903564453, "mean": 27.087627925238397}, "ref_regrid": {"min": 0.0, "max": 86.34619903564453, "mean": 27.087627925238397, "std": 18.666028261622472}, "test": {"min": 0.0, "max": 89.37326049804688, "mean": 27.079010400774226}, "test_regrid": {"min": 0.0, "max": 89.37326049804688, "mean": 27.079010400774226, "std": 19.396764537352023}, "diff": {"min": -28.867244720458984, "max": 38.03196716308594, "mean": -0.008617524536225118}, "misc": {"rmse": 3.8796202621566094, "corr": 0.9799516905258726}, "unit": "%"}