{"ref": {"min": 0.40320447087287903, "max": 91.68402099609375, "mean": 26.332119532656417}, "ref_regrid": {"min": 0.40320447087287903, "max": 91.68402099609375, "mean": 26.332119532656417, "std": 15.523719518374435}, "test": {"min": 0.0, "max": 94.38021087646484, "mean": 26.450955996554924}, "test_regrid": {"min": 0.0, "max": 94.38021087646484, "mean": 26.450955996554924, "std": 16.376791369961946}, "diff": {"min": -21.321048736572266, "max": 27.320537567138672, "mean": 0.1188364638193947}, "misc": {"rmse": 5.422027631135364, "corr": 0.9436402586352797}, "unit": "%"}