{"ref": {"min": 0.1403350830078125, "max": 78.82527923583984, "mean": 24.906846013221564}, "ref_regrid": {"min": 0.1403350830078125, "max": 78.82527923583984, "mean": 24.906846013221564, "std": 14.912417310106575}, "test": {"min": 0.0, "max": 81.32014465332031, "mean": 25.191016641367426}, "test_regrid": {"min": 0.0, "max": 81.32014465332031, "mean": 25.191016641367426, "std": 15.452913088121846}, "diff": {"min": -13.088050842285156, "max": 13.452537536621094, "mean": 0.28417062814295846}, "misc": {"rmse": 2.4513184825787038, "corr": 0.987771075515952}, "unit": "%"}