{"ref": {"min": 0.0, "max": 83.53118133544922, "mean": 24.510753514488755}, "ref_regrid": {"min": 0.0, "max": 83.53118133544922, "mean": 24.510753514488755, "std": 16.948312235607407}, "test": {"min": 0.0, "max": 87.31942749023438, "mean": 24.69019118255759}, "test_regrid": {"min": 0.0, "max": 87.31942749023438, "mean": 24.69019118255759, "std": 17.394292542386342}, "diff": {"min": -27.959871292114258, "max": 66.66666412353516, "mean": 0.1794376677135098}, "misc": {"rmse": 4.955764849578832, "corr": 0.9587378107624175}, "unit": "%"}