{"ref": {"min": 1.043076515197754, "max": 45.32408905029297, "mean": 22.949631405670342}, "ref_regrid": {"min": 1.043076515197754, "max": 45.32408905029297, "mean": 22.949631405670342, "std": 9.120585278866049}, "test": {"min": 0.45926254987716675, "max": 50.014801025390625, "mean": 22.55437142120874}, "test_regrid": {"min": 0.45926254987716675, "max": 50.014801025390625, "mean": 22.55437142120874, "std": 9.058518576294688}, "diff": {"min": -13.451601028442383, "max": 12.267406463623047, "mean": -0.3952599844600413}, "misc": {"rmse": 1.83611818815778, "corr": 0.9805659256592651}, "unit": "%"}