{"ref": {"min": 0.0, "max": 89.1375503540039, "mean": 33.432500270775314}, "ref_regrid": {"min": 0.0, "max": 89.1375503540039, "mean": 33.432500270775314, "std": 23.60499468323278}, "test": {"min": 0.0, "max": 90.89403533935547, "mean": 33.54991696723416}, "test_regrid": {"min": 0.0, "max": 90.89403533935547, "mean": 33.54991696723416, "std": 24.44594372002475}, "diff": {"min": -23.243757247924805, "max": 27.76064682006836, "mean": 0.09859906713808174}, "misc": {"rmse": 3.9820717670047814, "corr": 0.9868875569204336}, "unit": "%"}