{"ref": {"min": 0.0, "max": 83.325439453125, "mean": 34.48919300094502}, "ref_regrid": {"min": 0.0, "max": 83.325439453125, "mean": 34.48919300094502, "std": 23.292348472398025}, "test": {"min": 0.0, "max": 87.64468383789062, "mean": 34.774774105320596}, "test_regrid": {"min": 0.0, "max": 87.64468383789062, "mean": 34.774774105320596, "std": 24.098714775937374}, "diff": {"min": -18.354373931884766, "max": 47.32688903808594, "mean": 0.2633307883164316}, "misc": {"rmse": 4.447649740600579, "corr": 0.9830261940134352}, "unit": "%"}