{"ref": {"min": 0.0, "max": 78.5416030883789, "mean": 23.967006178809097}, "ref_regrid": {"min": 0.0, "max": 78.5416030883789, "mean": 23.967006178809097, "std": 15.411279767439593}, "test": {"min": 0.0, "max": 87.91102600097656, "mean": 24.308477928716886}, "test_regrid": {"min": 0.0, "max": 87.91102600097656, "mean": 24.308477928716886, "std": 16.412564951358462}, "diff": {"min": -17.999874114990234, "max": 23.26629066467285, "mean": 0.34147174988696666}, "misc": {"rmse": 4.378547084692307, "corr": 0.9643144676812088}, "unit": "%"}