{"ref": {"min": 0.0, "max": 56.08427429199219, "mean": 11.174621725569029}, "ref_regrid": {"min": 0.0, "max": 56.08427429199219, "mean": 11.174621725569029, "std": 10.289104756900777}, "test": {"min": 0.0, "max": 60.34513473510742, "mean": 11.17358578329205}, "test_regrid": {"min": 0.0, "max": 60.34513473510742, "mean": 11.17358578329205, "std": 10.532218132736686}, "diff": {"min": -19.887676239013672, "max": 24.393129348754883, "mean": -0.0010359422437140986}, "misc": {"rmse": 2.8269889393616237, "corr": 0.9633986625262597}, "unit": "%"}