{"ref": {"min": 1.4160302877426147, "max": 98.86050415039062, "mean": 58.61318898399227}, "ref_regrid": {"min": 1.4160302877426147, "max": 98.86050415039062, "mean": 58.61318898399227, "std": 22.589320290567642}, "test": {"min": 2.2879600524902344, "max": 99.50301361083984, "mean": 59.00796441015656}, "test_regrid": {"min": 2.2879600524902344, "max": 99.50301361083984, "mean": 59.00796441015656, "std": 23.29298187055833}, "diff": {"min": -22.5902156829834, "max": 25.805137634277344, "mean": 0.3947754261583223}, "misc": {"rmse": 5.6891963597791095, "corr": 0.9698616323546994}, "unit": "%"}