{"ref": {"min": 0.6598189473152161, "max": 83.41984558105469, "mean": 31.20906602124459}, "ref_regrid": {"min": 0.6598189473152161, "max": 83.41984558105469, "mean": 31.20906602124459, "std": 20.052045518953044}, "test": {"min": 0.37959492206573486, "max": 83.42146301269531, "mean": 30.99667521177869}, "test_regrid": {"min": 0.37959492206573486, "max": 83.42146301269531, "mean": 30.99667521177869, "std": 20.546436192749496}, "diff": {"min": -11.775947570800781, "max": 10.658344268798828, "mean": -0.21239080946223193}, "misc": {"rmse": 2.1827768583180958, "corr": 0.9945691697785772}, "unit": "%"}