{"ref": {"min": 5.49395227432251, "max": 96.83135986328125, "mean": 57.65910801068253}, "ref_regrid": {"min": 5.49395227432251, "max": 96.83135986328125, "mean": 57.65910801068253, "std": 21.87550604392969}, "test": {"min": 0.8404534459114075, "max": 99.27674102783203, "mean": 57.72270131172944}, "test_regrid": {"min": 0.8404534459114075, "max": 99.27674102783203, "mean": 57.72270131172944, "std": 22.71043680514067}, "diff": {"min": -20.184877395629883, "max": 23.18006134033203, "mean": 0.06359330112760017}, "misc": {"rmse": 5.388059757372661, "corr": 0.9714876171272114}, "unit": "%"}