{"ref": {"min": 0.0, "max": 97.04118347167969, "mean": 45.024526901461144}, "ref_regrid": {"min": 0.0, "max": 97.04118347167969, "mean": 45.024526901461144, "std": 24.202506930524024}, "test": {"min": 0.0, "max": 100.0, "mean": 44.62575628796797}, "test_regrid": {"min": 0.0, "max": 100.0, "mean": 44.62575628796797, "std": 24.586361003007358}, "diff": {"min": -46.61407470703125, "max": 82.5, "mean": -0.3987706134813568}, "misc": {"rmse": 6.050078874501654, "corr": 0.9695008851977162}, "unit": "%"}