{"ref": {"min": 0.0, "max": 81.01899719238281, "mean": 23.09827491978125}, "ref_regrid": {"min": 0.0, "max": 81.01899719238281, "mean": 23.09827491978125, "std": 16.64566848758543}, "test": {"min": 0.0, "max": 91.30122375488281, "mean": 23.3406313059453}, "test_regrid": {"min": 0.0, "max": 91.30122375488281, "mean": 23.3406313059453, "std": 17.506645252754463}, "diff": {"min": -38.48584747314453, "max": 31.35858154296875, "mean": 0.2423563862799356}, "misc": {"rmse": 4.349958497198288, "corr": 0.9689061227377477}, "unit": "%"}