{"ref": {"min": 0.0, "max": 60.81775665283203, "mean": 15.700795822736437}, "ref_regrid": {"min": 0.0, "max": 60.81775665283203, "mean": 15.700795822736437, "std": 10.362321610615322}, "test": {"min": 0.0, "max": 100.0, "mean": 15.448041430509416}, "test_regrid": {"min": 0.0, "max": 100.0, "mean": 15.448041430509416, "std": 11.01413450790316}, "diff": {"min": -60.81775665283203, "max": 80.0, "mean": -0.2527543923856945}, "misc": {"rmse": 3.9132137966615175, "corr": 0.9350554730346252}, "unit": "%"}