{"ref": {"min": 0.0, "max": 81.9416732788086, "mean": 33.11757225053695}, "ref_regrid": {"min": 0.0, "max": 81.9416732788086, "mean": 33.11757225053695, "std": 22.028610160571052}, "test": {"min": 0.0, "max": 81.48667907714844, "mean": 33.06148206295924}, "test_regrid": {"min": 0.0, "max": 81.48667907714844, "mean": 33.06148206295924, "std": 22.611632492909866}, "diff": {"min": -9.609159469604492, "max": 16.188779830932617, "mean": -0.09283586570702741}, "misc": {"rmse": 2.1540439788169246, "corr": 0.9957058909178151}, "unit": "%"}