{"ref": {"min": 0.0, "max": 83.24104309082031, "mean": 22.34346309725606}, "ref_regrid": {"min": 0.0, "max": 83.24104309082031, "mean": 22.34346309725606, "std": 17.364503669851537}, "test": {"min": 0.0, "max": 87.18096923828125, "mean": 22.538767326821635}, "test_regrid": {"min": 0.0, "max": 87.18096923828125, "mean": 22.538767326821635, "std": 17.78158328257426}, "diff": {"min": -27.659109115600586, "max": 66.66666412353516, "mean": 0.1953042297507354}, "misc": {"rmse": 4.895128673161161, "corr": 0.9615404488430533}, "unit": "%"}