{"ref": {"min": 0.5242767333984375, "max": 49.54799270629883, "mean": 22.730196623216642}, "ref_regrid": {"min": 0.5242767333984375, "max": 49.54799270629883, "mean": 22.730196623216642, "std": 10.07362801125768}, "test": {"min": 0.0, "max": 57.38792419433594, "mean": 22.503323352360308}, "test_regrid": {"min": 0.0, "max": 57.38792419433594, "mean": 22.503323352360308, "std": 10.316582273708354}, "diff": {"min": -26.273540496826172, "max": 31.389659881591797, "mean": -0.22687327090669662}, "misc": {"rmse": 3.2530908899774884, "corr": 0.949617221544295}, "unit": "%"}