{"ref": {"min": 1.0497533082962036, "max": 48.0646858215332, "mean": 22.864524248489698}, "ref_regrid": {"min": 1.0497533082962036, "max": 48.0646858215332, "mean": 22.864524248489698, "std": 9.21250925686858}, "test": {"min": 0.4608187973499298, "max": 52.49700927734375, "mean": 22.492181226216818}, "test_regrid": {"min": 0.4608187973499298, "max": 52.49700927734375, "mean": 22.492181226216818, "std": 9.16286240316748}, "diff": {"min": -14.4132661819458, "max": 13.586597442626953, "mean": -0.37234302227350924}, "misc": {"rmse": 1.8252932345212585, "corr": 0.9811012938666857}, "unit": "%"}