{"ref": {"min": 0.0, "max": 47.637290954589844, "mean": 10.693405145269471}, "ref_regrid": {"min": 0.0, "max": 47.637290954589844, "mean": 10.693405145269471, "std": 8.33657911244214}, "test": {"min": 0.0, "max": 49.72317886352539, "mean": 10.875118792871417}, "test_regrid": {"min": 0.0, "max": 49.72317886352539, "mean": 10.875118792871417, "std": 9.165515172243}, "diff": {"min": -11.767464637756348, "max": 18.371431350708008, "mean": 0.18171364759598344}, "misc": {"rmse": 2.7189137134116237, "corr": 0.956338037255893}, "unit": "%"}