{"ref": {"min": 0.19768646359443665, "max": 99.39503479003906, "mean": 48.308987697752436}, "ref_regrid": {"min": 0.19768646359443665, "max": 99.39503479003906, "mean": 48.308987697752436, "std": 23.477038771555065}, "test": {"min": 0.0, "max": 100.00001525878906, "mean": 48.3269355848758}, "test_regrid": {"min": 0.0, "max": 100.00001525878906, "mean": 48.3269355848758, "std": 24.371111764034534}, "diff": {"min": -80.0, "max": 70.0, "mean": 0.017947887230199622}, "misc": {"rmse": 6.429731119998639, "corr": 0.964571409105473}, "unit": "%"}