{"ref": {"min": 0.5464420914649963, "max": 97.9449691772461, "mean": 45.82847153330216}, "ref_regrid": {"min": 0.5464420914649963, "max": 97.9449691772461, "mean": 45.82847153330216, "std": 23.774056143054267}, "test": {"min": 0.0, "max": 99.52247619628906, "mean": 45.84395464287777}, "test_regrid": {"min": 0.0, "max": 99.52247619628906, "mean": 45.84395464287777, "std": 24.55330383382202}, "diff": {"min": -40.33460998535156, "max": 30.365520477294922, "mean": 0.015483109613345848}, "misc": {"rmse": 4.845338840226598, "corr": 0.9804106537574268}, "unit": "%"}