{"ref": {"min": 0.19768646359443665, "max": 99.39503479003906, "mean": 48.309080093746005}, "ref_regrid": {"min": 0.19768646359443665, "max": 99.39503479003906, "mean": 48.309080093746005, "std": 23.476973078760004}, "test": {"min": 0.0, "max": 100.00000762939453, "mean": 48.32859306986218}, "test_regrid": {"min": 0.0, "max": 100.00000762939453, "mean": 48.32859306986218, "std": 24.370254493359422}, "diff": {"min": -80.0, "max": 70.0, "mean": 0.01951297619877503}, "misc": {"rmse": 6.429859658005258, "corr": 0.96456743413073}, "unit": "%"}