{"ref": {"min": 0.0, "max": 78.55013275146484, "mean": 27.408322076015946}, "ref_regrid": {"min": 0.0, "max": 78.55013275146484, "mean": 27.408322076015946, "std": 17.98716985318987}, "test": {"min": 0.0, "max": 100.0, "mean": 27.484621561633425}, "test_regrid": {"min": 0.0, "max": 100.0, "mean": 27.484621561633425, "std": 18.87527853349164}, "diff": {"min": -64.5709457397461, "max": 80.0, "mean": 0.07629948554674311}, "misc": {"rmse": 4.966227794025855, "corr": 0.9648483671922802}, "unit": "%"}