{"ref": {"min": 0.5925588607788086, "max": 98.2018051147461, "mean": 47.8278049301157}, "ref_regrid": {"min": 0.5925588607788086, "max": 98.2018051147461, "mean": 47.8278049301157, "std": 23.583680035337412}, "test": {"min": 0.0, "max": 100.0, "mean": 47.86834354839046}, "test_regrid": {"min": 0.0, "max": 100.0, "mean": 47.86834354839046, "std": 24.416924127938035}, "diff": {"min": -33.23158264160156, "max": 31.84819793701172, "mean": 0.04053861827232304}, "misc": {"rmse": 4.863768833133385, "corr": 0.9800636711755931}, "unit": "%"}