{"ref": {"min": 0.0, "max": 82.68119049072266, "mean": 25.16130306409146}, "ref_regrid": {"min": 0.0, "max": 82.68119049072266, "mean": 25.16130306409146, "std": 16.148893590929653}, "test": {"min": 0.0, "max": 91.36859893798828, "mean": 25.396214615220515}, "test_regrid": {"min": 0.0, "max": 91.36859893798828, "mean": 25.396214615220515, "std": 17.055219311329264}, "diff": {"min": -38.4481201171875, "max": 31.589061737060547, "mean": 0.2349115511955359}, "misc": {"rmse": 4.385904869817696, "corr": 0.9666702555010693}, "unit": "%"}