{"ref": {"min": 0.0, "max": 87.34100341796875, "mean": 32.34864658778588}, "ref_regrid": {"min": 0.0, "max": 87.34100341796875, "mean": 32.34864658778588, "std": 23.828813237140615}, "test": {"min": 0.0, "max": 92.30077362060547, "mean": 31.743998121399507}, "test_regrid": {"min": 0.0, "max": 92.30077362060547, "mean": 31.743998121399507, "std": 23.899622772611554}, "diff": {"min": -23.75326919555664, "max": 38.2229118347168, "mean": -0.6095326221748723}, "misc": {"rmse": 4.036358023465676, "corr": 0.9860259443953198}, "unit": "%"}