{"ref": {"min": 1.4132604598999023, "max": 92.48641967773438, "mean": 26.83074246796134}, "ref_regrid": {"min": 1.4132604598999023, "max": 92.48641967773438, "mean": 26.83074246796134, "std": 13.499306332150837}, "test": {"min": 0.023751894012093544, "max": 94.10016632080078, "mean": 27.126234511764444}, "test_regrid": {"min": 0.023751894012093544, "max": 94.10016632080078, "mean": 27.126234511764444, "std": 14.346500140806073}, "diff": {"min": -17.29767608642578, "max": 20.137060165405273, "mean": 0.2954920437208217}, "misc": {"rmse": 4.6631072900285595, "corr": 0.945939602381616}, "unit": "%"}