{"ref": {"min": 1.9434674978256226, "max": 94.0568618774414, "mean": 47.7689325299289}, "ref_regrid": {"min": 1.9434674978256226, "max": 94.0568618774414, "mean": 47.7689325299289, "std": 21.886935801306013}, "test": {"min": 0.9168329834938049, "max": 94.30069732666016, "mean": 47.678655533922296}, "test_regrid": {"min": 0.9168329834938049, "max": 94.30069732666016, "mean": 47.678655533922296, "std": 22.26654402997397}, "diff": {"min": -17.43328094482422, "max": 12.504348754882812, "mean": -0.09027699600612286}, "misc": {"rmse": 2.790505746961876, "corr": 0.992167101590564}, "unit": "%"}