{"ref": {"min": 0.0, "max": 49.318416595458984, "mean": 15.731442116791087}, "ref_regrid": {"min": 0.0, "max": 49.318416595458984, "mean": 15.731442116791087, "std": 11.119159519797913}, "test": {"min": 0.0, "max": 51.54310989379883, "mean": 15.512934996705177}, "test_regrid": {"min": 0.0, "max": 51.54310989379883, "mean": 15.512934996705177, "std": 11.387567209563791}, "diff": {"min": -23.47829818725586, "max": 34.66548156738281, "mean": -0.21850712013333945}, "misc": {"rmse": 2.7456759860165585, "corr": 0.9707039251905667}, "unit": "%"}