{"ref": {"min": 0.0, "max": 83.53116607666016, "mean": 24.510717630725008}, "ref_regrid": {"min": 0.0, "max": 83.53116607666016, "mean": 24.510717630725008, "std": 16.948363595691063}, "test": {"min": 0.0, "max": 87.31944274902344, "mean": 24.69019119164791}, "test_regrid": {"min": 0.0, "max": 87.31944274902344, "mean": 24.69019119164791, "std": 17.39429254225932}, "diff": {"min": -27.95987319946289, "max": 66.66666412353516, "mean": 0.17947356085696367}, "misc": {"rmse": 4.955763569952337, "corr": 0.9587379028059502}, "unit": "%"}