{"ref": {"min": 0.0, "max": 45.029422760009766, "mean": 11.30849579479297}, "ref_regrid": {"min": 0.0, "max": 45.029422760009766, "mean": 11.30849579479297, "std": 8.362642901109455}, "test": {"min": 0.0, "max": 43.22685623168945, "mean": 11.488897202313824}, "test_regrid": {"min": 0.0, "max": 43.22685623168945, "mean": 11.488897202313824, "std": 8.759901502665501}, "diff": {"min": -9.861366271972656, "max": 10.89849853515625, "mean": 0.18040140750854006}, "misc": {"rmse": 1.513054557706321, "corr": 0.9856736853362743}, "unit": "%"}