{"ref": {"min": 0.0, "max": 75.59600067138672, "mean": 21.750180354053544}, "ref_regrid": {"min": 0.0, "max": 75.59600067138672, "mean": 21.750180354053544, "std": 15.954063946394228}, "test": {"min": 0.0, "max": 85.17008972167969, "mean": 22.12737218766335}, "test_regrid": {"min": 0.0, "max": 85.17008972167969, "mean": 22.12737218766335, "std": 16.975952782031424}, "diff": {"min": -17.403261184692383, "max": 23.127410888671875, "mean": 0.37719183367834}, "misc": {"rmse": 4.34096945836541, "corr": 0.9674018182493017}, "unit": "%"}