{"ref": {"min": 0.0, "max": 78.5416030883789, "mean": 23.97234796814278}, "ref_regrid": {"min": 0.0, "max": 78.5416030883789, "mean": 23.97234796814278, "std": 15.403301149964154}, "test": {"min": 0.0, "max": 87.91102600097656, "mean": 24.31491153907763}, "test_regrid": {"min": 0.0, "max": 87.91102600097656, "mean": 24.31491153907763, "std": 16.403879428204014}, "diff": {"min": -17.999874114990234, "max": 23.266292572021484, "mean": 0.3425635710105323}, "misc": {"rmse": 4.3804285760023784, "corr": 0.9642431445045547}, "unit": "%"}