{"ref": {"min": 0.0, "max": 67.0219955444336, "mean": 14.041955011492126}, "ref_regrid": {"min": 0.0, "max": 67.0219955444336, "mean": 14.041955011492126, "std": 13.32806850770822}, "test": {"min": 0.0, "max": 68.61469268798828, "mean": 14.025165400646749}, "test_regrid": {"min": 0.0, "max": 68.61469268798828, "mean": 14.025165400646749, "std": 13.511433826832956}, "diff": {"min": -20.598608016967773, "max": 16.789714813232422, "mean": -0.0167896108985831}, "misc": {"rmse": 3.0170693511255107, "corr": 0.9748202559634845}, "unit": "%"}