{"ref": {"min": 0.0, "max": 87.79264831542969, "mean": 25.491694112920616}, "ref_regrid": {"min": 0.0, "max": 87.79264831542969, "mean": 25.491694112920616, "std": 17.111889160012492}, "test": {"min": 0.0, "max": 100.0, "mean": 25.82260898043719}, "test_regrid": {"min": 0.0, "max": 100.0, "mean": 25.82260898043719, "std": 18.198531687716454}, "diff": {"min": -50.94696807861328, "max": 100.0, "mean": 0.3309148674401815}, "misc": {"rmse": 5.161199045517184, "corr": 0.9593019226835534}, "unit": "%"}