{"ref": {"min": 2.0937795639038086, "max": 83.45012664794922, "mean": 27.58783697422517}, "ref_regrid": {"min": 2.0937795639038086, "max": 83.45012664794922, "mean": 27.58783697422517, "std": 11.825964232488419}, "test": {"min": 1.6567983627319336, "max": 84.26042175292969, "mean": 27.853624272899992}, "test_regrid": {"min": 1.6567983627319336, "max": 84.26042175292969, "mean": 27.853624272899992, "std": 12.125476076465095}, "diff": {"min": -10.425590515136719, "max": 11.457380294799805, "mean": 0.26578729857837935}, "misc": {"rmse": 2.6671182909622355, "corr": 0.9757552630317777}, "unit": "%"}