{"ref": {"min": 0.0, "max": 72.8739242553711, "mean": 14.779722320487402}, "ref_regrid": {"min": 0.0, "max": 72.8739242553711, "mean": 14.779722320487402, "std": 13.799111106831418}, "test": {"min": 0.0, "max": 100.0, "mean": 15.1241062543024}, "test_regrid": {"min": 0.0, "max": 100.0, "mean": 15.1241062543024, "std": 14.695746729754502}, "diff": {"min": -42.60738754272461, "max": 100.0, "mean": 0.3443839340822068}, "misc": {"rmse": 3.8694960351545493, "corr": 0.9653568597541073}, "unit": "%"}