{"ref": {"min": 0.0, "max": 44.73724365234375, "mean": 15.3241152272806}, "ref_regrid": {"min": 0.0, "max": 44.73724365234375, "mean": 15.3241152272806, "std": 11.577535358165312}, "test": {"min": 0.0, "max": 87.64241027832031, "mean": 14.705524902220528}, "test_regrid": {"min": 0.0, "max": 87.64241027832031, "mean": 14.705524902220528, "std": 11.444445319941948}, "diff": {"min": -26.782073974609375, "max": 85.71322631835938, "mean": -0.6185903250533779}, "misc": {"rmse": 2.9937940436686064, "corr": 0.9676885486907515}, "unit": "%"}