{"ref": {"min": 0.0, "max": 68.67949676513672, "mean": 12.750714610636715}, "ref_regrid": {"min": 0.0, "max": 68.67949676513672, "mean": 12.750714610636715, "std": 12.218015979971069}, "test": {"min": 0.0, "max": 78.90681457519531, "mean": 12.721104188711122}, "test_regrid": {"min": 0.0, "max": 78.90681457519531, "mean": 12.721104188711122, "std": 12.377676481492783}, "diff": {"min": -21.20366096496582, "max": 22.73870849609375, "mean": -0.02961042194295476}, "misc": {"rmse": 2.917603983613971, "corr": 0.9719433683028681}, "unit": "%"}