{"ref": {"min": 1.0817033052444458, "max": 53.37556838989258, "mean": 23.385378587649996}, "ref_regrid": {"min": 1.0817033052444458, "max": 53.37556838989258, "mean": 23.385378587649996, "std": 9.989960910570813}, "test": {"min": 0.0, "max": 68.9012222290039, "mean": 22.996301195131174}, "test_regrid": {"min": 0.0, "max": 68.9012222290039, "mean": 22.996301195131174, "std": 10.470008552851358}, "diff": {"min": -20.259742736816406, "max": 28.481199264526367, "mean": -0.3890773925875358}, "misc": {"rmse": 3.5715701456527924, "corr": 0.9408466505179683}, "unit": "%"}