{"ref": {"min": 0.24899232387542725, "max": 94.55399322509766, "mean": 47.34749274314744}, "ref_regrid": {"min": 0.24899232387542725, "max": 94.55399322509766, "mean": 47.34749274314744, "std": 23.269410908736603}, "test": {"min": 0.011319871060550213, "max": 96.44146728515625, "mean": 47.29769004957796}, "test_regrid": {"min": 0.011319871060550213, "max": 96.44146728515625, "mean": 47.29769004957796, "std": 24.061224753103957}, "diff": {"min": -27.1619930267334, "max": 28.682628631591797, "mean": -0.049802693709586905}, "misc": {"rmse": 5.296056595687352, "corr": 0.9755141721997194}, "unit": "%"}