{"ref": {"min": 0.9087297320365906, "max": 97.4029312133789, "mean": 28.296673592568}, "ref_regrid": {"min": 0.9087297320365906, "max": 97.4029312133789, "mean": 28.296673592568, "std": 16.193931344869156}, "test": {"min": 0.0, "max": 96.78128051757812, "mean": 28.749316543758905}, "test_regrid": {"min": 0.0, "max": 96.78128051757812, "mean": 28.749316543758905, "std": 16.51392127399171}, "diff": {"min": -22.52279281616211, "max": 22.658477783203125, "mean": 0.4526429513122297}, "misc": {"rmse": 5.046529825720823, "corr": 0.9529584832319206}, "unit": "%"}