{"ref": {"min": 0.1753246784210205, "max": 49.287559509277344, "mean": 23.48945528395199}, "ref_regrid": {"min": 0.1753246784210205, "max": 49.287559509277344, "mean": 23.48945528395199, "std": 9.943947467481282}, "test": {"min": 0.0, "max": 64.98148345947266, "mean": 23.082776659540333}, "test_regrid": {"min": 0.0, "max": 64.98148345947266, "mean": 23.082776659540333, "std": 10.399594435890368}, "diff": {"min": -21.179641723632812, "max": 28.85416603088379, "mean": -0.4066786245048158}, "misc": {"rmse": 3.572874137791545, "corr": 0.940082845482513}, "unit": "%"}