{"ref": {"min": 0.0, "max": 85.73942565917969, "mean": 29.921261511464554}, "ref_regrid": {"min": 0.0, "max": 85.73942565917969, "mean": 29.921261511464554, "std": 21.525651335201456}, "test": {"min": 0.0, "max": 97.77777099609375, "mean": 29.1858395208686}, "test_regrid": {"min": 0.0, "max": 97.77777099609375, "mean": 29.1858395208686, "std": 21.60851607160797}, "diff": {"min": -39.17856979370117, "max": 72.0732421875, "mean": -0.7354219906307151}, "misc": {"rmse": 4.584082113654695, "corr": 0.9779999431986764}, "unit": "%"}