{"ref": {"min": 0.0, "max": 46.92472839355469, "mean": 16.845032179615124}, "ref_regrid": {"min": 0.0, "max": 46.92472839355469, "mean": 16.845032179615124, "std": 11.997615147623279}, "test": {"min": 0.0, "max": 89.32479858398438, "mean": 16.088560120683756}, "test_regrid": {"min": 0.0, "max": 89.32479858398438, "mean": 16.088560120683756, "std": 11.756997059009619}, "diff": {"min": -30.333332061767578, "max": 61.76687240600586, "mean": -0.7564720587876917}, "misc": {"rmse": 3.287785240198535, "corr": 0.9639172025786422}, "unit": "%"}