{"ref": {"min": 88.44200897216797, "max": 419.51141357421875, "mean": 310.0970479391424}, "ref_regrid": {"min": 88.44200897216797, "max": 419.51141357421875, "mean": 310.0970479391424, "std": 82.69992758392733}, "test": {"min": 84.27254486083984, "max": 420.4734191894531, "mean": 310.7292684129998}, "test_regrid": {"min": 84.27254486083984, "max": 420.4734191894531, "mean": 310.7292684129998, "std": 82.96251184585479}, "diff": {"min": -19.24285888671875, "max": 16.164199829101562, "mean": 0.632220473857333}, "misc": {"rmse": 3.565018372765798, "corr": 0.9991079497923849}, "unit": "W/m2"}