{"ref": {"min": 58.465118408203125, "max": 436.45416259765625, "mean": 326.6971471241048}, "ref_regrid": {"min": 58.465118408203125, "max": 436.45416259765625, "mean": 326.6971471241048, "std": 73.89976014543555}, "test": {"min": 57.64693069458008, "max": 433.669189453125, "mean": 326.5300101336191}, "test_regrid": {"min": 57.64693069458008, "max": 433.669189453125, "mean": 326.5300101336191, "std": 73.53999627981949}, "diff": {"min": -15.309173583984375, "max": 17.9171142578125, "mean": -0.16713699048565597}, "misc": {"rmse": 3.302937266030173, "corr": 0.9990107778685863}, "unit": "W/m2"}