{"ref": {"min": 74.63507843017578, "max": 425.45489501953125, "mean": 345.26252291731436}, "ref_regrid": {"min": 74.63507843017578, "max": 425.45489501953125, "mean": 345.26252291731436, "std": 62.383501554255886}, "test": {"min": 71.49437713623047, "max": 424.9830322265625, "mean": 344.2993267034554}, "test_regrid": {"min": 71.49437713623047, "max": 424.9830322265625, "mean": 344.2993267034554, "std": 62.92608423747253}, "diff": {"min": -17.748336791992188, "max": 8.825546264648438, "mean": -0.9631962138589862}, "misc": {"rmse": 2.418608979787996, "corr": 0.9994105885496671}, "unit": "W/m2"}