{"ref": {"min": 68.8366928100586, "max": 429.7784729003906, "mean": 344.49078992098896}, "ref_regrid": {"min": 68.8366928100586, "max": 429.7784729003906, "mean": 344.49078992098896, "std": 65.62372894558956}, "test": {"min": 69.43245697021484, "max": 429.4064636230469, "mean": 343.06197887644186}, "test_regrid": {"min": 69.43245697021484, "max": 429.4064636230469, "mean": 343.06197887644186, "std": 66.19523780387829}, "diff": {"min": -28.747589111328125, "max": 22.99462890625, "mean": -1.4288110445470452}, "misc": {"rmse": 4.863269351511635, "corr": 0.9975502565498631}, "unit": "W/m2"}