{"ref": {"min": 66.858642578125, "max": 415.1144104003906, "mean": 317.32414570610945}, "ref_regrid": {"min": 66.858642578125, "max": 415.1144104003906, "mean": 317.32414570610945, "std": 75.55671684191371}, "test": {"min": 65.4722900390625, "max": 415.25604248046875, "mean": 317.26400838586346}, "test_regrid": {"min": 65.4722900390625, "max": 415.25604248046875, "mean": 317.26400838586346, "std": 75.6513913673148}, "diff": {"min": -8.70196533203125, "max": 7.654510498046875, "mean": -0.06013732024597411}, "misc": {"rmse": 1.6380256981089196, "corr": 0.9997663956309002}, "unit": "W/m2"}