{"ref": {"min": 62.100406646728516, "max": 441.279296875, "mean": 352.6731966424765}, "ref_regrid": {"min": 62.100406646728516, "max": 441.279296875, "mean": 352.6731966424765, "std": 62.29628569356858}, "test": {"min": 60.00183868408203, "max": 441.4732666015625, "mean": 351.4898609792591}, "test_regrid": {"min": 60.00183868408203, "max": 441.4732666015625, "mean": 351.4898609792591, "std": 62.473015338260375}, "diff": {"min": -26.732330322265625, "max": 18.30780029296875, "mean": -1.183335663217328}, "misc": {"rmse": 4.1496627400602435, "corr": 0.9979716282105079}, "unit": "W/m2"}