{"ref": {"min": 69.59010314941406, "max": 429.8593444824219, "mean": 345.42478565094774}, "ref_regrid": {"min": 69.59010314941406, "max": 429.8593444824219, "mean": 345.42478565094774, "std": 63.26419923683164}, "test": {"min": 67.17036437988281, "max": 428.9952087402344, "mean": 344.3660524222451}, "test_regrid": {"min": 67.17036437988281, "max": 428.9952087402344, "mean": 344.3660524222451, "std": 63.76614800291844}, "diff": {"min": -24.869644165039062, "max": 22.719650268554688, "mean": -1.0587332287026512}, "misc": {"rmse": 4.51651180543374, "corr": 0.9976418607747644}, "unit": "W/m2"}