{"ref": {"min": 98.01309967041016, "max": 427.6793212890625, "mean": 338.46131917986435}, "ref_regrid": {"min": 98.01309967041016, "max": 427.6793212890625, "mean": 338.46131917986435, "std": 70.18694498527589}, "test": {"min": 89.12548828125, "max": 431.95294189453125, "mean": 338.2794142839216}, "test_regrid": {"min": 89.12548828125, "max": 431.95294189453125, "mean": 338.2794142839216, "std": 71.10674010878874}, "diff": {"min": -29.670974731445312, "max": 28.771026611328125, "mean": -0.18190489594266626}, "misc": {"rmse": 4.973881945979109, "corr": 0.9976095455342944}, "unit": "W/m2"}