{"ref": {"min": 64.99777221679688, "max": 419.2548828125, "mean": 317.187310378986}, "ref_regrid": {"min": 64.99777221679688, "max": 419.2548828125, "mean": 317.187310378986, "std": 78.90416403727114}, "test": {"min": 64.65648651123047, "max": 418.3379211425781, "mean": 316.6626118757977}, "test_regrid": {"min": 64.65648651123047, "max": 418.3379211425781, "mean": 316.6626118757977, "std": 79.0824824393417}, "diff": {"min": -28.945281982421875, "max": 18.041030883789062, "mean": -0.5246985031883162}, "misc": {"rmse": 4.009655043255562, "corr": 0.9987363469982755}, "unit": "W/m2"}