{"ref": {"min": 63.929691314697266, "max": 415.4464416503906, "mean": 317.56288666480623}, "ref_regrid": {"min": 63.929691314697266, "max": 415.4464416503906, "mean": 317.56288666480623, "std": 76.4717164188115}, "test": {"min": 63.085838317871094, "max": 415.16473388671875, "mean": 317.3112044482541}, "test_regrid": {"min": 63.085838317871094, "max": 415.16473388671875, "mean": 317.3112044482541, "std": 76.66192955617326}, "diff": {"min": -19.04205322265625, "max": 16.158782958984375, "mean": -0.25168221655213474}, "misc": {"rmse": 3.3587029858107, "corr": 0.9990463605191193}, "unit": "W/m2"}