{"ref": {"min": 47.289573669433594, "max": 168.4581756591797, "mean": 80.49375282562438}, "ref_regrid": {"min": 47.289573669433594, "max": 168.4581756591797, "mean": 80.49375282562438, "std": 15.844189844350758}, "test": {"min": 47.00450897216797, "max": 173.033935546875, "mean": 79.981266071224}, "test_regrid": {"min": 47.00450897216797, "max": 173.033935546875, "mean": 79.981266071224, "std": 15.658676613681235}, "diff": {"min": -14.695083618164062, "max": 14.660797119140625, "mean": -0.5124867544003899}, "misc": {"rmse": 2.670784119381659, "corr": 0.9862231840418939}, "unit": "W/m2"}