{"ref": {"min": 12.716201782226562, "max": 166.07449340820312, "mean": 54.20880363975767}, "ref_regrid": {"min": 12.716201782226562, "max": 166.07449340820312, "mean": 54.20880363975767, "std": 20.36259469477098}, "test": {"min": 12.551061630249023, "max": 164.36988830566406, "mean": 54.78047510462773}, "test_regrid": {"min": 12.551061630249023, "max": 164.36988830566406, "mean": 54.78047510462773, "std": 20.20684531759082}, "diff": {"min": -19.536819458007812, "max": 18.28790283203125, "mean": 0.57167146487007}, "misc": {"rmse": 3.7272913451748604, "corr": 0.9835445612068798}, "unit": "W/m2"}