{"ref": {"min": 14.338644027709961, "max": 149.2865447998047, "mean": 53.833050995300844}, "ref_regrid": {"min": 14.338644027709961, "max": 149.2865447998047, "mean": 53.833050995300844, "std": 19.273585350445845}, "test": {"min": 13.23482894897461, "max": 150.43096923828125, "mean": 54.42482618933039}, "test_regrid": {"min": 13.23482894897461, "max": 150.43096923828125, "mean": 54.42482618933039, "std": 18.855555445633335}, "diff": {"min": -10.387130737304688, "max": 11.231727600097656, "mean": 0.5917751940295417}, "misc": {"rmse": 2.110755459223028, "corr": 0.9945924759984764}, "unit": "W/m2"}