{"ref": {"min": 34.57984161376953, "max": 148.8798065185547, "mean": 80.79725303199804}, "ref_regrid": {"min": 34.57984161376953, "max": 148.8798065185547, "mean": 80.79725303199804, "std": 15.956493314869938}, "test": {"min": 34.25193405151367, "max": 149.42259216308594, "mean": 80.56440617677579}, "test_regrid": {"min": 34.25193405151367, "max": 149.42259216308594, "mean": 80.56440617677579, "std": 15.693090803076224}, "diff": {"min": -21.709335327148438, "max": 12.361915588378906, "mean": -0.23284685522225884}, "misc": {"rmse": 2.924860929223365, "corr": 0.9831649612177057}, "unit": "W/m2"}