{"ref": {"min": 44.748085021972656, "max": 168.5418243408203, "mean": 81.44242852485428}, "ref_regrid": {"min": 44.748085021972656, "max": 168.5418243408203, "mean": 81.44242852485428, "std": 15.17753016312806}, "test": {"min": 45.50533676147461, "max": 165.88589477539062, "mean": 81.21503742028827}, "test_regrid": {"min": 45.50533676147461, "max": 165.88589477539062, "mean": 81.21503742028827, "std": 14.899916988712627}, "diff": {"min": -18.770919799804688, "max": 12.337318420410156, "mean": -0.22739110456602635}, "misc": {"rmse": 2.4149091717286213, "corr": 0.9873907510128086}, "unit": "W/m2"}