{"ref": {"min": 47.26481628417969, "max": 154.13992309570312, "mean": 80.6594218606815}, "ref_regrid": {"min": 47.26481628417969, "max": 154.13992309570312, "mean": 80.6594218606815, "std": 14.022217974171987}, "test": {"min": 46.075660705566406, "max": 153.52304077148438, "mean": 80.38038120928682}, "test_regrid": {"min": 46.075660705566406, "max": 153.52304077148438, "mean": 80.38038120928682, "std": 13.773355888885913}, "diff": {"min": -9.813438415527344, "max": 5.151115417480469, "mean": -0.2790406513946849}, "misc": {"rmse": 1.3800303733053465, "corr": 0.9954314182434388}, "unit": "W/m2"}