{"ref": {"min": 3.2011942863464355, "max": 154.83338928222656, "mean": 54.406637727980204}, "ref_regrid": {"min": 3.2011942863464355, "max": 154.83338928222656, "mean": 54.406637727980204, "std": 22.80677917896756}, "test": {"min": 2.3866684436798096, "max": 162.24380493164062, "mean": 55.26694244744852}, "test_regrid": {"min": 2.3866684436798096, "max": 162.24380493164062, "mean": 55.26694244744852, "std": 22.267198811733245}, "diff": {"min": -20.973861694335938, "max": 26.064910888671875, "mean": 0.860304719472736}, "misc": {"rmse": 3.9936242907801356, "corr": 0.985312624453151}, "unit": "W/m2"}