{"ref": {"min": 31.32285499572754, "max": 156.8331756591797, "mean": 79.90425300870267}, "ref_regrid": {"min": 31.32285499572754, "max": 156.8331756591797, "mean": 79.90425300870267, "std": 18.09672568717198}, "test": {"min": 30.127851486206055, "max": 163.1134796142578, "mean": 79.76081515623034}, "test_regrid": {"min": 30.127851486206055, "max": 163.1134796142578, "mean": 79.76081515623034, "std": 17.587289912340626}, "diff": {"min": -19.379287719726562, "max": 15.412849426269531, "mean": -0.14343785247233184}, "misc": {"rmse": 2.808446725824202, "corr": 0.9880491134639359}, "unit": "W/m2"}