{"ref": {"min": 13.278657913208008, "max": 144.07029724121094, "mean": 54.11561824388801}, "ref_regrid": {"min": 13.278657913208008, "max": 144.07029724121094, "mean": 54.11561824388801, "std": 20.52738036452412}, "test": {"min": 10.864971160888672, "max": 144.75955200195312, "mean": 54.75309327274928}, "test_regrid": {"min": 10.864971160888672, "max": 144.75955200195312, "mean": 54.75309327274928, "std": 20.157774922778895}, "diff": {"min": -28.900100708007812, "max": 18.94409942626953, "mean": 0.6374750288612763}, "misc": {"rmse": 4.144022407894611, "corr": 0.9799051606820968}, "unit": "W/m2"}