{"ref": {"min": 12.723240852355957, "max": 163.79208374023438, "mean": 52.60114440713635}, "ref_regrid": {"min": 12.723240852355957, "max": 163.79208374023438, "mean": 52.60114440713635, "std": 20.98796947947397}, "test": {"min": 8.854997634887695, "max": 169.3161163330078, "mean": 52.89879387031448}, "test_regrid": {"min": 8.854997634887695, "max": 169.3161163330078, "mean": 52.89879387031448, "std": 20.746201360247717}, "diff": {"min": -19.748023986816406, "max": 25.609939575195312, "mean": 0.2976494631781256}, "misc": {"rmse": 3.847593618068208, "corr": 0.983169229385562}, "unit": "W/m2"}