{"ref": {"min": 100.22161865234375, "max": 328.1409606933594, "mean": 243.68635773802436}, "ref_regrid": {"min": 100.22161865234375, "max": 328.1409606933594, "mean": 243.68635773802436, "std": 35.768787401869425}, "test": {"min": 96.61489868164062, "max": 334.73736572265625, "mean": 244.59405886422178}, "test_regrid": {"min": 96.61489868164062, "max": 334.73736572265625, "mean": 244.59405886422178, "std": 35.169555687199185}, "diff": {"min": -31.523651123046875, "max": 34.67132568359375, "mean": 0.9077011261974275}, "misc": {"rmse": 5.424214583071187, "corr": 0.9887759446324361}, "unit": "W/m2"}