{"ref": {"min": 123.4071273803711, "max": 297.6492919921875, "mean": 241.1424544839438}, "ref_regrid": {"min": 123.4071273803711, "max": 297.6492919921875, "mean": 241.1424544839438, "std": 31.777312922215913}, "test": {"min": 121.04251861572266, "max": 295.9755859375, "mean": 242.00479766064024}, "test_regrid": {"min": 121.04251861572266, "max": 295.9755859375, "mean": 242.00479766064024, "std": 31.343329533516364}, "diff": {"min": -12.275039672851562, "max": 18.490234375, "mean": 0.8623431766964759}, "misc": {"rmse": 3.0293315335952777, "corr": 0.995861036445141}, "unit": "W/m2"}