{"ref": {"min": 119.30268859863281, "max": 307.0049743652344, "mean": 264.46902051124397}, "ref_regrid": {"min": 119.30268859863281, "max": 307.0049743652344, "mean": 264.46902051124397, "std": 30.241115840122553}, "test": {"min": 117.38089752197266, "max": 305.3289794921875, "mean": 263.05725824671157}, "test_regrid": {"min": 117.38089752197266, "max": 305.3289794921875, "mean": 263.05725824671157, "std": 30.13877976268878}, "diff": {"min": -8.7662353515625, "max": 5.266998291015625, "mean": -1.41176226453242}, "misc": {"rmse": 2.288048495853027, "corr": 0.9982271707332661}, "unit": "W/m2"}