{"ref": {"min": 119.8185806274414, "max": 302.9014892578125, "mean": 241.4764871937088}, "ref_regrid": {"min": 119.8185806274414, "max": 302.9014892578125, "mean": 241.4764871937088, "std": 33.54109352537353}, "test": {"min": 117.82313537597656, "max": 302.3915710449219, "mean": 242.31338109656355}, "test_regrid": {"min": 117.82313537597656, "max": 302.3915710449219, "mean": 242.31338109656355, "std": 33.24597274691627}, "diff": {"min": -20.736618041992188, "max": 20.026687622070312, "mean": 0.8368939028547909}, "misc": {"rmse": 4.475592866591734, "corr": 0.9913714753538275}, "unit": "W/m2"}