{"ref": {"min": 113.10391235351562, "max": 306.9598083496094, "mean": 240.01772812583408}, "ref_regrid": {"min": 113.10391235351562, "max": 306.9598083496094, "mean": 240.01772812583408, "std": 33.80146856385643}, "test": {"min": 112.50910186767578, "max": 311.8651428222656, "mean": 240.86850052587914}, "test_regrid": {"min": 112.50910186767578, "max": 311.8651428222656, "mean": 240.86850052587914, "std": 33.700435476383774}, "diff": {"min": -25.0511474609375, "max": 28.220062255859375, "mean": 0.8507724000451568}, "misc": {"rmse": 5.659213434978441, "corr": 0.98626459030743}, "unit": "W/m2"}