{"ref": {"min": 99.25505065917969, "max": 331.38580322265625, "mean": 267.120041125116}, "ref_regrid": {"min": 99.25505065917969, "max": 331.38580322265625, "mean": 267.120041125116, "std": 31.557723389225576}, "test": {"min": 96.0261459350586, "max": 335.01904296875, "mean": 265.77475127762125}, "test_regrid": {"min": 96.0261459350586, "max": 335.01904296875, "mean": 265.77475127762125, "std": 31.45838205241761}, "diff": {"min": -9.272674560546875, "max": 7.407928466796875, "mean": -1.3452898474948116}, "misc": {"rmse": 2.2815657627219776, "corr": 0.9982947112054119}, "unit": "W/m2"}