{"ref": {"min": 157.2409210205078, "max": 314.0343322753906, "mean": 262.01012544689}, "ref_regrid": {"min": 157.2409210205078, "max": 314.0343322753906, "mean": 262.01012544689, "std": 32.755254024202955}, "test": {"min": 153.97744750976562, "max": 314.5426330566406, "mean": 260.7995073223151}, "test_regrid": {"min": 153.97744750976562, "max": 314.5426330566406, "mean": 260.7995073223151, "std": 32.119977560115544}, "diff": {"min": -10.7967529296875, "max": 9.018096923828125, "mean": -1.2106181245750172}, "misc": {"rmse": 2.638425232309373, "corr": 0.9975800184334532}, "unit": "W/m2"}