{"ref": {"min": 154.41586303710938, "max": 308.6107177734375, "mean": 239.38924472258338}, "ref_regrid": {"min": 154.41586303710938, "max": 308.6107177734375, "mean": 239.38924472258338, "std": 34.90896319010783}, "test": {"min": 151.74913024902344, "max": 309.1875915527344, "mean": 240.24325011534032}, "test_regrid": {"min": 151.74913024902344, "max": 309.1875915527344, "mean": 240.24325011534032, "std": 34.11826241845872}, "diff": {"min": -35.77040100097656, "max": 27.430862426757812, "mean": 0.8540053927568808}, "misc": {"rmse": 5.977546095488642, "corr": 0.9855686118195868}, "unit": "W/m2"}