{"ref": {"min": 122.93383026123047, "max": 304.0081787109375, "mean": 264.32596906512146}, "ref_regrid": {"min": 122.93383026123047, "max": 304.0081787109375, "mean": 264.32596906512146, "std": 29.867672025398818}, "test": {"min": 120.59031677246094, "max": 302.5616149902344, "mean": 262.94926329131664}, "test_regrid": {"min": 120.59031677246094, "max": 302.5616149902344, "mean": 262.94926329131664, "std": 29.66718200353036}, "diff": {"min": -6.1307373046875, "max": 2.42791748046875, "mean": -1.3767057738048323}, "misc": {"rmse": 1.7300123170461645, "corr": 0.9994033181152449}, "unit": "W/m2"}