{"ref": {"min": 112.2200927734375, "max": 315.93389892578125, "mean": 263.70468933016986}, "ref_regrid": {"min": 112.2200927734375, "max": 315.93389892578125, "mean": 263.70468933016986, "std": 31.63351014532395}, "test": {"min": 111.62870788574219, "max": 317.7825927734375, "mean": 262.16553615945645}, "test_regrid": {"min": 111.62870788574219, "max": 317.7825927734375, "mean": 262.16553615945645, "std": 31.612965571930552}, "diff": {"min": -11.322265625, "max": 9.71917724609375, "mean": -1.5391531707133945}, "misc": {"rmse": 2.7946146708864608, "corr": 0.9972798506224395}, "unit": "W/m2"}