{"ref": {"min": 4.938216686248779, "max": 356.8414306640625, "mean": 190.7109011330869}, "ref_regrid": {"min": 4.938216686248779, "max": 356.8414306640625, "mean": 190.7109011330869, "std": 73.00909878931385}, "test": {"min": 3.842731237411499, "max": 357.5329284667969, "mean": 190.75786297061333}, "test_regrid": {"min": 3.842731237411499, "max": 357.5329284667969, "mean": 190.75786297061333, "std": 73.83326773052171}, "diff": {"min": -30.848098754882812, "max": 28.995956420898438, "mean": 0.046961837526436505}, "misc": {"rmse": 7.391040472274303, "corr": 0.9949961951554669}, "unit": "W/m2"}