{"ref": {"min": 0.0, "max": 390.46075439453125, "mean": 232.70971071690911}, "ref_regrid": {"min": 0.0, "max": 390.46075439453125, "mean": 232.70971071690911, "std": 100.76318464953947}, "test": {"min": 0.0, "max": 391.6318054199219, "mean": 233.12853277721285}, "test_regrid": {"min": 0.0, "max": 391.6318054199219, "mean": 233.12853277721285, "std": 100.97721268380258}, "diff": {"min": -11.99798583984375, "max": 26.254074096679688, "mean": 0.4188220603036897}, "misc": {"rmse": 2.135918587486667, "corr": 0.9997866820273488}, "unit": "W/m2"}