{"ref": {"min": 0.0, "max": 404.4830627441406, "mean": 253.2391032766918}, "ref_regrid": {"min": 0.0, "max": 404.4830627441406, "mean": 253.2391032766918, "std": 110.51066982152884}, "test": {"min": 0.0, "max": 407.00677490234375, "mean": 253.05906413715425}, "test_regrid": {"min": 0.0, "max": 407.00677490234375, "mean": 253.05906413715425, "std": 110.49340841483526}, "diff": {"min": -11.406707763671875, "max": 13.031890869140625, "mean": -0.1800391395375569}, "misc": {"rmse": 1.778854569290994, "corr": 0.9998717687327393}, "unit": "W/m2"}