{"ref": {"min": 0.0, "max": 394.64984130859375, "mean": 194.63637108484178}, "ref_regrid": {"min": 0.0, "max": 394.64984130859375, "mean": 194.63637108484178, "std": 95.19265383532536}, "test": {"min": 0.0, "max": 398.1000671386719, "mean": 193.83643067340387}, "test_regrid": {"min": 0.0, "max": 398.1000671386719, "mean": 193.83643067340387, "std": 95.23377840819114}, "diff": {"min": -47.858123779296875, "max": 39.4437255859375, "mean": -0.7999404114379199}, "misc": {"rmse": 9.304166704021704, "corr": 0.9952608575854707}, "unit": "W/m2"}