{"ref": {"min": 0.0, "max": 352.2129821777344, "mean": 179.2394048474701}, "ref_regrid": {"min": 0.0, "max": 352.2129821777344, "mean": 179.2394048474701, "std": 89.40521761351062}, "test": {"min": 0.0, "max": 376.1552734375, "mean": 179.88090933411243}, "test_regrid": {"min": 0.0, "max": 376.1552734375, "mean": 179.88090933411243, "std": 89.99371661063346}, "diff": {"min": -53.80482482910156, "max": 72.80024719238281, "mean": 0.641504486642337}, "misc": {"rmse": 9.500356269173517, "corr": 0.9944382344795766}, "unit": "W/m2"}