{"ref": {"min": 14.05334186553955, "max": 368.1585998535156, "mean": 242.626880660464}, "ref_regrid": {"min": 14.05334186553955, "max": 368.1585998535156, "mean": 242.626880660464, "std": 73.16916901924087}, "test": {"min": 14.028508186340332, "max": 370.85577392578125, "mean": 242.66203971689717}, "test_regrid": {"min": 14.028508186340332, "max": 370.85577392578125, "mean": 242.66203971689717, "std": 73.07028648864167}, "diff": {"min": -21.36712646484375, "max": 21.13153076171875, "mean": 0.035159056433172436}, "misc": {"rmse": 2.1884617130042177, "corr": 0.99955313188414}, "unit": "W/m2"}