{"ref": {"min": 119.01689147949219, "max": 324.45947265625, "mean": 243.56138300395753}, "ref_regrid": {"min": 119.01689147949219, "max": 324.45947265625, "mean": 243.56138300395753, "std": 50.221094228875636}, "test": {"min": 118.03238677978516, "max": 324.3345031738281, "mean": 243.6831147347303}, "test_regrid": {"min": 118.03238677978516, "max": 324.3345031738281, "mean": 243.6831147347303, "std": 50.112860394603686}, "diff": {"min": -7.60321044921875, "max": 7.2380523681640625, "mean": 0.12173173077272434}, "misc": {"rmse": 0.8625935699094351, "corr": 0.9998574464967666}, "unit": "W/m2"}