{"ref": {"min": 12.04253101348877, "max": 347.6266174316406, "mean": 188.6540902116495}, "ref_regrid": {"min": 12.04253101348877, "max": 347.6266174316406, "mean": 188.6540902116495, "std": 75.89218039937971}, "test": {"min": 11.390754699707031, "max": 351.22222900390625, "mean": 188.41495535100634}, "test_regrid": {"min": 11.390754699707031, "max": 351.22222900390625, "mean": 188.41495535100634, "std": 76.90439405878901}, "diff": {"min": -36.19831848144531, "max": 32.003509521484375, "mean": -0.2391348606431344}, "misc": {"rmse": 8.311872985132116, "corr": 0.9941740648091721}, "unit": "W/m2"}