{"ref": {"min": 13.197235107421875, "max": 365.8533630371094, "mean": 245.66983744960757}, "ref_regrid": {"min": 13.197235107421875, "max": 365.8533630371094, "mean": 245.66983744960757, "std": 73.79793370486824}, "test": {"min": 13.07800006866455, "max": 364.06988525390625, "mean": 245.8828222992324}, "test_regrid": {"min": 13.07800006866455, "max": 364.06988525390625, "mean": 245.8828222992324, "std": 73.76142028233666}, "diff": {"min": -15.9969482421875, "max": 12.711151123046875, "mean": 0.2129848496248122}, "misc": {"rmse": 1.49137745062599, "corr": 0.9997999875798091}, "unit": "W/m2"}