{"ref": {"min": 45.10139846801758, "max": 306.7288818359375, "mean": 188.31019180012728}, "ref_regrid": {"min": 45.10139846801758, "max": 306.7288818359375, "mean": 188.31019180012728, "std": 60.91447136205949}, "test": {"min": 46.28678894042969, "max": 310.6417236328125, "mean": 188.22253957559}, "test_regrid": {"min": 46.28678894042969, "max": 310.6417236328125, "mean": 188.22253957559, "std": 61.44730149096006}, "diff": {"min": -18.52672576904297, "max": 20.726173400878906, "mean": -0.08765222453733318}, "misc": {"rmse": 4.508876448517894, "corr": 0.9973232412935592}, "unit": "W/m2"}