{"ref": {"min": 47.351810455322266, "max": 362.0633850097656, "mean": 242.72334977744651}, "ref_regrid": {"min": 47.351810455322266, "max": 362.0633850097656, "mean": 242.72334977744651, "std": 82.04302501736778}, "test": {"min": 46.344207763671875, "max": 364.9163513183594, "mean": 242.4135311923749}, "test_regrid": {"min": 46.344207763671875, "max": 364.9163513183594, "mean": 242.4135311923749, "std": 82.63363737453896}, "diff": {"min": -15.41241455078125, "max": 18.4466552734375, "mean": -0.3098185850716072}, "misc": {"rmse": 3.8169672205415215, "corr": 0.9989583012044774}, "unit": "W/m2"}