{"ref": {"min": 0.0, "max": 350.2982177734375, "mean": 169.80104064371247}, "ref_regrid": {"min": 0.0, "max": 350.2982177734375, "mean": 169.80104064371247, "std": 91.39826256372444}, "test": {"min": 0.0, "max": 352.9550476074219, "mean": 169.04154608617355}, "test_regrid": {"min": 0.0, "max": 352.9550476074219, "mean": 169.04154608617355, "std": 91.07475609459694}, "diff": {"min": -46.139251708984375, "max": 36.272857666015625, "mean": -0.7594945575389019}, "misc": {"rmse": 8.644081726710985, "corr": 0.9955527398850156}, "unit": "W/m2"}