{"ref": {"min": 7.011683940887451, "max": 393.49652099609375, "mean": 285.26935421057885}, "ref_regrid": {"min": 7.011683940887451, "max": 393.49652099609375, "mean": 285.26935421057885, "std": 100.60998199744836}, "test": {"min": 7.029812335968018, "max": 394.2060546875, "mean": 285.00164063776765}, "test_regrid": {"min": 7.029812335968018, "max": 394.2060546875, "mean": 285.00164063776765, "std": 100.74772787014588}, "diff": {"min": -38.81231689453125, "max": 25.502655029296875, "mean": -0.26771357281132424}, "misc": {"rmse": 2.7856573039826276, "corr": 0.999621691474476}, "unit": "W/m2"}