{"ref": {"min": 24.637094497680664, "max": 288.4806823730469, "mean": 214.38579630130695}, "ref_regrid": {"min": 24.637094497680664, "max": 288.4806823730469, "mean": 214.38579630130695, "std": 65.00563565545927}, "test": {"min": 23.824872970581055, "max": 288.1969299316406, "mean": 214.3809789212121}, "test_regrid": {"min": 23.824872970581055, "max": 288.1969299316406, "mean": 214.3809789212121, "std": 65.14465874191313}, "diff": {"min": -14.222320556640625, "max": 11.169692993164062, "mean": -0.004817380094853994}, "misc": {"rmse": 1.3940329519262973, "corr": 0.9997728354562019}, "unit": "W/m2"}