{"ref": {"min": 0.0, "max": 330.2799377441406, "mean": 207.4056223261272}, "ref_regrid": {"min": 0.0, "max": 330.2799377441406, "mean": 207.4056223261272, "std": 93.29068939434781}, "test": {"min": 0.0, "max": 332.7705078125, "mean": 207.59733209000572}, "test_regrid": {"min": 0.0, "max": 332.7705078125, "mean": 207.59733209000572, "std": 93.44908654450138}, "diff": {"min": -46.077362060546875, "max": 23.600357055664062, "mean": 0.1917097638784793}, "misc": {"rmse": 2.6920129113218674, "corr": 0.9995879132155923}, "unit": "W/m2"}