{"ref": {"min": 10.300664901733398, "max": 391.07244873046875, "mean": 244.4153227056878}, "ref_regrid": {"min": 10.300664901733398, "max": 391.07244873046875, "mean": 244.4153227056878, "std": 97.46089121450028}, "test": {"min": 9.935149192810059, "max": 388.1554260253906, "mean": 244.17196600880254}, "test_regrid": {"min": 9.935149192810059, "max": 388.1554260253906, "mean": 244.17196600880254, "std": 98.21258073645457}, "diff": {"min": -25.044891357421875, "max": 27.446563720703125, "mean": -0.24335669688525274}, "misc": {"rmse": 6.0622314821791745, "corr": 0.9981128904867276}, "unit": "W/m2"}