{"ref": {"min": 0.0, "max": 442.1866760253906, "mean": 297.02115719104063}, "ref_regrid": {"min": 0.0, "max": 442.1866760253906, "mean": 297.02115719104063, "std": 139.09033796728235}, "test": {"min": 0.0, "max": 442.38165283203125, "mean": 296.977363440888}, "test_regrid": {"min": 0.0, "max": 442.38165283203125, "mean": 296.977363440888, "std": 138.88976433880333}, "diff": {"min": -32.812042236328125, "max": 36.38471984863281, "mean": -0.04379375015260787}, "misc": {"rmse": 2.4790226572430036, "corr": 0.9998420299695533}, "unit": "W/m2"}