{"ref": {"min": 16.427268981933594, "max": 269.5089111328125, "mean": 165.33646400675227}, "ref_regrid": {"min": 16.427268981933594, "max": 269.5089111328125, "mean": 165.33646400675227, "std": 65.51836236594409}, "test": {"min": 16.241662979125977, "max": 272.2121887207031, "mean": 165.16703941889654}, "test_regrid": {"min": 16.241662979125977, "max": 272.2121887207031, "mean": 165.16703941889654, "std": 66.06997598479298}, "diff": {"min": -17.097740173339844, "max": 19.40868377685547, "mean": -0.16942458785569736}, "misc": {"rmse": 4.157565314160466, "corr": 0.9980419077633503}, "unit": "W/m2"}