{"ref": {"min": 1.8276515007019043, "max": 294.6297302246094, "mean": 164.7038974625751}, "ref_regrid": {"min": 1.8276515007019043, "max": 294.6297302246094, "mean": 164.7038974625751, "std": 76.23138508192453}, "test": {"min": 1.658639669418335, "max": 299.648681640625, "mean": 164.35892265228912}, "test_regrid": {"min": 1.658639669418335, "max": 299.648681640625, "mean": 164.35892265228912, "std": 77.34817544390964}, "diff": {"min": -38.469512939453125, "max": 30.688888549804688, "mean": -0.3449748102859634}, "misc": {"rmse": 7.6042294072275345, "corr": 0.9952124621881591}, "unit": "W/m2"}