{"ref": {"min": 0.0, "max": 320.640869140625, "mean": 159.7760646686911}, "ref_regrid": {"min": 0.0, "max": 320.640869140625, "mean": 159.7760646686911, "std": 81.47889689620145}, "test": {"min": 0.0, "max": 322.2404479980469, "mean": 160.22197235738327}, "test_regrid": {"min": 0.0, "max": 322.2404479980469, "mean": 160.22197235738327, "std": 81.99344715590945}, "diff": {"min": -47.739410400390625, "max": 68.37037658691406, "mean": 0.4459076886921768}, "misc": {"rmse": 8.671803759914013, "corr": 0.9944065591693512}, "unit": "W/m2"}