{"ref": {"min": 0.0, "max": 356.924072265625, "mean": 222.4460901512848}, "ref_regrid": {"min": 0.0, "max": 356.924072265625, "mean": 222.4460901512848, "std": 110.30532799653517}, "test": {"min": 0.0, "max": 356.48370361328125, "mean": 222.33734859333305}, "test_regrid": {"min": 0.0, "max": 356.48370361328125, "mean": 222.33734859333305, "std": 110.08158360009185}, "diff": {"min": -32.07880401611328, "max": 38.180419921875, "mean": -0.10874155795175956}, "misc": {"rmse": 2.8481394522520347, "corr": 0.9996685223356861}, "unit": "W/m2"}