{"ref": {"min": 0.0, "max": 408.77459716796875, "mean": 236.9775477403383}, "ref_regrid": {"min": 0.0, "max": 408.77459716796875, "mean": 236.9775477403383, "std": 111.13394568002417}, "test": {"min": 0.0, "max": 411.22308349609375, "mean": 237.10674495731544}, "test_regrid": {"min": 0.0, "max": 411.22308349609375, "mean": 237.10674495731544, "std": 111.46009614337429}, "diff": {"min": -42.44038391113281, "max": 59.692657470703125, "mean": 0.12919721697715764}, "misc": {"rmse": 7.858117945673202, "corr": 0.9975124346128922}, "unit": "W/m2"}