{"ref": {"min": 14.049700736999512, "max": 398.0088195800781, "mean": 289.8850819079556}, "ref_regrid": {"min": 14.049700736999512, "max": 398.0088195800781, "mean": 289.8850819079556, "std": 104.93382737761429}, "test": {"min": 14.430097579956055, "max": 398.10076904296875, "mean": 289.7850298657352}, "test_regrid": {"min": 14.430097579956055, "max": 398.10076904296875, "mean": 289.7850298657352, "std": 105.18169092982822}, "diff": {"min": -17.107101440429688, "max": 18.562850952148438, "mean": -0.10005204222033327}, "misc": {"rmse": 1.185033534760404, "corr": 0.9999396194168769}, "unit": "W/m2"}