{"ref": {"min": 47.866493225097656, "max": 379.68853759765625, "mean": 288.5293330295334}, "ref_regrid": {"min": 47.866493225097656, "max": 379.68853759765625, "mean": 288.5293330295334, "std": 82.38969908676212}, "test": {"min": 46.855796813964844, "max": 379.68389892578125, "mean": 288.4154190865785}, "test_regrid": {"min": 46.855796813964844, "max": 379.68389892578125, "mean": 288.4154190865785, "std": 82.63027252502879}, "diff": {"min": -13.716201782226562, "max": 10.04949951171875, "mean": -0.11391394295491482}, "misc": {"rmse": 1.204924599823144, "corr": 0.999898573949586}, "unit": "W/m2"}