{"ref": {"min": 0.0, "max": 417.5009460449219, "mean": 281.9417386778331}, "ref_regrid": {"min": 0.0, "max": 417.5009460449219, "mean": 281.9417386778331, "std": 123.61861277986374}, "test": {"min": 0.0, "max": 417.7596435546875, "mean": 281.89764262790754}, "test_regrid": {"min": 0.0, "max": 417.7596435546875, "mean": 281.89764262790754, "std": 123.68596861872662}, "diff": {"min": -42.049407958984375, "max": 23.362869262695312, "mean": -0.044096049925495324}, "misc": {"rmse": 2.119627985387276, "corr": 0.9998532895459664}, "unit": "W/m2"}