{"ref": {"min": 2.208181619644165, "max": 309.4898986816406, "mean": 211.75865174554949}, "ref_regrid": {"min": 2.208181619644165, "max": 309.4898986816406, "mean": 211.75865174554949, "std": 79.30576758255044}, "test": {"min": 2.2126336097717285, "max": 307.584228515625, "mean": 211.55736599453755}, "test_regrid": {"min": 2.2126336097717285, "max": 307.584228515625, "mean": 211.55736599453755, "std": 79.43279823011562}, "diff": {"min": -41.08033752441406, "max": 27.330169677734375, "mean": -0.20128575101193613}, "misc": {"rmse": 3.21427892227737, "corr": 0.9991844614390647}, "unit": "W/m2"}