{"ref": {"min": 6.72956657409668, "max": 383.9942626953125, "mean": 241.30121716548686}, "ref_regrid": {"min": 6.72956657409668, "max": 383.9942626953125, "mean": 241.30121716548686, "std": 96.99130138494404}, "test": {"min": 6.775789260864258, "max": 387.07257080078125, "mean": 240.85851812899395}, "test_regrid": {"min": 6.775789260864258, "max": 387.07257080078125, "mean": 240.85851812899395, "std": 97.9757670449923}, "diff": {"min": -35.0518798828125, "max": 27.917022705078125, "mean": -0.44269903649293946}, "misc": {"rmse": 6.893701366597877, "corr": 0.9975608253825862}, "unit": "W/m2"}