{"ref": {"min": 2.5522687435150146, "max": 314.1272888183594, "mean": 167.06485323656753}, "ref_regrid": {"min": 2.5522687435150146, "max": 314.1272888183594, "mean": 167.06485323656753, "std": 76.14339735814755}, "test": {"min": 2.2923808097839355, "max": 312.37188720703125, "mean": 167.04571649835353}, "test_regrid": {"min": 2.2923808097839355, "max": 312.37188720703125, "mean": 167.04571649835353, "std": 76.85074872217758}, "diff": {"min": -29.463150024414062, "max": 27.773422241210938, "mean": -0.019136738214000533}, "misc": {"rmse": 6.710118359608325, "corr": 0.9961955373087511}, "unit": "W/m2"}