{"ref": {"min": 4.7431721687316895, "max": 317.40838623046875, "mean": 215.93282090205074}, "ref_regrid": {"min": 4.7431721687316895, "max": 317.40838623046875, "mean": 215.93282090205074, "std": 83.81544091496427}, "test": {"min": 4.210971832275391, "max": 314.1123962402344, "mean": 216.0318688598583}, "test_regrid": {"min": 4.210971832275391, "max": 314.1123962402344, "mean": 216.0318688598583, "std": 83.92553671732426}, "diff": {"min": -17.193267822265625, "max": 21.477848052978516, "mean": 0.09904795781218835}, "misc": {"rmse": 1.543304231504301, "corr": 0.9998322598372843}, "unit": "W/m2"}