{"ref": {"min": 0.0, "max": 437.1911315917969, "mean": 248.19931143312806}, "ref_regrid": {"min": 0.0, "max": 437.1911315917969, "mean": 248.19931143312806, "std": 121.19601454075797}, "test": {"min": 0.0, "max": 437.40679931640625, "mean": 247.51689553854513}, "test_regrid": {"min": 0.0, "max": 437.40679931640625, "mean": 247.51689553854513, "std": 120.8297128425461}, "diff": {"min": -44.85455322265625, "max": 33.303985595703125, "mean": -0.6824158945829192}, "misc": {"rmse": 7.902977523596966, "corr": 0.9978879798745398}, "unit": "W/m2"}