{"ref": {"min": -1.4325602054595947, "max": 271.4850158691406, "mean": 93.91562827538262}, "ref_regrid": {"min": -1.4325602054595947, "max": 271.4850158691406, "mean": 93.91562827538262, "std": 56.019144313095055}, "test": {"min": -1.937449336051941, "max": 281.0849304199219, "mean": 94.18054105197474}, "test_regrid": {"min": -1.937449336051941, "max": 281.0849304199219, "mean": 94.18054105197474, "std": 56.595958571220024}, "diff": {"min": -27.735595703125, "max": 31.205413818359375, "mean": 0.2649127765961906}, "misc": {"rmse": 5.803171332056036, "corr": 0.99475250688039}, "unit": "W/m2"}