{"ref": {"min": -24.779672622680664, "max": 379.9281311035156, "mean": 95.69120599141533}, "ref_regrid": {"min": -24.779672622680664, "max": 379.9281311035156, "mean": 95.69120599141533, "std": 60.67096175208008}, "test": {"min": -16.15336799621582, "max": 379.8614807128906, "mean": 96.40244781529192}, "test_regrid": {"min": -16.15336799621582, "max": 379.8614807128906, "mean": 96.40244781529192, "std": 61.25177436764085}, "diff": {"min": -53.55754089355469, "max": 64.34268188476562, "mean": 0.7112418237983702}, "misc": {"rmse": 10.668545885032806, "corr": 0.9847997229419648}, "unit": "W/m2"}