{"ref": {"min": -6.253327369689941, "max": 277.02435302734375, "mean": 94.65027785220956}, "ref_regrid": {"min": -6.253327369689941, "max": 277.02435302734375, "mean": 94.65027785220956, "std": 57.159553430145436}, "test": {"min": -9.96886157989502, "max": 293.181884765625, "mean": 94.12362928107235}, "test_regrid": {"min": -9.96886157989502, "max": 293.181884765625, "mean": 94.12362928107235, "std": 58.71906830780454}, "diff": {"min": -53.110015869140625, "max": 63.33152770996094, "mean": -0.5266485710787554}, "misc": {"rmse": 12.348608363361222, "corr": 0.9776873047373527}, "unit": "W/m2"}