{"ref": {"min": -3.0260350704193115, "max": 306.4300842285156, "mean": 91.95525882419278}, "ref_regrid": {"min": -3.0260350704193115, "max": 306.4300842285156, "mean": 91.95525882419278, "std": 57.09920732162821}, "test": {"min": -4.240789890289307, "max": 289.2691650390625, "mean": 92.05235463421211}, "test_regrid": {"min": -4.240789890289307, "max": 289.2691650390625, "mean": 92.05235463421211, "std": 58.13070117344948}, "diff": {"min": -62.2392578125, "max": 67.89875793457031, "mean": 0.09709580981230838}, "misc": {"rmse": 10.861893358997003, "corr": 0.9823893221744835}, "unit": "W/m2"}