{"ref": {"min": -6.163158893585205, "max": 390.5279541015625, "mean": 93.36577044711852}, "ref_regrid": {"min": -6.163158893585205, "max": 390.5279541015625, "mean": 93.36577044711852, "std": 69.21564334658729}, "test": {"min": -6.884495735168457, "max": 379.23419189453125, "mean": 94.14373247302522}, "test_regrid": {"min": -6.884495735168457, "max": 379.23419189453125, "mean": 94.14373247302522, "std": 70.83720851858142}, "diff": {"min": -65.32254028320312, "max": 64.05996704101562, "mean": 0.7779620259359454}, "misc": {"rmse": 12.391943768482346, "corr": 0.9846701762450251}, "unit": "W/m2"}