{"ref": {"min": -0.7844042181968689, "max": 114.02740478515625, "mean": 22.992533321829388}, "ref_regrid": {"min": -0.7844042181968689, "max": 114.02740478515625, "mean": 22.992533321829388, "std": 11.966883705402635}, "test": {"min": -1.3103190660476685, "max": 106.79542541503906, "mean": 20.74387713148792}, "test_regrid": {"min": -1.3103190660476685, "max": 106.79542541503906, "mean": 20.74387713148792, "std": 11.201709193136326}, "diff": {"min": -18.438682556152344, "max": 15.45278549194336, "mean": -2.2486561903087114}, "misc": {"rmse": 4.06822405954517, "corr": 0.9593116856706682}, "unit": "W/m2"}