{"ref": {"min": -0.5767223834991455, "max": 92.89908599853516, "mean": 23.18351465741292}, "ref_regrid": {"min": -0.5767223834991455, "max": 92.89908599853516, "mean": 23.18351465741292, "std": 10.341888088417193}, "test": {"min": -1.0539448261260986, "max": 83.43680572509766, "mean": 20.9444656248484}, "test_regrid": {"min": -1.0539448261260986, "max": 83.43680572509766, "mean": 20.9444656248484, "std": 9.55163892861333}, "diff": {"min": -18.89073944091797, "max": 8.356983184814453, "mean": -2.2390490325587327}, "misc": {"rmse": 3.204714420049255, "corr": 0.9765526058063987}, "unit": "W/m2"}