{"ref": {"min": -2.7438015937805176, "max": 99.49617004394531, "mean": 23.686961238441395}, "ref_regrid": {"min": -2.7438015937805176, "max": 99.49617004394531, "mean": 23.686961238441395, "std": 11.312616577877876}, "test": {"min": -2.8520023822784424, "max": 87.97805786132812, "mean": 21.297035686761543}, "test_regrid": {"min": -2.8520023822784424, "max": 87.97805786132812, "mean": 21.297035686761543, "std": 10.891112902148185}, "diff": {"min": -27.749855041503906, "max": 19.225378036499023, "mean": -2.3899255518020164}, "misc": {"rmse": 4.762950021641713, "corr": 0.9318371292749368}, "unit": "W/m2"}