{"ref": {"min": 0.4730847179889679, "max": 93.6722183227539, "mean": 22.62088070513726}, "ref_regrid": {"min": 0.4730847179889679, "max": 93.6722183227539, "mean": 22.62088070513726, "std": 13.63810224961527}, "test": {"min": -0.13993476331233978, "max": 95.7421875, "mean": 20.556257274900812}, "test_regrid": {"min": -0.13993476331233978, "max": 95.7421875, "mean": 20.556257274900812, "std": 13.006245115160072}, "diff": {"min": -24.902236938476562, "max": 25.799610137939453, "mean": -2.064623430054076}, "misc": {"rmse": 4.994771530712986, "corr": 0.942818322633258}, "unit": "W/m2"}