{"ref": {"min": 0.2440185546875, "max": 76.59207916259766, "mean": 27.89260841834656}, "ref_regrid": {"min": 0.2440185546875, "max": 76.59207916259766, "mean": 27.89260841834656, "std": 19.475194197628056}, "test": {"min": 0.062286376953125, "max": 75.94760131835938, "mean": 27.0824721992859}, "test_regrid": {"min": 0.062286376953125, "max": 75.94760131835938, "mean": 27.0824721992859, "std": 19.13109519121157}, "diff": {"min": -21.135013580322266, "max": 13.604087829589844, "mean": -0.8101362190606537}, "misc": {"rmse": 3.1575211473649514, "corr": 0.9876601392420433}, "unit": "W/m2"}