{"ref": {"min": 0.32415008544921875, "max": 73.01659393310547, "mean": 25.497615282345482}, "ref_regrid": {"min": 0.32415008544921875, "max": 73.01659393310547, "mean": 25.497615282345482, "std": 19.18714547332717}, "test": {"min": 0.0586395263671875, "max": 72.0189208984375, "mean": 24.493872710366396}, "test_regrid": {"min": 0.0586395263671875, "max": 72.0189208984375, "mean": 24.493872710366396, "std": 18.638983665009864}, "diff": {"min": -22.14862823486328, "max": 16.421375274658203, "mean": -1.0037425719790853}, "misc": {"rmse": 2.8925986052791157, "corr": 0.9901306267615633}, "unit": "W/m2"}