{"ref": {"min": 1.1442108154296875, "max": 71.57650756835938, "mean": 26.826370866392327}, "ref_regrid": {"min": 1.1442108154296875, "max": 71.57650756835938, "mean": 26.826370866392327, "std": 18.532258052424595}, "test": {"min": 0.864654541015625, "max": 70.01760864257812, "mean": 25.955555021671255}, "test_regrid": {"min": 0.864654541015625, "max": 70.01760864257812, "mean": 25.955555021671255, "std": 18.159893931205488}, "diff": {"min": -12.004859924316406, "max": 6.136928558349609, "mean": -0.870815844721078}, "misc": {"rmse": 1.6635242709331555, "corr": 0.9972212569981006}, "unit": "W/m2"}