{"ref": {"min": 1.161529541015625, "max": 70.97756958007812, "mean": 26.68163478655326}, "ref_regrid": {"min": 1.161529541015625, "max": 70.97756958007812, "mean": 26.68163478655326, "std": 19.28829910724505}, "test": {"min": 0.02848052978515625, "max": 71.56605529785156, "mean": 25.81131290449731}, "test_regrid": {"min": 0.02848052978515625, "max": 71.56605529785156, "mean": 25.81131290449731, "std": 19.026011783388768}, "diff": {"min": -16.086994171142578, "max": 14.004344940185547, "mean": -0.8703218820559473}, "misc": {"rmse": 2.749933029641397, "corr": 0.9908225405479566}, "unit": "W/m2"}