{"ref": {"min": -2.2602486610412598, "max": 125.83870697021484, "mean": 23.43368338239025}, "ref_regrid": {"min": -2.2602486610412598, "max": 125.83870697021484, "mean": 23.43368338239025, "std": 14.04350602787175}, "test": {"min": -2.2468812465667725, "max": 113.31781768798828, "mean": 21.18069238328762}, "test_regrid": {"min": -2.2468812465667725, "max": 113.31781768798828, "mean": 21.18069238328762, "std": 12.733276481256858}, "diff": {"min": -32.696197509765625, "max": 24.45954132080078, "mean": -2.2529909990776598}, "misc": {"rmse": 4.814496321400231, "corr": 0.9541809678788474}, "unit": "W/m2"}