{"ref": {"min": 0.9319000244140625, "max": 72.27320861816406, "mean": 27.233624879646396}, "ref_regrid": {"min": 0.9319000244140625, "max": 72.27320861816406, "mean": 27.233624879646396, "std": 19.59994243331406}, "test": {"min": 0.1103515625, "max": 72.56195068359375, "mean": 26.434562314246122}, "test_regrid": {"min": 0.1103515625, "max": 72.56195068359375, "mean": 26.434562314246122, "std": 19.41513234753634}, "diff": {"min": -17.206066131591797, "max": 15.343368530273438, "mean": -0.7990625654002774}, "misc": {"rmse": 2.8229667149254025, "corr": 0.9904128716607767}, "unit": "W/m2"}