{"ref": {"min": -540.7953491210938, "max": 215.97206115722656, "mean": 9.634129919672311}, "ref_regrid": {"min": -540.7953491210938, "max": 215.97206115722656, "mean": 9.634129919672311, "std": 97.21363950969258}, "test": {"min": -524.0789794921875, "max": 223.33787536621094, "mean": 7.65846347441563}, "test_regrid": {"min": -524.0789794921875, "max": 223.33787536621094, "mean": 7.65846347441563, "std": 98.90788946638125}, "diff": {"min": -93.94393920898438, "max": 103.16400146484375, "mean": -1.9756664452627177}, "misc": {"rmse": 16.666616529602184, "corr": 0.9859076008112988}, "unit": "W/m2"}