{"ref": {"min": -159.76446533203125, "max": 64.4370346069336, "mean": -21.634342782626323}, "ref_regrid": {"min": -159.76446533203125, "max": 64.4370346069336, "mean": -21.634342782626323, "std": 27.368617796918485}, "test": {"min": -156.69932556152344, "max": 64.65803527832031, "mean": -22.55159004814596}, "test_regrid": {"min": -156.69932556152344, "max": 64.65803527832031, "mean": -22.55159004814596, "std": 27.578800636512018}, "diff": {"min": -23.516315460205078, "max": 22.944625854492188, "mean": -0.9172472655196395}, "misc": {"rmse": 5.251432637271334, "corr": 0.9823183294707322}, "unit": "W/m2"}