{"ref": {"min": -67.58731079101562, "max": 12.402880668640137, "mean": -22.62246860017549}, "ref_regrid": {"min": -67.58731079101562, "max": 12.402880668640137, "mean": -22.62246860017549, "std": 13.961358031281012}, "test": {"min": -74.57810974121094, "max": 12.66816520690918, "mean": -25.05742232786112}, "test_regrid": {"min": -74.57810974121094, "max": 12.66816520690918, "mean": -25.05742232786112, "std": 14.67121323961316}, "diff": {"min": -17.810646057128906, "max": 12.820837020874023, "mean": -2.4349537276856226}, "misc": {"rmse": 3.6945459781854577, "corr": 0.9823835038267973}, "unit": "W/m2"}