{"ref": {"min": -316.67095947265625, "max": 181.39170837402344, "mean": 6.673381773034252}, "ref_regrid": {"min": -316.67095947265625, "max": 181.39170837402344, "mean": 6.673381773034252, "std": 50.32417728470393}, "test": {"min": -281.505126953125, "max": 187.86643981933594, "mean": 5.732976174407056}, "test_regrid": {"min": -281.505126953125, "max": 187.86643981933594, "mean": 5.732976174407056, "std": 51.084908339975236}, "diff": {"min": -80.3009033203125, "max": 72.6966552734375, "mean": -0.9404055983032673}, "misc": {"rmse": 13.811351095822825, "corr": 0.9631846312774976}, "unit": "W/m2"}