{"ref": {"min": -126.1394271850586, "max": 56.31364822387695, "mean": -20.373119495826334}, "ref_regrid": {"min": -126.1394271850586, "max": 56.31364822387695, "mean": -20.373119495826334, "std": 25.571326993876532}, "test": {"min": -114.72207641601562, "max": 58.51017761230469, "mean": -21.387130433771926}, "test_regrid": {"min": -114.72207641601562, "max": 58.51017761230469, "mean": -21.387130433771926, "std": 25.838258606761205}, "diff": {"min": -29.791805267333984, "max": 29.96484375, "mean": -1.0140109379455888}, "misc": {"rmse": 5.988465176544844, "corr": 0.9736936065581188}, "unit": "W/m2"}