{"ref": {"min": -248.71815490722656, "max": 174.53912353515625, "mean": 0.4949209184902761}, "ref_regrid": {"min": -248.71815490722656, "max": 174.53912353515625, "mean": 0.4949209184902761, "std": 46.20933113377483}, "test": {"min": -274.9464111328125, "max": 176.6063232421875, "mean": -0.16017892468973818}, "test_regrid": {"min": -274.9464111328125, "max": 176.6063232421875, "mean": -0.16017892468973818, "std": 50.224030329185794}, "diff": {"min": -80.67100524902344, "max": 59.092159271240234, "mean": -0.6550998430116971}, "misc": {"rmse": 15.4929981331646, "corr": 0.9518519014824848}, "unit": "W/m2"}