{"ref": {"min": -124.664794921875, "max": 47.81093215942383, "mean": -22.222961427810393}, "ref_regrid": {"min": -124.664794921875, "max": 47.81093215942383, "mean": -22.222961427810393, "std": 19.326180613407388}, "test": {"min": -116.71941375732422, "max": 45.14373016357422, "mean": -23.25838447844006}, "test_regrid": {"min": -116.71941375732422, "max": 45.14373016357422, "mean": -23.25838447844006, "std": 19.238966817919827}, "diff": {"min": -15.415401458740234, "max": 15.747066497802734, "mean": -1.03542305062966}, "misc": {"rmse": 3.5549730274146727, "corr": 0.9844571862271196}, "unit": "W/m2"}