{"ref": {"min": -328.4651794433594, "max": 233.5913543701172, "mean": -6.883994610573375}, "ref_regrid": {"min": -328.4651794433594, "max": 233.5913543701172, "mean": -6.883994610573375, "std": 79.92842130913843}, "test": {"min": -351.9117736816406, "max": 236.03439331054688, "mean": -8.204500678327143}, "test_regrid": {"min": -351.9117736816406, "max": 236.03439331054688, "mean": -8.204500678327143, "std": 81.01526203683314}, "diff": {"min": -88.06373596191406, "max": 71.30558013916016, "mean": -1.3205060670609492}, "misc": {"rmse": 14.149962142318126, "corr": 0.9847657443782387}, "unit": "W/m2"}