{"ref": {"min": -99.29664611816406, "max": 19.214996337890625, "mean": -20.281175832095503}, "ref_regrid": {"min": -99.29664611816406, "max": 19.214996337890625, "mean": -20.281175832095503, "std": 17.82320265469953}, "test": {"min": -101.35720825195312, "max": 19.525711059570312, "mean": -22.84608671903423}, "test_regrid": {"min": -101.35720825195312, "max": 19.525711059570312, "mean": -22.84608671903423, "std": 19.0566771393705}, "diff": {"min": -27.766075134277344, "max": 19.20215606689453, "mean": -2.5649108870085846}, "misc": {"rmse": 5.368860083599687, "corr": 0.9694915793960404}, "unit": "W/m2"}