{"ref": {"min": -97.29329681396484, "max": 20.79060173034668, "mean": -22.477225913811697}, "ref_regrid": {"min": -97.29329681396484, "max": 20.79060173034668, "mean": -22.477225913811697, "std": 21.254793936339315}, "test": {"min": -108.90943908691406, "max": 20.122478485107422, "mean": -24.86918680216293}, "test_regrid": {"min": -108.90943908691406, "max": 20.122478485107422, "mean": -24.86918680216293, "std": 22.049040084980522}, "diff": {"min": -24.27802276611328, "max": 18.444366455078125, "mean": -2.3919608883348937}, "misc": {"rmse": 5.026511838125694, "corr": 0.9798211819352075}, "unit": "W/m2"}