{"ref": {"min": -127.0414810180664, "max": 32.20622634887695, "mean": -21.530507601903306}, "ref_regrid": {"min": -127.0414810180664, "max": 32.20622634887695, "mean": -21.530507601903306, "std": 28.38960822146191}, "test": {"min": -135.66851806640625, "max": 31.250289916992188, "mean": -23.610205254909324}, "test_regrid": {"min": -135.66851806640625, "max": 31.250289916992188, "mean": -23.610205254909324, "std": 28.41428579598358}, "diff": {"min": -40.86954879760742, "max": 47.60200881958008, "mean": -2.0796976529382993}, "misc": {"rmse": 6.227692166614273, "corr": 0.978641589081161}, "unit": "W/m2"}