{"ref": {"min": -160.77435302734375, "max": 68.16876220703125, "mean": -22.131942364218038}, "ref_regrid": {"min": -160.77435302734375, "max": 68.16876220703125, "mean": -22.131942364218038, "std": 35.752324973559425}, "test": {"min": -147.11827087402344, "max": 68.54460144042969, "mean": -22.881487007489426}, "test_regrid": {"min": -147.11827087402344, "max": 68.54460144042969, "mean": -22.881487007489426, "std": 35.2604760713912}, "diff": {"min": -37.49690246582031, "max": 46.10816955566406, "mean": -0.7495446432918016}, "misc": {"rmse": 6.753952817641385, "corr": 0.9822264857999655}, "unit": "W/m2"}