{"ref": {"min": -139.40609741210938, "max": 76.57018280029297, "mean": -24.752441091370663}, "ref_regrid": {"min": -139.40609741210938, "max": 76.57018280029297, "mean": -24.752441091370663, "std": 37.59126638957211}, "test": {"min": -143.52406311035156, "max": 75.85189819335938, "mean": -26.213330297424733}, "test_regrid": {"min": -143.52406311035156, "max": 75.85189819335938, "mean": -26.213330297424733, "std": 38.63380303401596}, "diff": {"min": -41.073326110839844, "max": 28.793556213378906, "mean": -1.4608892060540664}, "misc": {"rmse": 7.136979434474033, "corr": 0.9835724012163268}, "unit": "W/m2"}