{"ref": {"min": -253.28079223632812, "max": 153.5019073486328, "mean": 2.4796095114117955}, "ref_regrid": {"min": -253.28079223632812, "max": 153.5019073486328, "mean": 2.4796095114117955, "std": 31.876809357088423}, "test": {"min": -243.28231811523438, "max": 161.31382751464844, "mean": 1.2566900048696568}, "test_regrid": {"min": -243.28231811523438, "max": 161.31382751464844, "mean": 1.2566900048696568, "std": 33.5940009963541}, "diff": {"min": -43.97148132324219, "max": 35.30186080932617, "mean": -1.2229195061543376}, "misc": {"rmse": 7.711195772688897, "corr": 0.9743114084253163}, "unit": "W/m2"}