{"ref": {"min": -141.50302124023438, "max": 46.84398651123047, "mean": -26.200965067619954}, "ref_regrid": {"min": -141.50302124023438, "max": 46.84398651123047, "mean": -26.200965067619954, "std": 32.111882138183155}, "test": {"min": -146.2320556640625, "max": 45.44915008544922, "mean": -28.904210498288684}, "test_regrid": {"min": -146.2320556640625, "max": 45.44915008544922, "mean": -28.904210498288684, "std": 33.18426136754483}, "diff": {"min": -29.278945922851562, "max": 23.402233123779297, "mean": -2.7032454306742486}, "misc": {"rmse": 5.904803048753929, "corr": 0.9876084181351662}, "unit": "W/m2"}