{"ref": {"min": -287.0462341308594, "max": 220.53216552734375, "mean": -0.325653833041564}, "ref_regrid": {"min": -287.0462341308594, "max": 220.53216552734375, "mean": -0.325653833041564, "std": 28.20468021027343}, "test": {"min": -294.23980712890625, "max": 223.31971740722656, "mean": -0.3427907341936985}, "test_regrid": {"min": -294.23980712890625, "max": 223.31971740722656, "mean": -0.3427907341936985, "std": 29.543798938652202}, "diff": {"min": -60.65918731689453, "max": 88.23393249511719, "mean": -0.01713690247808459}, "misc": {"rmse": 12.60641683561927, "corr": 0.9057162899649829}, "unit": "mbar/day"}