{"ref": {"min": -213.31263732910156, "max": 109.9968032836914, "mean": -0.318210796179951}, "ref_regrid": {"min": -213.31263732910156, "max": 109.9968032836914, "mean": -0.318210796179951, "std": 21.862332667530207}, "test": {"min": -223.6172332763672, "max": 128.3552703857422, "mean": -0.3236841354233561}, "test_regrid": {"min": -223.6172332763672, "max": 128.3552703857422, "mean": -0.3236841354233561, "std": 22.72999796204933}, "diff": {"min": -44.719635009765625, "max": 30.891433715820312, "mean": -0.005473339511165475}, "misc": {"rmse": 6.4368897272886025, "corr": 0.9590680656669818}, "unit": "mbar/day"}