{"ref": {"min": -361.4883728027344, "max": 262.26617431640625, "mean": -0.30144914101429265}, "ref_regrid": {"min": -361.4883728027344, "max": 262.26617431640625, "mean": -0.30144914101429265, "std": 29.78318680032226}, "test": {"min": -359.797119140625, "max": 266.2840881347656, "mean": -0.3070302149492442}, "test_regrid": {"min": -359.797119140625, "max": 266.2840881347656, "mean": -0.3070302149492442, "std": 32.67885404635888}, "diff": {"min": -87.01246643066406, "max": 72.245849609375, "mean": -0.005581072571656573}, "misc": {"rmse": 13.63362501149453, "corr": 0.9088182566522545}, "unit": "mbar/day"}