{"ref": {"min": -177.3194580078125, "max": 61.773399353027344, "mean": 0.18553609226566312}, "ref_regrid": {"min": -177.3194580078125, "max": 61.773399353027344, "mean": 0.18553609226566312, "std": 12.469517774440938}, "test": {"min": -191.66259765625, "max": 72.5230712890625, "mean": 0.184292544443836}, "test_regrid": {"min": -191.66259765625, "max": 72.5230712890625, "mean": 0.184292544443836, "std": 13.32552126862433}, "diff": {"min": -42.645042419433594, "max": 32.64091491699219, "mean": -0.001243547955026763}, "misc": {"rmse": 5.555644799152259, "corr": 0.9093285585197123}, "unit": "mbar/day"}