{"ref": {"min": -207.51380920410156, "max": 140.59092712402344, "mean": -0.3154598511836347}, "ref_regrid": {"min": -207.51380920410156, "max": 140.59092712402344, "mean": -0.3154598511836347, "std": 23.866019414307697}, "test": {"min": -299.0080871582031, "max": 192.95101928710938, "mean": -0.31621215701832966}, "test_regrid": {"min": -299.0080871582031, "max": 192.95101928710938, "mean": -0.31621215701832966, "std": 27.328197830850545}, "diff": {"min": -100.7301025390625, "max": 63.86383819580078, "mean": -0.000752306538469499}, "misc": {"rmse": 13.402065648812282, "corr": 0.8714928323578561}, "unit": "mbar/day"}