{"ref": {"min": -331.4072570800781, "max": 692.2399291992188, "mean": -0.1378419112315842}, "ref_regrid": {"min": -331.4072570800781, "max": 692.2399291992188, "mean": -0.1378419112315842, "std": 34.29097763316665}, "test": {"min": -365.3052062988281, "max": 749.7626342773438, "mean": -0.1239914722863832}, "test_regrid": {"min": -365.3052062988281, "max": 749.7626342773438, "mean": -0.1239914722863832, "std": 36.63729782541436}, "diff": {"min": -197.1997833251953, "max": 401.81951904296875, "mean": -0.0009781974606348294}, "misc": {"rmse": 12.70910258578573, "corr": 0.9377409330636262}, "unit": "mbar/day"}