{"ref": {"min": -163.86058044433594, "max": 72.24153137207031, "mean": 0.16476461728752737}, "ref_regrid": {"min": -163.86058044433594, "max": 72.24153137207031, "mean": 0.16476461728752737, "std": 15.473365458300586}, "test": {"min": -179.69528198242188, "max": 78.44261169433594, "mean": 0.15074234353184196}, "test_regrid": {"min": -179.69528198242188, "max": 78.44261169433594, "mean": 0.15074234353184196, "std": 17.314293596102228}, "diff": {"min": -79.9786605834961, "max": 42.429386138916016, "mean": -0.01402227423663354}, "misc": {"rmse": 7.61626284753397, "corr": 0.8980662039866227}, "unit": "mbar/day"}