{"ref": {"min": -294.3701171875, "max": 628.501708984375, "mean": -0.21119694791311133}, "ref_regrid": {"min": -294.3701171875, "max": 628.501708984375, "mean": -0.21119694791311133, "std": 28.56071555283426}, "test": {"min": -307.0957946777344, "max": 633.8103637695312, "mean": -0.21611916059915615}, "test_regrid": {"min": -307.0957946777344, "max": 633.8103637695312, "mean": -0.21611916059915615, "std": 29.071165341342766}, "diff": {"min": -77.36064910888672, "max": 75.7483901977539, "mean": -0.003884951111384415}, "misc": {"rmse": 5.577896627980534, "corr": 0.9814043495253598}, "unit": "mbar/day"}