{"ref": {"min": -169.86297607421875, "max": 50.07343292236328, "mean": 0.1770737742724439}, "ref_regrid": {"min": -169.86297607421875, "max": 50.07343292236328, "mean": 0.1770737742724439, "std": 12.036763953605776}, "test": {"min": -140.15762329101562, "max": 54.19970703125, "mean": 0.1668850518792168}, "test_regrid": {"min": -140.15762329101562, "max": 54.19970703125, "mean": 0.1668850518792168, "std": 13.57428617237926}, "diff": {"min": -47.37497329711914, "max": 49.33513641357422, "mean": -0.010188721852134342}, "misc": {"rmse": 6.452047496651115, "corr": 0.8798435530991094}, "unit": "mbar/day"}