{"ref": {"min": -149.6450958251953, "max": 50.33407974243164, "mean": 0.17910643676523358}, "ref_regrid": {"min": -149.6450958251953, "max": 50.33407974243164, "mean": 0.17910643676523358, "std": 10.86263664266544}, "test": {"min": -146.3558349609375, "max": 44.756378173828125, "mean": 0.1744019545922149}, "test_regrid": {"min": -146.3558349609375, "max": 44.756378173828125, "mean": 0.1744019545922149, "std": 11.299872626010204}, "diff": {"min": -19.500911712646484, "max": 20.725502014160156, "mean": -0.004704482134619626}, "misc": {"rmse": 3.276639620700398, "corr": 0.9570448959267194}, "unit": "mbar/day"}