{"ref": {"min": -238.9086456298828, "max": 62.357421875, "mean": 0.18324724649459526}, "ref_regrid": {"min": -238.9086456298828, "max": 62.357421875, "mean": 0.18324724649459526, "std": 14.739411168075845}, "test": {"min": -251.38339233398438, "max": 66.3200454711914, "mean": 0.1885001630293063}, "test_regrid": {"min": -251.38339233398438, "max": 66.3200454711914, "mean": 0.1885001630293063, "std": 15.260865077738167}, "diff": {"min": -67.06430053710938, "max": 54.1208610534668, "mean": 0.005252916134896166}, "misc": {"rmse": 6.366564279242972, "corr": 0.9105052799508978}, "unit": "mbar/day"}