{"ref": {"min": -302.73931884765625, "max": 146.35540771484375, "mean": -0.3224822426727337}, "ref_regrid": {"min": -302.73931884765625, "max": 146.35540771484375, "mean": -0.3224822426727337, "std": 25.454173440285}, "test": {"min": -296.83990478515625, "max": 136.83543395996094, "mean": -0.3246363681085081}, "test_regrid": {"min": -296.83990478515625, "max": 136.83543395996094, "mean": -0.3246363681085081, "std": 27.49999309191199}, "diff": {"min": -62.36062240600586, "max": 56.101016998291016, "mean": -0.0021541234067452937}, "misc": {"rmse": 11.308093983177805, "corr": 0.9116503968620748}, "unit": "mbar/day"}