{"ref": {"min": -333.52703857421875, "max": 581.8863525390625, "mean": -0.1654967553092798}, "ref_regrid": {"min": -333.52703857421875, "max": 581.8863525390625, "mean": -0.1654967553092798, "std": 33.16923516356562}, "test": {"min": -325.4107360839844, "max": 567.8587646484375, "mean": -0.15407203001393813}, "test_regrid": {"min": -325.4107360839844, "max": 567.8587646484375, "mean": -0.15407203001393813, "std": 34.910073903183196}, "diff": {"min": -244.39181518554688, "max": 147.24087524414062, "mean": 0.014878006740944609}, "misc": {"rmse": 10.907575492856587, "corr": 0.9498523332506398}, "unit": "mbar/day"}