{"ref": {"min": -289.1796875, "max": 916.2822265625, "mean": -0.19766880564830677}, "ref_regrid": {"min": -289.1796875, "max": 916.2822265625, "mean": -0.19766880564830677, "std": 34.61373807863923}, "test": {"min": -262.7393493652344, "max": 973.2833862304688, "mean": -0.2151899053517849}, "test_regrid": {"min": -262.7393493652344, "max": 973.2833862304688, "mean": -0.2151899053517849, "std": 35.76054555138614}, "diff": {"min": -129.77603149414062, "max": 139.03201293945312, "mean": -0.012372152997923906}, "misc": {"rmse": 10.655091767992543, "corr": 0.9546523660059372}, "unit": "mbar/day"}