{"ref": {"min": -285.0885009765625, "max": 791.473876953125, "mean": -0.2563692674522886}, "ref_regrid": {"min": -285.0885009765625, "max": 791.473876953125, "mean": -0.2563692674522886, "std": 31.175601282266747}, "test": {"min": -338.3697509765625, "max": 825.5067138671875, "mean": -0.27672823994320334}, "test_regrid": {"min": -338.3697509765625, "max": 825.5067138671875, "mean": -0.27672823994320334, "std": 32.74803388727031}, "diff": {"min": -121.9427719116211, "max": 154.24371337890625, "mean": 0.026236384953333105}, "misc": {"rmse": 11.452157700248469, "corr": 0.9368800850152094}, "unit": "mbar/day"}