{"ref": {"min": 0.0027715275064110756, "max": 39.51959991455078, "mean": 3.200385560179813}, "ref_regrid": {"min": 0.0027715275064110756, "max": 39.51959991455078, "mean": 3.200385560179813, "std": 2.7355322999173213}, "test": {"min": 0.0004512321902438998, "max": 39.65300369262695, "mean": 3.2018107214516762}, "test_regrid": {"min": 0.0004512321902438998, "max": 39.65300369262695, "mean": 3.2018107214516762, "std": 2.837780463637532}, "diff": {"min": -4.095184803009033, "max": 5.714670181274414, "mean": 0.0014251612776669837}, "misc": {"rmse": 0.778739441183723, "corr": 0.9616133796463198}, "unit": "mm/day"}