{"ref": {"min": 0.00885456521064043, "max": 28.33491325378418, "mean": 3.2432141452122356}, "ref_regrid": {"min": 0.00885456521064043, "max": 28.33491325378418, "mean": 3.2432141452122356, "std": 2.29824956348028}, "test": {"min": 0.005861644167453051, "max": 26.613271713256836, "mean": 3.2512184912036743}, "test_regrid": {"min": 0.005861644167453051, "max": 26.613271713256836, "mean": 3.2512184912036743, "std": 2.3387926746735457}, "diff": {"min": -2.766773223876953, "max": 3.5153627395629883, "mean": 0.008004345991355253}, "misc": {"rmse": 0.46522732205004674, "corr": 0.9800257220613109}, "unit": "mm/day"}