{"ref": {"min": 2.052717718470376e-05, "max": 41.065067291259766, "mean": 3.2977967445163547}, "ref_regrid": {"min": 2.052717718470376e-05, "max": 41.065067291259766, "mean": 3.2977967445163547, "std": 2.981257553204792}, "test": {"min": 2.5667095542303286e-06, "max": 44.969635009765625, "mean": 3.3233731643159286}, "test_regrid": {"min": 2.5667095542303286e-06, "max": 44.969635009765625, "mean": 3.3233731643159286, "std": 2.958249086902912}, "diff": {"min": -11.946017265319824, "max": 8.040756225585938, "mean": 0.025576419877006523}, "misc": {"rmse": 0.9722053662312675, "corr": 0.9464810411448078}, "unit": "mm/day"}