{"ref": {"min": 0.00025731910136528313, "max": 26.909107208251953, "mean": 3.2217246479591837}, "ref_regrid": {"min": 0.00025731910136528313, "max": 26.909107208251953, "mean": 3.2217246479591837, "std": 2.905554171733056}, "test": {"min": 3.863135020765185e-07, "max": 25.897794723510742, "mean": 3.2414746192482555}, "test_regrid": {"min": 3.863135020765185e-07, "max": 25.897794723510742, "mean": 3.2414746192482555, "std": 3.1099791269223696}, "diff": {"min": -5.335503578186035, "max": 8.169164657592773, "mean": 0.019749971278176407}, "misc": {"rmse": 1.0255251229744116, "corr": 0.9441401958354358}, "unit": "mm/day"}