{"ref": {"min": 0.003587983548641205, "max": 27.0559139251709, "mean": 3.25294962324103}, "ref_regrid": {"min": 0.003587983548641205, "max": 27.0559139251709, "mean": 3.25294962324103, "std": 2.4608339738853466}, "test": {"min": 3.4393299301882507e-06, "max": 22.045257568359375, "mean": 3.238215458198748}, "test_regrid": {"min": 3.4393299301882507e-06, "max": 22.045257568359375, "mean": 3.238215458198748, "std": 2.5647110649289866}, "diff": {"min": -5.868302345275879, "max": 5.663495063781738, "mean": -0.014734165049317738}, "misc": {"rmse": 0.915227005013879, "corr": 0.9345119670697432}, "unit": "mm/day"}