{"ref": {"min": 972.4039916992188, "max": 1026.4464111328125, "mean": 1011.2277117632502}, "ref_regrid": {"min": 972.4039916992188, "max": 1026.4464111328125, "mean": 1011.2277117632502, "std": 10.37761217190965}, "test": {"min": 971.5877075195312, "max": 1026.9739990234375, "mean": 1011.2296815570646}, "test_regrid": {"min": 971.5877075195312, "max": 1026.9739990234375, "mean": 1011.2296815570646, "std": 10.55512353252741}, "diff": {"min": -3.7178955078125, "max": 2.8492431640625, "mean": 0.0019697938142433013}, "misc": {"rmse": 0.7583044959790889, "corr": 0.9975190499031531}, "unit": "mbar"}