{"ref": {"min": 965.348388671875, "max": 1029.11962890625, "mean": 1011.1673482983911}, "ref_regrid": {"min": 965.348388671875, "max": 1029.11962890625, "mean": 1011.1673482983911, "std": 11.661499630118259}, "test": {"min": 963.7393798828125, "max": 1029.673828125, "mean": 1011.1610749615659}, "test_regrid": {"min": 963.7393798828125, "max": 1029.673828125, "mean": 1011.1610749615659, "std": 11.77136401165617}, "diff": {"min": -7.70098876953125, "max": 6.50823974609375, "mean": -0.006273336825176823}, "misc": {"rmse": 1.5656173748792697, "corr": 0.9911159864248822}, "unit": "mbar"}