{"ref": {"min": 971.9921875, "max": 1027.767578125, "mean": 1011.0641127082195}, "ref_regrid": {"min": 971.9921875, "max": 1027.767578125, "mean": 1011.0641127082195, "std": 10.719278862101248}, "test": {"min": 970.7236328125, "max": 1029.46875, "mean": 1011.0527693459841}, "test_regrid": {"min": 970.7236328125, "max": 1029.46875, "mean": 1011.0527693459841, "std": 10.904258628900717}, "diff": {"min": -5.94268798828125, "max": 10.3253173828125, "mean": -0.01134336223545967}, "misc": {"rmse": 1.685087293898712, "corr": 0.9880003669667216}, "unit": "mbar"}