{"ref": {"min": 977.7936401367188, "max": 1037.500732421875, "mean": 1011.4137203064995}, "ref_regrid": {"min": 977.7936401367188, "max": 1037.500732421875, "mean": 1011.4137203064995, "std": 10.376500308828899}, "test": {"min": 977.2916259765625, "max": 1040.7060546875, "mean": 1011.4583314741769}, "test_regrid": {"min": 977.2916259765625, "max": 1040.7060546875, "mean": 1011.4583314741769, "std": 10.810195882601764}, "diff": {"min": -8.56890869140625, "max": 5.87164306640625, "mean": 0.04461116767722271}, "misc": {"rmse": 1.9794168110997148, "corr": 0.9833826225179203}, "unit": "mbar"}