{"ref": {"min": 972.1149291992188, "max": 1028.1234130859375, "mean": 1011.2656658806144}, "ref_regrid": {"min": 972.1149291992188, "max": 1028.1234130859375, "mean": 1011.2656658806144, "std": 10.12193720828308}, "test": {"min": 970.3776245117188, "max": 1027.15576171875, "mean": 1011.2465499405774}, "test_regrid": {"min": 970.3776245117188, "max": 1027.15576171875, "mean": 1011.2465499405774, "std": 10.620483772138918}, "diff": {"min": -6.17523193359375, "max": 8.2415771484375, "mean": -0.01911594003691972}, "misc": {"rmse": 1.8105101037616773, "corr": 0.9859114586548994}, "unit": "mbar"}