{"ref": {"min": -126.90205383300781, "max": 94.31231689453125, "mean": 1.7147095712406328}, "ref_regrid": {"min": -126.90205383300781, "max": 94.31231689453125, "mean": 1.7147095712406328, "std": 54.430082877164125}, "test": {"min": -128.17324829101562, "max": 88.763916015625, "mean": 0.5440085920354698}, "test_regrid": {"min": -128.17324829101562, "max": 88.763916015625, "mean": 0.5440085920354698, "std": 55.176234548150745}, "diff": {"min": -16.485183715820312, "max": 13.71875, "mean": -1.1707009792051597}, "misc": {"rmse": 2.944259679551382, "corr": 0.9988776512527096}, "unit": "W/m2"}