{"ref": {"min": -185.02259826660156, "max": 152.72921752929688, "mean": 8.950520079749527}, "ref_regrid": {"min": -185.02259826660156, "max": 152.72921752929688, "mean": 8.950520079749527, "std": 97.9184485052896}, "test": {"min": -186.17422485351562, "max": 153.36663818359375, "mean": 7.415566021103398}, "test_regrid": {"min": -186.17422485351562, "max": 153.36663818359375, "mean": 7.415566021103398, "std": 97.92069683850075}, "diff": {"min": -28.285751342773438, "max": 21.295639038085938, "mean": -1.5349540586461383}, "misc": {"rmse": 5.3979734105500325, "corr": 0.9986033925997976}, "unit": "W/m2"}