{"ref": {"min": -177.67803955078125, "max": 109.64569091796875, "mean": 3.0686457523483246}, "ref_regrid": {"min": -177.67803955078125, "max": 109.64569091796875, "mean": 3.0686457523483246, "std": 72.61775261576585}, "test": {"min": -178.2355499267578, "max": 109.53164672851562, "mean": 1.9888059936149878}, "test_regrid": {"min": -178.2355499267578, "max": 109.53164672851562, "mean": 1.9888059936149878, "std": 73.12813705374131}, "diff": {"min": -23.966064453125, "max": 19.925933837890625, "mean": -1.0798397587333353}, "misc": {"rmse": 4.584487997945607, "corr": 0.9981554139913341}, "unit": "W/m2"}