{"ref": {"min": -162.92787170410156, "max": 105.33900451660156, "mean": 1.415890399425112}, "ref_regrid": {"min": -162.92787170410156, "max": 105.33900451660156, "mean": 1.415890399425112, "std": 70.37416558455617}, "test": {"min": -164.22589111328125, "max": 106.392578125, "mean": 0.12532090729523299}, "test_regrid": {"min": -164.22589111328125, "max": 106.392578125, "mean": 0.12532090729523299, "std": 71.28818271266762}, "diff": {"min": -28.437210083007812, "max": 20.435394287109375, "mean": -1.2905694921298712}, "misc": {"rmse": 4.902717275886879, "corr": 0.9978536677472098}, "unit": "W/m2"}