{"ref": {"min": -179.05783081054688, "max": 125.37370300292969, "mean": -6.576217496921456}, "ref_regrid": {"min": -179.05783081054688, "max": 125.37370300292969, "mean": -6.576217496921456, "std": 88.01010959896445}, "test": {"min": -180.47825622558594, "max": 127.64083862304688, "mean": -7.35365838798738}, "test_regrid": {"min": -180.47825622558594, "max": 127.64083862304688, "mean": -7.35365838798738, "std": 88.02912824792436}, "diff": {"min": -37.990203857421875, "max": 47.72233581542969, "mean": -0.777440891065931}, "misc": {"rmse": 5.5892068375103445, "corr": 0.998022933534089}, "unit": "W/m2"}