{"ref": {"min": -96.46986389160156, "max": 95.15492248535156, "mean": 15.108175214489993}, "ref_regrid": {"min": -96.46986389160156, "max": 95.15492248535156, "mean": 15.108175214489993, "std": 17.304933381447402}, "test": {"min": -102.41381072998047, "max": 100.87854766845703, "mean": 15.304982166203514}, "test_regrid": {"min": -102.41381072998047, "max": 100.87854766845703, "mean": 15.304982166203514, "std": 17.829472658425637}, "diff": {"min": -17.649646759033203, "max": 17.30370330810547, "mean": 0.1968069517008825}, "misc": {"rmse": 2.5121220070103765, "corr": 0.9902817713374718}, "unit": "W/m2"}