{"ref": {"min": -107.94939422607422, "max": 131.40689086914062, "mean": 15.443080440726241}, "ref_regrid": {"min": -107.94939422607422, "max": 131.40689086914062, "mean": 15.443080440726241, "std": 18.88292849444363}, "test": {"min": -134.01524353027344, "max": 150.26417541503906, "mean": 15.642379036809384}, "test_regrid": {"min": -134.01524353027344, "max": 150.26417541503906, "mean": 15.642379036809384, "std": 19.891666872276264}, "diff": {"min": -35.56116485595703, "max": 37.24195098876953, "mean": 0.19929859623694393}, "misc": {"rmse": 4.915676359172207, "corr": 0.9692414731151112}, "unit": "W/m2"}