{"ref": {"min": -89.47071075439453, "max": 120.6283187866211, "mean": 16.562215528845492}, "ref_regrid": {"min": -89.47071075439453, "max": 120.6283187866211, "mean": 16.562215528845492, "std": 21.246254945394398}, "test": {"min": -91.4835205078125, "max": 134.3438720703125, "mean": 16.75708277324314}, "test_regrid": {"min": -91.4835205078125, "max": 134.3438720703125, "mean": 16.75708277324314, "std": 21.946496192640723}, "diff": {"min": -33.551719665527344, "max": 41.74855422973633, "mean": 0.1948672443260731}, "misc": {"rmse": 4.379101643408954, "corr": 0.9800032309197763}, "unit": "W/m2"}