{"ref": {"min": -90.15522766113281, "max": 159.41781616210938, "mean": 14.199995888189669}, "ref_regrid": {"min": -90.15522766113281, "max": 159.41781616210938, "mean": 14.199995888189669, "std": 23.92330453169389}, "test": {"min": -93.35518646240234, "max": 178.95498657226562, "mean": 14.340556272938814}, "test_regrid": {"min": -93.35518646240234, "max": 178.95498657226562, "mean": 14.340556272938814, "std": 25.271714360487373}, "diff": {"min": -32.732574462890625, "max": 37.784027099609375, "mean": 0.14056038475654484}, "misc": {"rmse": 4.889187638041013, "corr": 0.9817508978688531}, "unit": "W/m2"}