{"ref": {"min": -98.30413818359375, "max": 142.07699584960938, "mean": 14.227408984233541}, "ref_regrid": {"min": -98.30413818359375, "max": 142.07699584960938, "mean": 14.227408984233541, "std": 20.246172602917493}, "test": {"min": -90.80130004882812, "max": 148.6925506591797, "mean": 14.479910584016132}, "test_regrid": {"min": -90.80130004882812, "max": 148.6925506591797, "mean": 14.479910584016132, "std": 20.930298989161585}, "diff": {"min": -29.38825798034668, "max": 25.44082260131836, "mean": 0.25250159973807895}, "misc": {"rmse": 4.088003049965996, "corr": 0.9809089547737178}, "unit": "W/m2"}