{"ref": {"min": 0.0, "max": 485.9679870605469, "mean": 350.54562663491106}, "ref_regrid": {"min": 0.0, "max": 485.9679870605469, "mean": 350.54562663491106, "std": 146.37298602318432}, "test": {"min": 0.0, "max": 485.9679870605469, "mean": 350.54562663491106}, "test_regrid": {"min": 0.0, "max": 485.9679870605469, "mean": 350.54562663491106, "std": 146.37298602318432}, "diff": {"min": 0.0, "max": 0.0, "mean": 0.0}, "misc": {"rmse": 0.0, "corr": 0.9999999999999998}, "unit": "W/m2"}