{"ref": {"min": 171.3959503173828, "max": 415.7962646484375, "mean": 340.41508231053666}, "ref_regrid": {"min": 171.3959503173828, "max": 415.7962646484375, "mean": 340.41508231053666, "std": 72.8336072120797}, "test": {"min": 171.3959503173828, "max": 415.7962646484375, "mean": 340.41508231053666}, "test_regrid": {"min": 171.3959503173828, "max": 415.7962646484375, "mean": 340.41508231053666, "std": 72.8336072120797}, "diff": {"min": 0.0, "max": 0.0, "mean": 0.0}, "misc": {"rmse": 0.0, "corr": 1.0}, "unit": "W/m2"}