{"ref": {"min": 21.4765567779541, "max": 433.30804443359375, "mean": 338.3549503173859}, "ref_regrid": {"min": 21.4765567779541, "max": 433.30804443359375, "mean": 338.3549503173859, "std": 100.63929629389465}, "test": {"min": 21.4765567779541, "max": 433.30804443359375, "mean": 338.3549503173859}, "test_regrid": {"min": 21.4765567779541, "max": 433.30804443359375, "mean": 338.3549503173859, "std": 100.63929629389465}, "diff": {"min": 0.0, "max": 0.0, "mean": 0.0}, "misc": {"rmse": 0.0, "corr": 1.0}, "unit": "W/m2"}