{"ref": {"min": -0.982086181640625, "max": 30.89190673828125, "mean": 19.875796732312402}, "ref_regrid": {"min": -0.982086181640625, "max": 30.89190673828125, "mean": 19.875796732312402, "std": 8.568815947238525}, "test": {"min": -0.986419677734375, "max": 30.89190673828125, "mean": 19.87560747436416}, "test_regrid": {"min": -0.986419677734375, "max": 30.89190673828125, "mean": 19.87560747436416, "std": 8.56888483602305}, "diff": {"min": -0.2640380859375, "max": 0.185638427734375, "mean": -0.00018925794824067873}, "misc": {"rmse": 0.006860051846140741, "corr": 0.9999996798636348}, "unit": "degC"}