{"ref": {"min": -0.41546630859375, "max": 30.365203857421875, "mean": 19.731167987359886}, "ref_regrid": {"min": -0.41546630859375, "max": 30.365203857421875, "mean": 19.731167987359886, "std": 8.717167537964237}, "test": {"min": -0.452301025390625, "max": 30.332794189453125, "mean": 19.730977141750117}, "test_regrid": {"min": -0.452301025390625, "max": 30.332794189453125, "mean": 19.730977141750117, "std": 8.717626269904873}, "diff": {"min": -0.305267333984375, "max": 0.1627197265625, "mean": -0.00019084560976661497}, "misc": {"rmse": 0.008108758080503034, "corr": 0.9999995690995178}, "unit": "degC"}