{"ref": {"min": -1.1075439453125, "max": 31.9349365234375, "mean": 19.954041685687912}, "ref_regrid": {"min": -1.1075439453125, "max": 31.9349365234375, "mean": 19.954041685687912, "std": 8.514142317251027}, "test": {"min": -1.1617431640625, "max": 31.946533203125, "mean": 19.95407418437525}, "test_regrid": {"min": -1.1617431640625, "max": 31.946533203125, "mean": 19.95407418437525, "std": 8.514156316320005}, "diff": {"min": -0.23492431640625, "max": 0.217926025390625, "mean": 3.249868733484387e-05}, "misc": {"rmse": 0.006724257029785874, "corr": 0.9999996881262214}, "unit": "degC"}