{"ref": {"min": -0.3505859375, "max": 29.58978271484375, "mean": 20.07054307275824}, "ref_regrid": {"min": -0.3505859375, "max": 29.58978271484375, "mean": 20.07054307275824, "std": 8.38133347124424}, "test": {"min": -0.40496826171875, "max": 29.58978271484375, "mean": 20.070335043660165}, "test_regrid": {"min": -0.40496826171875, "max": 29.58978271484375, "mean": 20.070335043660165, "std": 8.381714210173264}, "diff": {"min": -0.21051025390625, "max": 0.100982666015625, "mean": -0.0002080290980765311}, "misc": {"rmse": 0.005870546428396487, "corr": 0.999999756044697}, "unit": "degC"}