{"ref": {"min": -1.289031982421875, "max": 29.77044677734375, "mean": 19.860131445723223}, "ref_regrid": {"min": -1.289031982421875, "max": 29.77044677734375, "mean": 19.860131445723223, "std": 8.992474989771953}, "test": {"min": -1.3743896484375, "max": 29.77044677734375, "mean": 19.86014701704178}, "test_regrid": {"min": -1.3743896484375, "max": 29.77044677734375, "mean": 19.86014701704178, "std": 8.992178329672594}, "diff": {"min": -0.251251220703125, "max": 0.252777099609375, "mean": 1.557131855653196e-05}, "misc": {"rmse": 0.008730855929911695, "corr": 0.9999995292766606}, "unit": "degC"}