{"ref": {"min": -205.33123779296875, "max": 5.309266271069646e-06, "mean": -52.64504950822202}, "ref_regrid": {"min": -205.33123779296875, "max": 5.309266271069646e-06, "mean": -52.64504950822202, "std": 40.99943749381197}, "test": {"min": -209.82473754882812, "max": 0.00012732110917568207, "mean": -53.29580250581177}, "test_regrid": {"min": -209.82473754882812, "max": 0.00012732110917568207, "mean": -53.29580250581177, "std": 42.323650870481636}, "diff": {"min": -45.405364990234375, "max": 34.90093994140625, "mean": -0.6507529975897465}, "misc": {"rmse": 8.163949960943588, "corr": 0.9814225018617124}, "unit": "W/m2"}