{"ref": {"min": -182.0489959716797, "max": -1.1081962585449219, "mean": -48.86796766646246}, "ref_regrid": {"min": -182.0489959716797, "max": -1.1081962585449219, "mean": -48.86796766646246, "std": 29.55166715172332}, "test": {"min": -182.374267578125, "max": -0.306793212890625, "mean": -48.98615236268728}, "test_regrid": {"min": -182.374267578125, "max": -0.306793212890625, "mean": -48.98615236268728, "std": 30.37510978070661}, "diff": {"min": -28.432342529296875, "max": 27.433578491210938, "mean": -0.11818469622155964}, "misc": {"rmse": 6.393156804489426, "corr": 0.9776187297449329}, "unit": "W/m2"}