{"ref": {"min": -144.07077026367188, "max": -0.08582725375890732, "mean": -43.96813707030504}, "ref_regrid": {"min": -144.07077026367188, "max": -0.08582725375890732, "mean": -43.96813707030504, "std": 23.913510808953507}, "test": {"min": -136.3966827392578, "max": -0.05553938075900078, "mean": -44.14312240826033}, "test_regrid": {"min": -136.3966827392578, "max": -0.05553938075900078, "mean": -44.14312240826033, "std": 25.09633255703986}, "diff": {"min": -34.40367889404297, "max": 32.9998779296875, "mean": -0.1749853380160741}, "misc": {"rmse": 6.814789632352876, "corr": 0.9624991134550864}, "unit": "W/m2"}