{"ref": {"min": -185.1300048828125, "max": 1.2332314724972093e-07, "mean": -44.96419098766742}, "ref_regrid": {"min": -185.1300048828125, "max": 1.2332314724972093e-07, "mean": -44.96419098766742, "std": 31.757666585427373}, "test": {"min": -170.70327758789062, "max": 7.728495802439284e-06, "mean": -44.79089763743896}, "test_regrid": {"min": -170.70327758789062, "max": 7.728495802439284e-06, "mean": -44.79089763743896, "std": 31.94282513423049}, "diff": {"min": -42.61949920654297, "max": 59.28699493408203, "mean": 0.17329335015249947}, "misc": {"rmse": 7.798260403989349, "corr": 0.9700577773862604}, "unit": "W/m2"}