{"ref": {"min": -182.06686401367188, "max": -0.4857887029647827, "mean": -45.46975923600771}, "ref_regrid": {"min": -182.06686401367188, "max": -0.4857887029647827, "mean": -45.46975923600771, "std": 26.754943308550832}, "test": {"min": -182.04986572265625, "max": -0.20931437611579895, "mean": -45.61306392781095}, "test_regrid": {"min": -182.04986572265625, "max": -0.20931437611579895, "mean": -45.61306392781095, "std": 27.499804505942837}, "diff": {"min": -24.874332427978516, "max": 27.363197326660156, "mean": -0.14330469177215738}, "misc": {"rmse": 6.017454725971597, "corr": 0.9757838052651525}, "unit": "W/m2"}