{"ref": {"min": -143.48095703125, "max": -0.44795891642570496, "mean": -45.80598326355103}, "ref_regrid": {"min": -143.48095703125, "max": -0.44795891642570496, "mean": -45.80598326355103, "std": 20.430920604594192}, "test": {"min": -135.30264282226562, "max": -0.2631838917732239, "mean": -46.001887948741384}, "test_regrid": {"min": -135.30264282226562, "max": -0.2631838917732239, "mean": -46.001887948741384, "std": 20.907855591850655}, "diff": {"min": -15.459678649902344, "max": 18.39147186279297, "mean": -0.19590468519405163}, "misc": {"rmse": 3.790753569966784, "corr": 0.9834912626107475}, "unit": "W/m2"}