{"ref": {"min": -180.51315307617188, "max": 1.833838148002087e-08, "mean": -48.82184577723337}, "ref_regrid": {"min": -180.51315307617188, "max": 1.833838148002087e-08, "mean": -48.82184577723337, "std": 36.698751778685605}, "test": {"min": -185.0185089111328, "max": 3.69832810065418e-06, "mean": -49.46046778678093}, "test_regrid": {"min": -185.0185089111328, "max": 3.69832810065418e-06, "mean": -49.46046778678093, "std": 37.937942652746564}, "diff": {"min": -45.125709533691406, "max": 33.43563461303711, "mean": -0.6386220095682009}, "misc": {"rmse": 7.813579286184947, "corr": 0.9787726617755903}, "unit": "W/m2"}