{"ref": {"min": -141.40879821777344, "max": -1.1458377838134766, "mean": -49.04933229450861}, "ref_regrid": {"min": -141.40879821777344, "max": -1.1458377838134766, "mean": -49.04933229450861, "std": 22.13857874795225}, "test": {"min": -132.6653594970703, "max": -0.6755409240722656, "mean": -49.21393950253254}, "test_regrid": {"min": -132.6653594970703, "max": -0.6755409240722656, "mean": -49.21393950253254, "std": 22.680545466267247}, "diff": {"min": -17.140220642089844, "max": 18.570037841796875, "mean": -0.1646072080239261}, "misc": {"rmse": 3.995999564244876, "corr": 0.9844187213322586}, "unit": "W/m2"}