{"ref": {"min": -145.758056640625, "max": -0.17125797271728516, "mean": -47.054754282370446}, "ref_regrid": {"min": -145.758056640625, "max": -0.17125797271728516, "mean": -47.054754282370446, "std": 26.021598642932727}, "test": {"min": -151.2975311279297, "max": -0.046478271484375, "mean": -47.19844334011818}, "test_regrid": {"min": -151.2975311279297, "max": -0.046478271484375, "mean": -47.19844334011818, "std": 27.300562392475957}, "diff": {"min": -32.69609069824219, "max": 32.7686767578125, "mean": -0.14368905774773771}, "misc": {"rmse": 7.153099081092584, "corr": 0.9651533396297657}, "unit": "W/m2"}