{"ref": {"min": -178.49337768554688, "max": 5.515648808795959e-07, "mean": -47.62955765806816}, "ref_regrid": {"min": -178.49337768554688, "max": 5.515648808795959e-07, "mean": -47.62955765806816, "std": 34.716392882498496}, "test": {"min": -180.65570068359375, "max": 1.6859499737620354e-05, "mean": -47.375359732348336}, "test_regrid": {"min": -180.65570068359375, "max": 1.6859499737620354e-05, "mean": -47.375359732348336, "std": 34.90841257560437}, "diff": {"min": -47.892822265625, "max": 64.93257141113281, "mean": 0.25419792571982713}, "misc": {"rmse": 8.307778705711735, "corr": 0.9715661246442204}, "unit": "W/m2"}