{"ref": {"min": 208.1911163330078, "max": 226.4532470703125, "mean": 217.57675974781992}, "ref_regrid": {"min": 208.1911163330078, "max": 226.4532470703125, "mean": 217.57675974781992, "std": 2.785363812988409}, "test": {"min": 207.40711975097656, "max": 226.94554138183594, "mean": 217.19889641316675}, "test_regrid": {"min": 207.40711975097656, "max": 226.94554138183594, "mean": 217.19889641316675, "std": 3.0109346707065914}, "diff": {"min": -2.2441864013671875, "max": 1.92645263671875, "mean": -0.37786333465317246}, "misc": {"rmse": 0.6144381915254423, "corr": 0.989037720157027}, "unit": "K"}