{"ref": {"min": 211.15374755859375, "max": 228.61041259765625, "mean": 217.90690636092884}, "ref_regrid": {"min": 211.15374755859375, "max": 228.61041259765625, "mean": 217.90690636092884, "std": 3.0213234431313616}, "test": {"min": 210.18093872070312, "max": 228.89413452148438, "mean": 217.6048276444141}, "test_regrid": {"min": 210.18093872070312, "max": 228.89413452148438, "mean": 217.6048276444141, "std": 3.341234345695893}, "diff": {"min": -3.639739990234375, "max": 3.0252838134765625, "mean": -0.3020787165147875}, "misc": {"rmse": 0.9519263317670267, "corr": 0.9647066484499658}, "unit": "K"}