{"ref": {"min": 211.23916625976562, "max": 227.9996337890625, "mean": 218.59460956602015}, "ref_regrid": {"min": 211.23916625976562, "max": 227.9996337890625, "mean": 218.59460956602015, "std": 3.007294290538964}, "test": {"min": 211.0880889892578, "max": 228.92071533203125, "mean": 218.54577236580573}, "test_regrid": {"min": 211.0880889892578, "max": 228.92071533203125, "mean": 218.54577236580573, "std": 3.293756564984605}, "diff": {"min": -3.7310638427734375, "max": 3.78021240234375, "mean": -0.04883720021439541}, "misc": {"rmse": 0.9844611882575107, "corr": 0.9553411530943863}, "unit": "K"}