{"ref": {"min": 198.6723175048828, "max": 230.0270538330078, "mean": 216.9085182705059}, "ref_regrid": {"min": 198.6723175048828, "max": 230.0270538330078, "mean": 216.9085182705059, "std": 4.842965074287274}, "test": {"min": 198.51751708984375, "max": 230.343505859375, "mean": 216.205075570368}, "test_regrid": {"min": 198.51751708984375, "max": 230.343505859375, "mean": 216.205075570368, "std": 5.205976127570668}, "diff": {"min": -4.8127288818359375, "max": 3.52227783203125, "mean": -0.7034427001378946}, "misc": {"rmse": 1.2551583658612764, "corr": 0.9811835572523309}, "unit": "K"}