{"ref": {"min": 200.12490844726562, "max": 225.63156127929688, "mean": 216.8982376933087}, "ref_regrid": {"min": 200.12490844726562, "max": 225.63156127929688, "mean": 216.8982376933087, "std": 3.562721794171602}, "test": {"min": 197.9748077392578, "max": 226.35452270507812, "mean": 216.4416292291219}, "test_regrid": {"min": 197.9748077392578, "max": 226.35452270507812, "mean": 216.4416292291219, "std": 4.014624761605893}, "diff": {"min": -5.402130126953125, "max": 3.0110015869140625, "mean": -0.45660846418679424}, "misc": {"rmse": 1.0696639675085242, "corr": 0.9744293547565799}, "unit": "K"}