{"ref": {"min": 244.42770385742188, "max": 298.8668212890625, "mean": 280.9214707259002}, "ref_regrid": {"min": 244.42770385742188, "max": 298.8668212890625, "mean": 280.9214707259002, "std": 10.162196177356277}, "test": {"min": 242.96156311035156, "max": 298.7083740234375, "mean": 280.87402220858587}, "test_regrid": {"min": 242.96156311035156, "max": 298.7083740234375, "mean": 280.87402220858587, "std": 10.25965245761328}, "diff": {"min": -3.95477294921875, "max": 3.9053497314453125, "mean": -0.04577748842432156}, "misc": {"rmse": 0.7205407206002918, "corr": 0.997562007013011}, "unit": "K"}