{"ref": {"min": 234.81190490722656, "max": 303.2171630859375, "mean": 282.4749663609409}, "ref_regrid": {"min": 234.81190490722656, "max": 303.2171630859375, "mean": 282.4749663609409, "std": 9.928926679192918}, "test": {"min": 235.8354034423828, "max": 304.4291687011719, "mean": 282.4803923451247}, "test_regrid": {"min": 235.8354034423828, "max": 304.4291687011719, "mean": 282.4803923451247, "std": 9.87437582815267}, "diff": {"min": -2.810455322265625, "max": 2.79681396484375, "mean": 0.003178550205545468}, "misc": {"rmse": 0.6680932498143313, "corr": 0.9977345625543717}, "unit": "K"}