{"ref": {"min": 243.86732482910156, "max": 297.37115478515625, "mean": 279.47685213811627}, "ref_regrid": {"min": 243.86732482910156, "max": 297.37115478515625, "mean": 279.47685213811627, "std": 11.476118484088191}, "test": {"min": 242.2322998046875, "max": 297.030517578125, "mean": 279.6483194013635}, "test_regrid": {"min": 242.2322998046875, "max": 297.030517578125, "mean": 279.6483194013635, "std": 11.481572990684692}, "diff": {"min": -3.295562744140625, "max": 4.056610107421875, "mean": 0.17182005480035614}, "misc": {"rmse": 0.8100156182408974, "corr": 0.9976216652488278}, "unit": "K"}