{"ref": {"min": 239.73472595214844, "max": 297.8714904785156, "mean": 280.7138461428386}, "ref_regrid": {"min": 239.73472595214844, "max": 297.8714904785156, "mean": 280.7138461428386, "std": 10.567632151498062}, "test": {"min": 239.09535217285156, "max": 298.0247802734375, "mean": 280.6086916913471}, "test_regrid": {"min": 239.09535217285156, "max": 298.0247802734375, "mean": 280.6086916913471, "std": 10.600500141610686}, "diff": {"min": -4.94805908203125, "max": 2.834503173828125, "mean": -0.10971963243661985}, "misc": {"rmse": 0.8994928215482173, "corr": 0.9964470633715037}, "unit": "K"}