{"ref": {"min": 245.23573303222656, "max": 295.41180419921875, "mean": 280.891809860925}, "ref_regrid": {"min": 245.23573303222656, "max": 295.41180419921875, "mean": 280.891809860925, "std": 9.882280040985407}, "test": {"min": 245.41966247558594, "max": 295.5711669921875, "mean": 280.89788982339}, "test_regrid": {"min": 245.41966247558594, "max": 295.5711669921875, "mean": 280.89788982339, "std": 9.900470327154867}, "diff": {"min": -1.465911865234375, "max": 1.355987548828125, "mean": 0.005152275688560165}, "misc": {"rmse": 0.359240924435793, "corr": 0.9993424306587625}, "unit": "K"}