{"ref": {"min": 0.0005279229371808469, "max": 0.8749557733535767, "mean": 0.07494999923715628}, "ref_regrid": {"min": 0.0005279229371808469, "max": 0.8749557733535767, "mean": 0.07494999923715628, "std": 0.05667996974697453}, "test": {"min": 0.0006639605853706598, "max": 0.9280755519866943, "mean": 0.0771297716882988}, "test_regrid": {"min": 0.0006639605853706598, "max": 0.9280755519866943, "mean": 0.0771297716882988, "std": 0.05841256500017436}, "diff": {"min": -0.047133296728134155, "max": 0.09237302839756012, "mean": 0.002179772451077405}, "misc": {"rmse": 0.0095959300420014, "corr": 0.9872647087879398}, "unit": "N/m^2"}