{"ref": {"min": 0.00017107366875279695, "max": 0.7966281771659851, "mean": 0.07670564808221997}, "ref_regrid": {"min": 0.00017107366875279695, "max": 0.7966281771659851, "mean": 0.07670564808221997, "std": 0.061229554688533375}, "test": {"min": 0.00030897915712557733, "max": 0.9157534837722778, "mean": 0.07903917555323296}, "test_regrid": {"min": 0.00030897915712557733, "max": 0.9157534837722778, "mean": 0.07903917555323296, "std": 0.0663283300013936}, "diff": {"min": -0.20713654160499573, "max": 0.18742996454238892, "mean": 0.002333527470997295}, "misc": {"rmse": 0.02240250839521052, "corr": 0.9420832210227887}, "unit": "N/m^2"}