{"ref": {"min": 0.0004400863836053759, "max": 0.9324383735656738, "mean": 0.08090304292166872}, "ref_regrid": {"min": 0.0004400863836053759, "max": 0.9324383735656738, "mean": 0.08090304292166872, "std": 0.06301333389140847}, "test": {"min": 0.000648816057946533, "max": 0.8650016188621521, "mean": 0.08332523124944183}, "test_regrid": {"min": 0.000648816057946533, "max": 0.8650016188621521, "mean": 0.08332523124944183, "std": 0.06544729610228117}, "diff": {"min": -0.12188440561294556, "max": 0.11404277384281158, "mean": 0.0024221883263887637}, "misc": {"rmse": 0.01758637918262339, "corr": 0.9639323755618558}, "unit": "N/m^2"}