{"ref": {"min": 0.0003231386945117265, "max": 0.8846991062164307, "mean": 0.07747295398029945}, "ref_regrid": {"min": 0.0003231386945117265, "max": 0.8846991062164307, "mean": 0.07747295398029945, "std": 0.05406657067069554}, "test": {"min": 0.00011955809168284759, "max": 0.9693525433540344, "mean": 0.08240826026165117}, "test_regrid": {"min": 0.00011955809168284759, "max": 0.9693525433540344, "mean": 0.08240826026165117, "std": 0.05871400869358779}, "diff": {"min": -0.14646071195602417, "max": 0.2792830169200897, "mean": 0.0049353062823874255}, "misc": {"rmse": 0.021447384303131888, "corr": 0.9347867497745059}, "unit": "N/m^2"}