{"ref": {"min": 0.00018387693853583187, "max": 1.0411862134933472, "mean": 0.07860413448318479}, "ref_regrid": {"min": 0.00018387693853583187, "max": 1.0411862134933472, "mean": 0.07860413448318479, "std": 0.06249764930358487}, "test": {"min": 0.00012290697486605495, "max": 1.0531762838363647, "mean": 0.08310071192915355}, "test_regrid": {"min": 0.00012290697486605495, "max": 1.0531762838363647, "mean": 0.08310071192915355, "std": 0.06512747106070595}, "diff": {"min": -0.07808095216751099, "max": 0.18842017650604248, "mean": 0.00449657744365064}, "misc": {"rmse": 0.019201884828697866, "corr": 0.9580404325353181}, "unit": "N/m^2"}