{"ref": {"min": 0.9589208960533142, "max": 143.0333251953125, "mean": 52.30116068567298}, "ref_regrid": {"min": 0.9589208960533142, "max": 143.0333251953125, "mean": 52.30116068567298, "std": 25.728984772103132}, "test": {"min": 0.004827713593840599, "max": 166.89610290527344, "mean": 52.48256730235459}, "test_regrid": {"min": 0.004827713593840599, "max": 166.89610290527344, "mean": 52.48256730235459, "std": 27.95390390569554}, "diff": {"min": -36.1678581237793, "max": 58.68883514404297, "mean": 0.18140661695957294}, "misc": {"rmse": 8.20767181051859, "corr": 0.9566320319436717}, "unit": "g/m^2"}