{"ref": {"min": 0.7306223511695862, "max": 156.81556701660156, "mean": 52.510497089355255}, "ref_regrid": {"min": 0.7306223511695862, "max": 156.81556701660156, "mean": 52.510497089355255, "std": 25.486766771715484}, "test": {"min": 0.34713900089263916, "max": 157.95492553710938, "mean": 52.707029648426314}, "test_regrid": {"min": 0.34713900089263916, "max": 157.95492553710938, "mean": 52.707029648426314, "std": 26.97585920064251}, "diff": {"min": -35.084720611572266, "max": 54.99846649169922, "mean": 0.19653255904100866}, "misc": {"rmse": 7.282442311092501, "corr": 0.9630720590977183}, "unit": "g/m^2"}