{"ref": {"min": 1.719779372215271, "max": 147.62705993652344, "mean": 52.99733439763018}, "ref_regrid": {"min": 1.719779372215271, "max": 147.62705993652344, "mean": 52.99733439763018, "std": 24.14708424065259}, "test": {"min": 1.3334579467773438, "max": 154.60726928710938, "mean": 53.28058002716982}, "test_regrid": {"min": 1.3334579467773438, "max": 154.60726928710938, "mean": 53.28058002716982, "std": 24.99005658044884}, "diff": {"min": -21.104454040527344, "max": 23.508628845214844, "mean": 0.2832456295396328}, "misc": {"rmse": 4.178529789008256, "corr": 0.986188052121381}, "unit": "g/m^2"}