{"ref": {"min": 0.09363853931427002, "max": 152.43655395507812, "mean": 52.615176368697426}, "ref_regrid": {"min": 0.09363853931427002, "max": 152.43655395507812, "mean": 52.615176368697426, "std": 26.76048134525669}, "test": {"min": 0.0804441049695015, "max": 162.9488525390625, "mean": 52.104231070017825}, "test_regrid": {"min": 0.0804441049695015, "max": 162.9488525390625, "mean": 52.104231070017825, "std": 26.695387578816963}, "diff": {"min": -66.47830963134766, "max": 51.82323455810547, "mean": -0.5109452987011838}, "misc": {"rmse": 8.571640194296178, "corr": 0.9487614662245996}, "unit": "g/m^2"}