{"ref": {"min": 0.6309016942977905, "max": 198.1653289794922, "mean": 55.616774592504136}, "ref_regrid": {"min": 0.6309016942977905, "max": 198.1653289794922, "mean": 55.616774592504136, "std": 28.452090599289203}, "test": {"min": 0.11393295973539352, "max": 225.0811767578125, "mean": 56.986978159363865}, "test_regrid": {"min": 0.11393295973539352, "max": 225.0811767578125, "mean": 56.986978159363865, "std": 30.62698961967996}, "diff": {"min": -45.715579986572266, "max": 46.19140625, "mean": 1.370203566962834}, "misc": {"rmse": 8.691468900700917, "corr": 0.9604465007381117}, "unit": "g/m^2"}