{"ref": {"min": 0.1850334256887436, "max": 55.97237777709961, "mean": 24.241368265628754}, "ref_regrid": {"min": 0.1850334256887436, "max": 55.97237777709961, "mean": 24.241368265628754, "std": 14.413562872052132}, "test": {"min": 0.20845915377140045, "max": 54.617977142333984, "mean": 23.988934495076922}, "test_regrid": {"min": 0.20845915377140045, "max": 54.617977142333984, "mean": 23.988934495076922, "std": 14.36467628885643}, "diff": {"min": -8.391349792480469, "max": 7.268610000610352, "mean": -0.25243377055183147}, "misc": {"rmse": 1.4086385937287418, "corr": 0.9953678202609059}, "unit": "kg/m2"}