{"ref": {"min": 0.1338227540254593, "max": 60.50444412231445, "mean": 25.820041505473956}, "ref_regrid": {"min": 0.1338227540254593, "max": 60.50444412231445, "mean": 25.820041505473956, "std": 13.874219303471714}, "test": {"min": 0.13465477526187897, "max": 60.582401275634766, "mean": 25.61539330328689}, "test_regrid": {"min": 0.13465477526187897, "max": 60.582401275634766, "mean": 25.61539330328689, "std": 13.686058069890423}, "diff": {"min": -4.506622314453125, "max": 4.856573104858398, "mean": -0.20464820218706764}, "misc": {"rmse": 1.200538182738089, "corr": 0.996408304623737}, "unit": "kg/m2"}