{"ref": {"min": 0.23763707280158997, "max": 54.58350372314453, "mean": 24.448288499221515}, "ref_regrid": {"min": 0.23763707280158997, "max": 54.58350372314453, "mean": 24.448288499221515, "std": 13.490166109897725}, "test": {"min": 0.22462594509124756, "max": 54.10660171508789, "mean": 24.326592431810983}, "test_regrid": {"min": 0.22462594509124756, "max": 54.10660171508789, "mean": 24.326592431810983, "std": 13.467860773062652}, "diff": {"min": -2.9063339233398438, "max": 2.443635940551758, "mean": -0.12169606741053413}, "misc": {"rmse": 0.6054204440198758, "corr": 0.9990334126344331}, "unit": "kg/m2"}