{"ref": {"min": 0.4398826062679291, "max": 54.4356575012207, "mean": 23.39350329312735}, "ref_regrid": {"min": 0.4398826062679291, "max": 54.4356575012207, "mean": 23.39350329312735, "std": 14.613856393856683}, "test": {"min": 0.36857303977012634, "max": 55.774600982666016, "mean": 23.522164269544504}, "test_regrid": {"min": 0.36857303977012634, "max": 55.774600982666016, "mean": 23.522164269544504, "std": 14.768140068058317}, "diff": {"min": -5.033603668212891, "max": 7.186550140380859, "mean": 0.12866097641715324}, "misc": {"rmse": 1.3804324467809996, "corr": 0.9956787109298343}, "unit": "kg/m2"}