{"ref": {"min": 0.1918095052242279, "max": 57.1217155456543, "mean": 24.33824091943801}, "ref_regrid": {"min": 0.1918095052242279, "max": 57.1217155456543, "mean": 24.33824091943801, "std": 14.102318191732442}, "test": {"min": 0.18454261124134064, "max": 57.0144157409668, "mean": 24.179877665301525}, "test_regrid": {"min": 0.18454261124134064, "max": 57.0144157409668, "mean": 24.179877665301525, "std": 14.160368176335027}, "diff": {"min": -6.443691253662109, "max": 6.159906387329102, "mean": -0.1583632541364857}, "misc": {"rmse": 1.135129722415508, "corr": 0.9968449962783635}, "unit": "kg/m2"}