{"ref": {"min": -56.516143798828125, "max": 29.466827392578125, "mean": 9.068496325140378}, "ref_regrid": {"min": -56.516143798828125, "max": 29.466827392578125, "mean": 9.068496325140378, "std": 18.328636481790465}, "test": {"min": -57.4815673828125, "max": 29.829925537109375, "mean": 8.887819303488861}, "test_regrid": {"min": -57.4815673828125, "max": 29.829925537109375, "mean": 8.887819303488861, "std": 18.400505334681004}, "diff": {"min": -2.35382080078125, "max": 1.74005126953125, "mean": -0.18067702165152102}, "misc": {"rmse": 0.5573246442711308, "corr": 0.9995955575763428}, "unit": "DegC"}