{"ref": {"min": -39.62382507324219, "max": 33.25726318359375, "mean": 13.09560629678164}, "ref_regrid": {"min": -39.62382507324219, "max": 33.25726318359375, "mean": 13.09560629678164, "std": 15.331936601893144}, "test": {"min": -41.46409606933594, "max": 32.59906005859375, "mean": 13.124966288555083}, "test_regrid": {"min": -41.46409606933594, "max": 32.59906005859375, "mean": 13.124966288555083, "std": 15.337986505322059}, "diff": {"min": -6.0128021240234375, "max": 6.371185302734375, "mean": 0.029359991773444692}, "misc": {"rmse": 0.8614141634332287, "corr": 0.9984241953727374}, "unit": "DegC"}