{"ref": {"min": -57.67041015625, "max": 30.52197265625, "mean": 14.869550735017755}, "ref_regrid": {"min": -57.67041015625, "max": 30.52197265625, "mean": 14.869550735017755, "std": 13.856112963504401}, "test": {"min": -58.19740295410156, "max": 30.529998779296875, "mean": 14.760701734681415}, "test_regrid": {"min": -58.19740295410156, "max": 30.529998779296875, "mean": 14.760701734681415, "std": 13.92922587766138}, "diff": {"min": -4.445648193359375, "max": 4.6352386474609375, "mean": -0.10884900033634536}, "misc": {"rmse": 0.6696885589186026, "corr": 0.9988826989866911}, "unit": "DegC"}