{"ref": {"min": -62.60395812988281, "max": 32.777252197265625, "mean": 8.352822117539002}, "ref_regrid": {"min": -62.60395812988281, "max": 32.777252197265625, "mean": 8.352822117539002, "std": 19.866605616433965}, "test": {"min": -62.82853698730469, "max": 32.67364501953125, "mean": 7.893619366840335}, "test_regrid": {"min": -62.82853698730469, "max": 32.67364501953125, "mean": 7.893619366840335, "std": 19.884130459541424}, "diff": {"min": -5.0623779296875, "max": 4.543243408203125, "mean": -0.45920275069866756}, "misc": {"rmse": 1.3396996546535669, "corr": 0.9979955696544389}, "unit": "DegC"}