{"ref": {"min": -62.60395812988281, "max": 32.777252197265625, "mean": 14.53864389303837}, "ref_regrid": {"min": -62.60395812988281, "max": 32.777252197265625, "mean": 14.53864389303837, "std": 14.78162252089264}, "test": {"min": -62.82853698730469, "max": 32.67364501953125, "mean": 14.37707146058505}, "test_regrid": {"min": -62.82853698730469, "max": 32.67364501953125, "mean": 14.37707146058505, "std": 14.857270009745262}, "diff": {"min": -5.0623779296875, "max": 4.543243408203125, "mean": -0.16157243245332278}, "misc": {"rmse": 0.7982021469955555, "corr": 0.9986219070022863}, "unit": "DegC"}