{"ref": {"min": -57.67041015625, "max": 30.52197265625, "mean": 9.794487023836389}, "ref_regrid": {"min": -57.67041015625, "max": 30.52197265625, "mean": 9.794487023836389, "std": 18.643845519227668}, "test": {"min": -58.19740295410156, "max": 30.529998779296875, "mean": 9.60584298347373}, "test_regrid": {"min": -58.19740295410156, "max": 30.529998779296875, "mean": 9.60584298347373, "std": 18.653940329304223}, "diff": {"min": -4.445648193359375, "max": 4.6352386474609375, "mean": -0.18864404036266091}, "misc": {"rmse": 1.0418842457386936, "corr": 0.9984906688677962}, "unit": "DegC"}