{"ref": {"min": -66.49856567382812, "max": 38.9742431640625, "mean": 13.911736055322509}, "ref_regrid": {"min": -66.49856567382812, "max": 38.9742431640625, "mean": 13.911736055322509, "std": 20.275716778341096}, "test": {"min": -67.809326171875, "max": 39.14202880859375, "mean": 13.786368940540713}, "test_regrid": {"min": -67.809326171875, "max": 39.14202880859375, "mean": 13.786368940540713, "std": 20.10239464157713}, "diff": {"min": -3.244293212890625, "max": 3.4076690673828125, "mean": -0.12536711478179402}, "misc": {"rmse": 0.9039959789531002, "corr": 0.9990536443372945}, "unit": "DegC"}