{"ref": {"min": -56.516143798828125, "max": 29.466827392578125, "mean": 14.681565804494738}, "ref_regrid": {"min": -56.516143798828125, "max": 29.466827392578125, "mean": 14.681565804494738, "std": 13.876092436011877}, "test": {"min": -57.4815673828125, "max": 29.829925537109375, "mean": 14.607222456696189}, "test_regrid": {"min": -57.4815673828125, "max": 29.829925537109375, "mean": 14.607222456696189, "std": 13.930540063264969}, "diff": {"min": -2.35382080078125, "max": 1.74005126953125, "mean": -0.07434334779855448}, "misc": {"rmse": 0.34112237406112483, "corr": 0.9997209719374028}, "unit": "DegC"}