{"ref": {"min": -66.49856567382812, "max": 38.9742431640625, "mean": 16.222462199700786}, "ref_regrid": {"min": -66.49856567382812, "max": 38.9742431640625, "mean": 16.222462199700786, "std": 14.303200596344174}, "test": {"min": -67.809326171875, "max": 39.14202880859375, "mean": 16.16615008538944}, "test_regrid": {"min": -67.809326171875, "max": 39.14202880859375, "mean": 16.16615008538944, "std": 14.257225541794153}, "diff": {"min": -3.244293212890625, "max": 3.4076690673828125, "mean": -0.056312114311343225}, "misc": {"rmse": 0.5719346176619433, "corr": 0.999210920150761}, "unit": "DegC"}