{"ref": {"min": -39.62382507324219, "max": 33.25726318359375, "mean": 4.214939905835989}, "ref_regrid": {"min": -39.62382507324219, "max": 33.25726318359375, "mean": 4.214939905835989, "std": 18.967366221331567}, "test": {"min": -41.46409606933594, "max": 32.59906005859375, "mean": 4.2654462499902195}, "test_regrid": {"min": -41.46409606933594, "max": 32.59906005859375, "mean": 4.2654462499902195, "std": 19.176931279637373}, "diff": {"min": -6.0128021240234375, "max": 6.1983489990234375, "mean": 0.050506344154230526}, "misc": {"rmse": 1.3760961024588234, "corr": 0.9974608326961559}, "unit": "DegC"}