{"ref": {"min": -16.509666442871094, "max": 71.67124938964844, "mean": 16.32513716730802}, "ref_regrid": {"min": -16.509666442871094, "max": 71.67124938964844, "mean": 16.32513716730802, "std": 14.682178684846773}, "test": {"min": -15.272764205932617, "max": 69.21607208251953, "mean": 16.520235844558496}, "test_regrid": {"min": -15.272764205932617, "max": 69.21607208251953, "mean": 16.520235844558496, "std": 14.274897695344325}, "diff": {"min": -11.41667366027832, "max": 11.758588790893555, "mean": 0.195098677207867}, "misc": {"rmse": 3.345500264111449, "corr": 0.9737854646352244}, "unit": "m/s"}