{"ref": {"min": -8.726387977600098, "max": 51.8912239074707, "mean": 17.201215148768817}, "ref_regrid": {"min": -8.726387977600098, "max": 51.8912239074707, "mean": 17.201215148768817, "std": 12.279286234249724}, "test": {"min": -8.279131889343262, "max": 53.052818298339844, "mean": 17.217040852130047}, "test_regrid": {"min": -8.279131889343262, "max": 53.052818298339844, "mean": 17.217040852130047, "std": 12.521003184844375}, "diff": {"min": -8.977205276489258, "max": 12.716442108154297, "mean": 0.015825703417448184}, "misc": {"rmse": 2.7257307970419933, "corr": 0.976029334465521}, "unit": "m/s"}