{"ref": {"min": -19.952281951904297, "max": 51.82991027832031, "mean": 13.506709707971469}, "ref_regrid": {"min": -19.952281951904297, "max": 51.82991027832031, "mean": 13.506709707971469, "std": 15.826758935104174}, "test": {"min": -22.35940170288086, "max": 49.256507873535156, "mean": 13.539305274925526}, "test_regrid": {"min": -22.35940170288086, "max": 49.256507873535156, "mean": 13.539305274925526, "std": 15.75194165782373}, "diff": {"min": -9.762048721313477, "max": 11.8273286819458, "mean": 0.03259556688483418}, "misc": {"rmse": 2.6153084153154396, "corr": 0.9862953909958805}, "unit": "m/s"}