{"ref": {"min": -10.89504337310791, "max": 41.965476989746094, "mean": 16.145257762212267}, "ref_regrid": {"min": -10.89504337310791, "max": 41.965476989746094, "mean": 16.145257762212267, "std": 12.85740686649445}, "test": {"min": -13.00922966003418, "max": 44.98798370361328, "mean": 16.103235190789835}, "test_regrid": {"min": -13.00922966003418, "max": 44.98798370361328, "mean": 16.103235190789835, "std": 13.315184410620677}, "diff": {"min": -9.600419998168945, "max": 10.262264251708984, "mean": -0.042022571431062694}, "misc": {"rmse": 2.649549253277181, "corr": 0.9801143836794495}, "unit": "m/s"}