{"ref": {"min": -10.30812931060791, "max": 42.388267517089844, "mean": 15.794495700861955}, "ref_regrid": {"min": -10.30812931060791, "max": 42.388267517089844, "mean": 15.794495700861955, "std": 12.081506439998206}, "test": {"min": -10.253767013549805, "max": 42.44132995605469, "mean": 15.844890492754942}, "test_regrid": {"min": -10.253767013549805, "max": 42.44132995605469, "mean": 15.844890492754942, "std": 11.999557159693317}, "diff": {"min": -4.855628967285156, "max": 5.032541275024414, "mean": 0.050394791909111336}, "misc": {"rmse": 1.370308374526187, "corr": 0.9935557191952438}, "unit": "m/s"}