{"ref": {"min": -14.030143737792969, "max": 17.374174118041992, "mean": 0.8788980627138536}, "ref_regrid": {"min": -14.030143737792969, "max": 17.374174118041992, "mean": 0.8788980627138536, "std": 7.067317605699534}, "test": {"min": -14.829442024230957, "max": 18.552486419677734, "mean": 0.8714494429352364}, "test_regrid": {"min": -14.829442024230957, "max": 18.552486419677734, "mean": 0.8714494429352364, "std": 7.495641434742944}, "diff": {"min": -5.228039741516113, "max": 6.497494220733643, "mean": -0.007476366574603302}, "misc": {"rmse": 1.5105554053011772, "corr": 0.9802074954989684}, "unit": "m/s"}