{"ref": {"min": -14.06851577758789, "max": 16.99530601501465, "mean": 1.0378519744797945}, "ref_regrid": {"min": -14.06851577758789, "max": 16.99530601501465, "mean": 1.0378519744797945, "std": 6.556531802840599}, "test": {"min": -14.566871643066406, "max": 17.204179763793945, "mean": 1.069826333617086}, "test_regrid": {"min": -14.566871643066406, "max": 17.204179763793945, "mean": 1.069826333617086, "std": 6.690798818120849}, "diff": {"min": -1.980029582977295, "max": 2.9041614532470703, "mean": 0.03192310252317209}, "misc": {"rmse": 0.6207497339947391, "corr": 0.9958265121736968}, "unit": "m/s"}