{"ref": {"min": -17.086084365844727, "max": 17.982135772705078, "mean": 1.2476996694007079}, "ref_regrid": {"min": -17.086084365844727, "max": 17.982135772705078, "mean": 1.2476996694007079, "std": 6.766370609893344}, "test": {"min": -17.88743019104004, "max": 18.54214096069336, "mean": 1.2462263226775827}, "test_regrid": {"min": -17.88743019104004, "max": 18.54214096069336, "mean": 1.2462263226775827, "std": 6.88545433986638}, "diff": {"min": -7.068483352661133, "max": 4.220555305480957, "mean": -0.001736695483924443}, "misc": {"rmse": 1.299944666643174, "corr": 0.9820198075445005}, "unit": "m/s"}