{"ref": {"min": -15.903216361999512, "max": 17.725893020629883, "mean": 1.0321036222682554}, "ref_regrid": {"min": -15.903216361999512, "max": 17.725893020629883, "mean": 1.0321036222682554, "std": 6.790343639074816}, "test": {"min": -16.106159210205078, "max": 18.332244873046875, "mean": 1.0811707549297298}, "test_regrid": {"min": -16.106159210205078, "max": 18.332244873046875, "mean": 1.0811707549297298, "std": 7.011741316946289}, "diff": {"min": -6.106083393096924, "max": 5.223272323608398, "mean": 0.048282204930293476}, "misc": {"rmse": 1.42422155887132, "corr": 0.9792384046943389}, "unit": "m/s"}