{"ref": {"min": -14.305914878845215, "max": 17.127613067626953, "mean": 1.011777072755103}, "ref_regrid": {"min": -14.305914878845215, "max": 17.127613067626953, "mean": 1.011777072755103, "std": 6.86617987003851}, "test": {"min": -15.044981956481934, "max": 18.531362533569336, "mean": 1.1016387727911312}, "test_regrid": {"min": -15.044981956481934, "max": 18.531362533569336, "mean": 1.1016387727911312, "std": 7.069619287239747}, "diff": {"min": -4.791092395782471, "max": 5.720455646514893, "mean": 0.09065978996681162}, "misc": {"rmse": 1.143168852623121, "corr": 0.9870518532487079}, "unit": "m/s"}