{"ref": {"min": 48.72671890258789, "max": 58.852943420410156, "mean": 56.52516130296534}, "ref_regrid": {"min": 48.72671890258789, "max": 58.852943420410156, "mean": 56.52516130296534, "std": 2.7300411039582198}, "test": {"min": 48.7094612121582, "max": 58.85503387451172, "mean": 56.51222285170036}, "test_regrid": {"min": 48.7094612121582, "max": 58.85503387451172, "mean": 56.51222285170036, "std": 2.7450915790610835}, "diff": {"min": -0.4921531677246094, "max": 0.29917144775390625, "mean": -0.012938451264969356}, "misc": {"rmse": 0.08794895913795754, "corr": 0.99951021539489}, "unit": "hectometer"}