{"ref": {"min": 50.4110107421875, "max": 58.836177825927734, "mean": 56.307304797676665}, "ref_regrid": {"min": 50.4110107421875, "max": 58.836177825927734, "mean": 56.307304797676665, "std": 2.779736661680737}, "test": {"min": 50.004547119140625, "max": 58.8820686340332, "mean": 56.32375598855566}, "test_regrid": {"min": 50.004547119140625, "max": 58.8820686340332, "mean": 56.32375598855566, "std": 2.833171277691465}, "diff": {"min": -1.0142593383789062, "max": 0.8747100830078125, "mean": 0.01645119087899276}, "misc": {"rmse": 0.22526715852148438, "corr": 0.9969767266931282}, "unit": "hectometer"}