{"ref": {"min": 47.846290588378906, "max": 59.159751892089844, "mean": 56.79195237796596}, "ref_regrid": {"min": 47.846290588378906, "max": 59.159751892089844, "mean": 56.79195237796596, "std": 2.810992494597994}, "test": {"min": 47.93890380859375, "max": 59.17839050292969, "mean": 56.7778774184911}, "test_regrid": {"min": 47.93890380859375, "max": 59.17839050292969, "mean": 56.7778774184911, "std": 2.7958501429912173}, "diff": {"min": -0.8240699768066406, "max": 0.9547233581542969, "mean": -0.014074959474862413}, "misc": {"rmse": 0.19384718380203217, "corr": 0.9976365442003376}, "unit": "hectometer"}