{"ref": {"min": 48.528846740722656, "max": 58.90888595581055, "mean": 56.47353095446155}, "ref_regrid": {"min": 48.528846740722656, "max": 58.90888595581055, "mean": 56.47353095446155, "std": 2.7911027220023983}, "test": {"min": 48.255653381347656, "max": 58.83135223388672, "mean": 56.43342033029112}, "test_regrid": {"min": 48.255653381347656, "max": 58.83135223388672, "mean": 56.43342033029112, "std": 2.810399795434134}, "diff": {"min": -0.733734130859375, "max": 0.9503860473632812, "mean": -0.04011062417041664}, "misc": {"rmse": 0.205736414669763, "corr": 0.9974282479899373}, "unit": "hectometer"}