{"ref": {"min": 48.04763412475586, "max": 58.965370178222656, "mean": 56.527290455984776}, "ref_regrid": {"min": 48.04763412475586, "max": 58.965370178222656, "mean": 56.527290455984776, "std": 2.865231384665104}, "test": {"min": 48.11803436279297, "max": 59.0045051574707, "mean": 56.51354926331273}, "test_regrid": {"min": 48.11803436279297, "max": 59.0045051574707, "mean": 56.51354926331273, "std": 2.8869398088060985}, "diff": {"min": -0.8530464172363281, "max": 0.776824951171875, "mean": -0.013741192672038459}, "misc": {"rmse": 0.19281373781371142, "corr": 0.9977926643174845}, "unit": "hectometer"}