{"ref": {"min": 2.204317808151245, "max": 90.87838745117188, "mean": 48.12869493942376}, "ref_regrid": {"min": 2.204317808151245, "max": 90.87838745117188, "mean": 48.12869493942376, "std": 19.629905919955913}, "test": {"min": 0.42688608169555664, "max": 93.19296264648438, "mean": 49.244606171414716}, "test_regrid": {"min": 0.42688608169555664, "max": 93.19296264648438, "mean": 49.244606171414716, "std": 21.433423768406275}, "diff": {"min": -64.06053924560547, "max": 56.37260055541992, "mean": 1.115911231312543}, "misc": {"rmse": 12.034189767836045, "corr": 0.833240133498323}, "unit": "%"}