{"ref": {"min": 0.0, "max": 52.37306213378906, "mean": 14.67110809073181}, "ref_regrid": {"min": 0.0, "max": 52.37306213378906, "mean": 14.67110809073181, "std": 8.602073682127353}, "test": {"min": 0.0, "max": 100.0, "mean": 18.897660007527165}, "test_regrid": {"min": 0.0, "max": 100.0, "mean": 18.897660007527165, "std": 11.146445414185015}, "diff": {"min": -36.66541290283203, "max": 62.43902587890625, "mean": 4.095847694413522}, "misc": {"rmse": 8.345400574157452, "corr": 0.7447532230010632}, "unit": "%"}