{"ref": {"min": 0.0, "max": 59.82526779174805, "mean": 25.206811803923074}, "ref_regrid": {"min": 0.0, "max": 59.82526779174805, "mean": 25.206811803923074, "std": 8.753897244245056}, "test": {"min": 0.0, "max": 100.0, "mean": 24.197060585554798}, "test_regrid": {"min": 0.0, "max": 100.0, "mean": 24.197060585554798, "std": 10.146869088927037}, "diff": {"min": -39.0859489440918, "max": 64.22738647460938, "mean": -1.0695352029069887}, "misc": {"rmse": 8.834382800397936, "corr": 0.5622369982424822}, "unit": "%"}