{"ref": {"min": 1.426271915435791, "max": 93.72136688232422, "mean": 49.13564334048006}, "ref_regrid": {"min": 1.426271915435791, "max": 93.72136688232422, "mean": 49.13564334048006, "std": 21.089529361459423}, "test": {"min": 0.0, "max": 100.00000762939453, "mean": 49.70622563561943}, "test_regrid": {"min": 0.0, "max": 100.00000762939453, "mean": 49.70622563561943, "std": 22.88943790869884}, "diff": {"min": -62.555213928222656, "max": 65.66149139404297, "mean": 0.6199246858377582}, "misc": {"rmse": 13.433335526020862, "corr": 0.8155846948689771}, "unit": "%"}