{"ref": {"min": 0.21097321808338165, "max": 83.17084503173828, "mean": 27.170988810056574}, "ref_regrid": {"min": 0.21097321808338165, "max": 83.17084503173828, "mean": 27.170988810056574, "std": 18.236097906028373}, "test": {"min": 0.4184189736843109, "max": 85.25940704345703, "mean": 33.57810093242399}, "test_regrid": {"min": 0.4184189736843109, "max": 85.25940704345703, "mean": 33.57810093242399, "std": 19.8322022842966}, "diff": {"min": -63.21096420288086, "max": 54.86918640136719, "mean": 6.407112121202279}, "misc": {"rmse": 12.419626785017147, "corr": 0.8470277531860455}, "unit": "%"}