{"ref": {"min": 0.04276439547538757, "max": 55.45106887817383, "mean": 12.931343114308161}, "ref_regrid": {"min": 0.04276439547538757, "max": 55.45106887817383, "mean": 12.931343114308161, "std": 10.988375926578168}, "test": {"min": 0.0, "max": 64.13444519042969, "mean": 15.388723811257824}, "test_regrid": {"min": 0.0, "max": 64.13444519042969, "mean": 15.388723811257824, "std": 12.026107937116794}, "diff": {"min": -40.91084289550781, "max": 38.88920211791992, "mean": 2.4573806972546595}, "misc": {"rmse": 7.265637142350803, "corr": 0.8271858654015449}, "unit": "%"}