{"ref": {"min": 0.05041278153657913, "max": 90.05204010009766, "mean": 28.028164174157975}, "ref_regrid": {"min": 0.05041278153657913, "max": 90.05204010009766, "mean": 28.028164174157975, "std": 19.235935666491322}, "test": {"min": 0.0, "max": 100.00000762939453, "mean": 35.05500727659154}, "test_regrid": {"min": 0.0, "max": 100.00000762939453, "mean": 35.05500727659154, "std": 21.36955053835717}, "diff": {"min": -60.91813278198242, "max": 67.03617095947266, "mean": 6.881600482950692}, "misc": {"rmse": 13.6156737477396, "corr": 0.8356054742007898}, "unit": "%"}