{"ref": {"min": 0.0, "max": 100.0, "mean": 24.401681153392804}, "ref_regrid": {"min": 0.0, "max": 100.0, "mean": 24.401681153392804, "std": 10.252507139801768}, "test": {"min": 0.0, "max": 88.88888549804688, "mean": 23.738190954907704}, "test_regrid": {"min": 0.0, "max": 88.88888549804688, "mean": 23.738190954907704, "std": 11.295280768719563}, "diff": {"min": -80.54373168945312, "max": 39.22654342651367, "mean": -0.5130521509084479}, "misc": {"rmse": 10.173376250156352, "corr": 0.5489301559459497}, "unit": "%"}