{"ref": {"min": 1.5510759353637695, "max": 54.568870544433594, "mean": 24.60607534936022}, "ref_regrid": {"min": 1.5510759353637695, "max": 54.568870544433594, "mean": 24.60607534936022, "std": 8.202849808687825}, "test": {"min": 0.42134609818458557, "max": 49.48883056640625, "mean": 24.045893350366914}, "test_regrid": {"min": 0.42134609818458557, "max": 49.48883056640625, "mean": 24.045893350366914, "std": 9.074035955130503}, "diff": {"min": -34.99924087524414, "max": 37.54241180419922, "mean": -0.5601819991416441}, "misc": {"rmse": 7.2460470920201425, "corr": 0.6545049845076075}, "unit": "%"}