{"ref": {"min": 0.0, "max": 100.0, "mean": 14.20744556070217}, "ref_regrid": {"min": 0.0, "max": 100.0, "mean": 14.20744556070217, "std": 9.371824461527234}, "test": {"min": 0.0, "max": 77.77942657470703, "mean": 17.579321514888136}, "test_regrid": {"min": 0.0, "max": 77.77942657470703, "mean": 17.579321514888136, "std": 12.512265753326494}, "diff": {"min": -86.03886413574219, "max": 45.26435089111328, "mean": 3.473778917488126}, "misc": {"rmse": 10.049223431216756, "corr": 0.6585037657550843}, "unit": "%"}