{"ref": {"min": 0.0, "max": 100.0, "mean": 12.335081241926027}, "ref_regrid": {"min": 0.0, "max": 100.0, "mean": 12.335081241926027, "std": 10.896344476912985}, "test": {"min": 0.0, "max": 78.96723175048828, "mean": 14.455619593783318}, "test_regrid": {"min": 0.0, "max": 78.96723175048828, "mean": 14.455619593783318, "std": 13.67121382705888}, "diff": {"min": -100.0, "max": 51.68871307373047, "mean": 2.3533823582178957}, "misc": {"rmse": 9.87306113196916, "corr": 0.717600979921676}, "unit": "%"}