{"ref": {"min": 0.0, "max": 75.63064575195312, "mean": 23.928831541623598}, "ref_regrid": {"min": 0.0, "max": 75.63064575195312, "mean": 23.928831541623598, "std": 15.239712225186173}, "test": {"min": 0.0, "max": 100.0, "mean": 25.50916503515724}, "test_regrid": {"min": 0.0, "max": 100.0, "mean": 25.50916503515724, "std": 17.46165994783083}, "diff": {"min": -50.9398307800293, "max": 60.88438415527344, "mean": 1.6894598704069326}, "misc": {"rmse": 9.862593815395092, "corr": 0.8303871420431012}, "unit": "%"}