{"ref": {"min": 0.0, "max": 100.0, "mean": 47.8051520486991}, "ref_regrid": {"min": 0.0, "max": 100.0, "mean": 47.8051520486991, "std": 22.77173301626038}, "test": {"min": 0.0, "max": 100.0, "mean": 48.52780184146081}, "test_regrid": {"min": 0.0, "max": 100.0, "mean": 48.52780184146081, "std": 24.36332229294406}, "diff": {"min": -93.5998764038086, "max": 59.2950325012207, "mean": 1.2476112736274698}, "misc": {"rmse": 16.634278284894194, "corr": 0.7507698243038757}, "unit": "%"}