{"ref": {"min": 0.0, "max": 100.0, "mean": 26.542526799395166}, "ref_regrid": {"min": 0.0, "max": 100.0, "mean": 26.542526799395166, "std": 19.11661359804182}, "test": {"min": 0.0, "max": 89.27377319335938, "mean": 32.034941107610706}, "test_regrid": {"min": 0.0, "max": 89.27377319335938, "mean": 32.034941107610706, "std": 22.17782697456784}, "diff": {"min": -95.46503448486328, "max": 58.40641784667969, "mean": 5.827161278997543}, "misc": {"rmse": 15.956518360485012, "corr": 0.7496680555374519}, "unit": "%"}