{"ref": {"min": 0.0, "max": 64.57717895507812, "mean": 13.357056087997508}, "ref_regrid": {"min": 0.0, "max": 64.57717895507812, "mean": 13.357056087997508, "std": 12.316891456167264}, "test": {"min": 0.0, "max": 100.0, "mean": 16.157347269405093}, "test_regrid": {"min": 0.0, "max": 100.0, "mean": 16.157347269405093, "std": 14.02544995533136}, "diff": {"min": -42.33750915527344, "max": 54.76224136352539, "mean": 2.785752787793862}, "misc": {"rmse": 9.10966322028497, "corr": 0.7878657487906093}, "unit": "%"}