{"ref": {"min": 0.5641928911209106, "max": 66.04097747802734, "mean": 23.522619615361645}, "ref_regrid": {"min": 0.5641928911209106, "max": 66.04097747802734, "mean": 23.522619615361645, "std": 13.484161071658328}, "test": {"min": 0.0, "max": 76.15958404541016, "mean": 25.198712838296405}, "test_regrid": {"min": 0.0, "max": 76.15958404541016, "mean": 25.198712838296405, "std": 15.383381870045639}, "diff": {"min": -41.33879852294922, "max": 41.66070556640625, "mean": 1.67609322248514}, "misc": {"rmse": 7.952917101095783, "corr": 0.8630091731984737}, "unit": "%"}