{"ref": {"min": 0.1545563042163849, "max": 39.47356414794922, "mean": 14.239645694979789}, "ref_regrid": {"min": 0.1545563042163849, "max": 39.47356414794922, "mean": 14.239645694979789, "std": 8.324034630551486}, "test": {"min": 0.25712767243385315, "max": 46.17441940307617, "mean": 18.189377129422127}, "test_regrid": {"min": 0.25712767243385315, "max": 46.17441940307617, "mean": 18.189377129422127, "std": 10.253639103661687}, "diff": {"min": -28.716514587402344, "max": 33.83461380004883, "mean": 3.9497314338167815}, "misc": {"rmse": 7.407416148419243, "corr": 0.7917669826605367}, "unit": "%"}