{"ref": {"min": 0.0, "max": 100.0, "mean": 23.403470906253652}, "ref_regrid": {"min": 0.0, "max": 100.0, "mean": 23.403470906253652, "std": 14.738450625969978}, "test": {"min": 0.0, "max": 89.7497329711914, "mean": 24.78961090243337}, "test_regrid": {"min": 0.0, "max": 89.7497329711914, "mean": 24.78961090243337, "std": 18.12595723876241}, "diff": {"min": -99.49935913085938, "max": 60.54417419433594, "mean": 1.7606634285062939}, "misc": {"rmse": 12.252518206627418, "corr": 0.7443960495509275}, "unit": "%"}