{"ref": {"min": -5.267058501106338, "max": 11.719722336228356, "mean": -0.1320639437337819}, "ref_regrid": {"min": -5.267058501106338, "max": 11.719722336228356, "mean": -0.1320639437337819, "std": 2.166480640248757}, "test": {"min": -7.197878360748291, "max": 13.851078033447266, "mean": 0.005057495541345378}, "test_regrid": {"min": -6.606586456298828, "max": 11.435108184814453, "mean": 0.005123472306877375, "std": 2.275344133377075}, "diff": {"min": -7.374628354738229, "max": 8.333509455415037, "mean": -0.1293140549985694}, "misc": {"rmse": 1.3270500825206342, "corr": 0.8549505291827222}, "unit": "mm/day"}