{"ref": {"min": -6.891448077857596, "max": 21.14400685886082, "mean": -0.17660315275871397}, "ref_regrid": {"min": -6.891448077857596, "max": 21.14400685886082, "mean": -0.17660315275871397, "std": 2.885351259468863}, "test": {"min": -11.014734268188477, "max": 26.329832077026367, "mean": -0.013186975077954627}, "test_regrid": {"min": -8.745833396911621, "max": 17.96042251586914, "mean": -0.013118443079292774, "std": 3.3089396953582764}, "diff": {"min": -10.484980712925761, "max": 12.502088987697586, "mean": -0.023681184621448276}, "misc": {"rmse": 2.060794123735167, "corr": 0.8376142867143199}, "unit": "mm/day"}