{"ref": {"min": -7.929220746919895, "max": 11.445462794974327, "mean": -0.1834692101698592}, "ref_regrid": {"min": -7.929220746919895, "max": 11.445462794974327, "mean": -0.1834692101698592, "std": 2.5512167246088}, "test": {"min": -8.317103385925293, "max": 25.327123641967773, "mean": 0.021614762910735958}, "test_regrid": {"min": -7.24468994140625, "max": 18.24107551574707, "mean": 0.021677831187844276, "std": 2.8863964080810547}, "diff": {"min": -8.267535539343834, "max": 13.493300188355011, "mean": -0.1930627257340757}, "misc": {"rmse": 1.7792031739714962, "corr": 0.8285233599116297}, "unit": "mm/day"}