{"ref": {"min": -1.7143093347549438, "max": 29.63583755493164, "mean": 18.646804809570312}, "ref_regrid": {"min": -0.08583305776119232, "max": 29.63583755493164, "mean": 20.31502627550588, "std": 8.153520800308609}, "test": {"min": -0.828643798828125, "max": 30.345916748046875, "mean": 19.977383546804987}, "test_regrid": {"min": -0.828643798828125, "max": 30.345916748046875, "mean": 19.977383546804987, "std": 8.402143070816308}, "diff": {"min": -7.95451545715332, "max": 6.500515937805176, "mean": -0.33764272867985323}, "misc": {"rmse": 1.1773645464196667, "corr": 0.9911660796579771}, "unit": "degC"}