{"ref": {"min": -1.793372392654419, "max": 30.344640731811523, "mean": 18.959123611450195}, "ref_regrid": {"min": -0.5865148305892944, "max": 30.232379913330078, "mean": 19.867678554202563, "std": 8.564470824909021}, "test": {"min": -0.866851806640625, "max": 30.416900634765625, "mean": 19.529627601530585}, "test_regrid": {"min": -0.866851806640625, "max": 30.416900634765625, "mean": 19.529627601530585, "std": 8.79413085669823}, "diff": {"min": -7.13253116607666, "max": 9.497455596923828, "mean": -0.33805095268049257}, "misc": {"rmse": 1.0823410846501396, "corr": 0.9933319237787777}, "unit": "degC"}