{"ref": {"min": -1.6237391233444214, "max": 32.17977523803711, "mean": 19.26517677307129}, "ref_regrid": {"min": -0.8982109427452087, "max": 32.0364875793457, "mean": 20.072262236212357, "std": 8.39796724402285}, "test": {"min": -1.609100341796875, "max": 30.9329833984375, "mean": 19.720233043637673}, "test_regrid": {"min": -1.609100341796875, "max": 30.9329833984375, "mean": 19.720233043637673, "std": 8.72614628224537}, "diff": {"min": -9.146993637084961, "max": 5.451225280761719, "mean": -0.35202919258966214}, "misc": {"rmse": 1.4049520984598522, "corr": 0.9881125856973915}, "unit": "degC"}